"license_number","business_name","business_licenses","license_type","license_expired","effective_date","expiration_date","inactive_date","sos_registration_number","physical_address","county","tier","canopy_type","endorsement"
"010-1002015CA5E","Chemhistory","CHEMHISTORY LLC/ ALEX HOGGAN","LABORATORY","No","2025-10-04","2026-10-03",,,"5691 SE INTERNATIONAL WAY STE C MILWAUKIE OR  97222-4644","Clackamas",,,
"010-10219583711","PREE-NORTH","PREE LABORATORIES LLC","LABORATORY","Yes","2024-08-03","2025-08-02",,,"14625 SE 82ND DR CLACKAMAS OR  97015-9661","Clackamas",,,
"020-10000347E97","Sow Canna","SOW CANNA LLC","RECREATIONAL PRODUCER","No","2026-05-26","2027-05-25",,,"Exempt from Public Disclosure","Josephine","Tier I","Mixed",
"020-10001223B25","Fire Creek Farms","FIRE CREEK FARMS LLC.","RECREATIONAL PRODUCER","No","2026-06-28","2027-06-27",,,"Exempt from Public Disclosure","Benton","Tier II","Outdoor",
"020-10001818A8B","Green Cross Specialties","GXO, INCORPORATED","RECREATIONAL PRODUCER","Yes","2024-04-18","2024-07-31",,,"Exempt from Public Disclosure","Deschutes","Tier II","Indoor",
"020-10002","Remix","REMIX LLC","RECREATIONAL PRODUCER","No","2026-02-08","2027-02-07",,,"Exempt from Public Disclosure","Jackson","Tier II","Outdoor",
"010-1002015CA5E","Chemhistory","CHEMHISTORY LLC/ ALEX HOGGAN","LABORATORY","No","2026-10-04","2027-10-03",,,"5691 SE INTERNATIONAL WAY STE C MILWAUKIE OR  97222-4644","Clackamas",,,
"020-10002627DC7","Laird Family Farms LLC","LAIRD FAMILY FARMS LLC","RECREATIONAL PRODUCER","Yes","2026-02-09","2026-08-31","2026-02-09",,"Exempt from Public Disclosure","Washington","Micro Tier I","Indoor",
"010-100536507C4","3B Analytical","3B ANALYTICAL, LLC","LABORATORY","No","2025-10-31","2026-10-30",,,"8700 SW BARBUR CT STE KL PORTLAND OR  97219-4075","Multnomah",,,
"020-1000282043E","Pintail ","CULLY INDUSTRIES, INC","RECREATIONAL PRODUCER","Yes","2025-06-24","2026-06-05","2025-06-24",,"Exempt from Public Disclosure","Multnomah","Tier I","Indoor",
"010-101717260F9","Deibel BioScience of Oregon, LLC ","DEIBEL BIOSCIENCE OF OREGON, LLC","LABORATORY","Yes","2023-07-29","2024-07-28",,,"1685 TUCKER RD HOOD RIVER OR  97031-9681","Hood River",,,
"010-1002112892C","Rose City Labs","ROSE CITY LABORATORIES LLC","LABORATORY","No","2025-12-16","2026-12-15",,,"7200 SE JOHNSON CREEK BLVD PORTLAND OR  97206-9332","Multnomah",,,
"010-1003224D558","Columbia Laboratories, Inc","COLUMBIA LABORATORIES INC.","LABORATORY","No","2026-08-26","2027-08-25",,,"12423 NE WHITAKER WAY PORTLAND OR  97230-1103","Multnomah",,,
"010-10156338460","Professional Testing Labs","PROFESSIONAL TESTING LABS, INC.","LABORATORY","Yes","2023-06-22","2024-06-21",,,"4918 CRATER LAKE AVE MEDFORD OR  97504-9748","Jackson",,,
"010-101599328A3","Pinnacle Analytics","PINNACLE ANALYTICS LLC","LABORATORY","No","2026-08-04","2027-08-03",,,"613 MARKET ST STE 101, MEDFORD OR  97504-6125","Jackson",,,
"020-10000518290","Pacific Coast Partners, LLC","PACIFIC COAST PARTNERS, LLC","RECREATIONAL PRODUCER","No","2026-01-08","2026-09-03",,,"Exempt from Public Disclosure","Lane","Tier II","Indoor",
"010-10029074C70","Green Leaf Lab","GREEN LEAF LAB LLC","LABORATORY","Yes","2024-08-26","2025-08-25",,,"12025 NE MARX ST PORTLAND OR  97220-9013","Multnomah",,,
"010-1018619A26E","SC Labs","SC LABORATORIES OREGON LLC","LABORATORY","No","2026-02-15","2027-02-14",,,"15865 SW 74TH AVE STE 110, TIGARD OR  97224-6133","Washington",,,
"010-1003340D344","2 River Labs Oregon","LIGHTSCALE, INC.","LABORATORY","No","2026-01-12","2027-01-29",,,"2535 N ROSS AVE PORTLAND OR  97227-2106","Multnomah",,,
"020-1000310A051","Mountain Sun Botanicals","MOUNTAIN SUN BOTANICALS INC.","RECREATIONAL PRODUCER","No","2026-06-03","2027-06-02",,,"Exempt from Public Disclosure","Jackson","Tier II","Mixed",
"010-10087092BDA","PREE ","PREE LABORATORIES LLC","LABORATORY","Yes","2025-06-10","2025-09-27",,,"545 SW 2ND ST STE 202, CORVALLIS OR  97333-4920","Benton",,,
"020-1000131F8D2","Aroma","CANBY GROWING FARMS, INC.","RECREATIONAL PRODUCER","Yes","2024-03-27","2024-06-27","2024-06-27",,"Exempt from Public Disclosure","Clackamas","Tier II","Indoor",
"020-10000792689","Northwest Botanica","NORTHWEST BOTANICA LLC","RECREATIONAL PRODUCER","No","2026-08-15","2027-08-14",,,"Exempt from Public Disclosure","Washington","Tier I","Indoor",
"020-10003750F53","DogHouse","PTR INVESTMENTS, INC.","RECREATIONAL PRODUCER","Yes","2024-10-18","2025-01-26","2024-10-25",,"Exempt from Public Disclosure","Marion","Tier I","Indoor",
"020-100003225DA","TKO Reserve","TKO HOLDINGS INC.","RECREATIONAL PRODUCER","No","2026-06-02","2027-06-01",,,"Exempt from Public Disclosure","Jackson","Tier II","Outdoor",
"020-1000156AA26","Night Owl Nursery","NIGHT OWL NURSERY LLC","RECREATIONAL PRODUCER","Yes","2025-01-15","2025-05-18","2025-01-15",,"Exempt from Public Disclosure","Washington","Tier II","Indoor",
"020-100018239CD","One Family Farms","ONE FAMILY FARMS","RECREATIONAL PRODUCER","No","2025-08-29","2026-08-28",,,"Exempt from Public Disclosure","Jackson","Tier II","Outdoor",
"020-1000435E8C8","Frontier Farms","FRONTIER FARMS LLC","RECREATIONAL PRODUCER","No","2026-04-26","2027-04-25",,,"Exempt from Public Disclosure","Hood River","Tier II","Indoor",
"020-1000140D286","Bosmere Farms, Inc.","BOSMERE FARMS, INC.","RECREATIONAL PRODUCER","Yes","2024-09-25","2024-09-27","2024-09-25",,"Exempt from Public Disclosure","Josephine","Tier II","Outdoor",
"020-1000193BA66","High Noon Cultivation","HIGH NOON FARM LLC","RECREATIONAL PRODUCER","No","2025-08-26","2026-08-25",,,"Exempt from Public Disclosure","Clackamas","Tier II","Mixed",
"020-1000191DF61","Applegate Gold, LLC","APPLEGATE GOLD, LLC","RECREATIONAL PRODUCER","Yes","2026-01-07","2026-06-08","2026-01-07",,"Exempt from Public Disclosure","Jackson","Tier II","Outdoor",
"020-10005453F9C","Pistil Pioneers","PISTIL PIONEERS","RECREATIONAL PRODUCER","No","2025-12-28","2026-12-27",,,"Exempt from Public Disclosure","Lane","Tier II","Outdoor",
"020-10002115500","Dicot Farms","DICOT DERBY FARMS LLC","RECREATIONAL PRODUCER","No","2026-07-08","2026-06-15",,,"Exempt from Public Disclosure","Josephine","Tier II","Mixed",
"020-1000380DDC5","Be-1 Enterprises North West Inc.","BE-1 ENTERPRISES NORTH WEST INC.","RECREATIONAL PRODUCER","Yes","2025-11-24","2026-08-08","2025-11-24",,"Exempt from Public Disclosure","Multnomah","Micro Tier II","Indoor",
"020-10003224875","Seed Soil Sun","SEED SOIL SUN, LLC","RECREATIONAL PRODUCER","Yes","2026-05-28","2026-06-02","2026-05-28",,"Exempt from Public Disclosure","Jackson","Micro Tier I","Outdoor",
"020-10006","Boom Boom Farms LLC","BOOM BOOM FARMS, LLC","RECREATIONAL PRODUCER","No","2026-08-10","2027-02-07",,,"Exempt from Public Disclosure","Jackson","Tier II","Outdoor",
"020-1000361F298","Evan's Creek Farms","EVAN'S CREEK LLC","RECREATIONAL PRODUCER","No","2025-12-20","2026-12-19",,,"Exempt from Public Disclosure","Hood River","Micro Tier II","Indoor",
"020-100047272F2","Madrone Alpha","180 PRODUCER LLC","RECREATIONAL PRODUCER","Yes","2025-12-30","2026-06-14",,,"Exempt from Public Disclosure","Josephine","Tier I","Indoor",
"020-1000576AAAC","7 points oregon","7 POINTS INC","RECREATIONAL PRODUCER","Yes","2024-10-17","2024-12-14","2024-10-24",,"Exempt from Public Disclosure","Multnomah","Tier I","Indoor",
"020-1000470C581","Mellow Leaf Farms","GROWERS GUILD FARM CORP","RECREATIONAL PRODUCER","Yes","2025-02-03","2025-08-25","2025-02-03",,"Exempt from Public Disclosure","Lane","Tier II","Mixed",
"020-1000634CFB2","Workingman's Bud","WORKINGMAN'S BUD LLC","RECREATIONAL PRODUCER","No","2025-08-23","2026-08-22",,,"Exempt from Public Disclosure","Clackamas","Micro Tier I","Indoor",
"010-10172269268","Green Leaf Lab LLC","GREEN LEAF LAB LLC","SAMPLING LABORATORY","Yes","2025-01-18","2026-01-17",,,"Exempt from Public Disclosure","Jackson",,,
"020-10005967B0E","Cooper Mountain Gardens","PROFITABLE ENTERPRISES, L.L.C.","RECREATIONAL PRODUCER","No","2026-06-15","2027-06-14",,,"Exempt from Public Disclosure","Washington","Micro Tier I","Indoor",
"020-10005776262","Grass Roots Nursery","GRASS ROOTS NURSERY LLC","RECREATIONAL PRODUCER","No","2026-05-06","2027-05-05",,,"Exempt from Public Disclosure","Jackson","Tier II","Mixed",
"020-10008983FEC","Green Bull Farms 724","INNOVATIVE CONCEPTS WORLDWIDE INC","RECREATIONAL PRODUCER","No","2026-07-20","2027-07-19",,,"Exempt from Public Disclosure","Jackson","Tier II","Outdoor",
"010-10233216933","Britebox Labs","BRITEBOX LABS, INC.","LABORATORY","No","2026-04-05","2027-04-04",,,"20756 HIGH DESERT CT STE 6, BEND OR  97701-8767","Deschutes",,,
"020-10006296796","LUVLI","INDOOR CULTIVATION SYSTEMS LLC","RECREATIONAL PRODUCER","No","2025-12-19","2026-12-18",,,"Exempt from Public Disclosure","Multnomah","Tier I","Indoor",
"020-1000798B8B8","MariCo Farms ","KIT JOHNSTON","RECREATIONAL PRODUCER","No","2026-05-20","2027-05-19",,,"Exempt from Public Disclosure","Yamhill","Tier II","Mixed",
"020-1000058BDFD","High Latitude Farms","HIGH LATITUDE FARMS LLC","RECREATIONAL PRODUCER","No","2025-11-21","2026-11-20",,,"Exempt from Public Disclosure","Hood River","Tier I","Mixed",
"020-10004312ECD","Cascade Valley Cannabis","GRASSHOPPER FARM, LLC","RECREATIONAL PRODUCER","No","2025-06-23","2026-06-22",,,"Exempt from Public Disclosure","Benton","Tier II","Outdoor",
"020-10000296094","Bula Farms, LLC","BULA FARMS, LLC","RECREATIONAL PRODUCER","No","2026-01-12","2027-01-11",,,"Exempt from Public Disclosure","Hood River","Tier II","Mixed",
"020-10008","Boom Boom Farms LLC","BOOM BOOM FARMS, LLC","RECREATIONAL PRODUCER","No","2026-08-10","2027-02-07",,,"Exempt from Public Disclosure","Jackson","Tier II","Outdoor",
"020-100010499D8","sofresh farms","SOLAR FRESH, LLC","RECREATIONAL PRODUCER","No","2026-08-01","2027-07-31",,,"Exempt from Public Disclosure","Clackamas","Tier II","Mixed",
"020-1000619DB55","Sky High Farms","TIM AND TOBIN'S FARM COMPANY","RECREATIONAL PRODUCER","No","2025-11-02","2026-11-01",,,"Exempt from Public Disclosure","Multnomah","Tier I","Indoor",
"010-10076340B22","Reference Labs LLC","REFERENCE LABS LLC","LABORATORY","No","2025-12-22","2026-12-21",,,"11654 SW PACIFIC HWY STE 12A, TIGARD OR  97223-8600","Washington",,,
"020-1000938E0EE","Hedgpeth Farms LLC","HEDGPETH FARMS LLC","RECREATIONAL PRODUCER","No","2026-06-09","2027-06-08",,,"Exempt from Public Disclosure","Jackson","Micro Tier II","Outdoor","Micro-Tier Processing Producer"
"020-10008292F65","Alright Acres","SCOTT ATHERTON","RECREATIONAL PRODUCER","No","2026-05-22","2027-05-21",,,"Exempt from Public Disclosure","Clackamas","Micro Tier I","Indoor",
"020-1000625AE80","Wicked Kind","DOS SANTOS INC.","RECREATIONAL PRODUCER","No","2026-03-02","2027-03-01",,,"Exempt from Public Disclosure","Multnomah","Tier I","Indoor",
"020-10000876283","High Productions LLC","HIGH PRODUCTIONS LLC","RECREATIONAL PRODUCER","No","2026-03-29","2027-03-28",,,"Exempt from Public Disclosure","Clackamas","Tier II","Indoor",
"020-1000956F4BF","Thunder Farms","THUNDER FARMS CORP","RECREATIONAL PRODUCER","No","2026-02-06","2027-02-05",,,"Exempt from Public Disclosure","Multnomah","Tier I","Indoor",
"020-10008852B8D","Portland High Standards, Inc.","PORTLAND HIGH STANDARDS, INC","RECREATIONAL PRODUCER","No","2026-02-08","2027-02-07",,,"Exempt from Public Disclosure","Clackamas","Tier II","Indoor",
"020-10010525940","Wildflowers Cultivation ","AUSTIN LINN HINKLE","RECREATIONAL PRODUCER","No","2026-02-01","2027-01-31",,,"Exempt from Public Disclosure","Josephine","Micro Tier I","Indoor",
"020-10008585FB8","Koru Cannabis","ANDERSON TECHNOLOGY AND SUPPLY LLC","RECREATIONAL PRODUCER","No","2026-07-14","2027-07-13",,,"Exempt from Public Disclosure","Washington","Tier II","Indoor",
"020-100011981A9","Rebel Spirit","WILVACA, LLC","RECREATIONAL PRODUCER","No","2026-07-09","2027-05-25",,,"Exempt from Public Disclosure","Lane","Tier II","Mixed",
"020-10010495C5F","Green Choice Farms","GREEN CHOICE FARMS LLC","RECREATIONAL PRODUCER","Yes","2025-08-18","2026-06-02","2025-08-18",,"Exempt from Public Disclosure","Clackamas","Micro Tier I","Mixed",
"020-1001124042C","Apollo Grown Inc.","APOLLO GROWN INC.","RECREATIONAL PRODUCER","Yes","2025-02-27","2025-08-06","2025-02-27",,"Exempt from Public Disclosure","Benton","Tier II","Mixed",
"020-1000899A53D","Green Bull Farms","INNOVATIVE CONCEPTS WORLDWIDE INC","RECREATIONAL PRODUCER","No","2026-06-12","2027-06-11",,,"Exempt from Public Disclosure","Jackson","Tier II","Outdoor",
"020-1000141D7D2","Bull Run Craft Cannabis","PWCC, LLC","RECREATIONAL PRODUCER","Yes","2025-11-27","2026-06-22","2025-11-27",,"Exempt from Public Disclosure","Clackamas","Tier II","Indoor",
"020-100105904E2","Atlas Collective, LLC","ATLAS COLLECTIVE, LLC","RECREATIONAL PRODUCER","No","2025-07-19","2026-07-18",,,"Exempt from Public Disclosure","Jackson","Tier II","Outdoor",
"020-1001147B893","Arnow Browne","ARNOW BROWNE LLC","RECREATIONAL PRODUCER","No","2025-09-30","2026-09-29",,,"Exempt from Public Disclosure","Multnomah","Tier I","Indoor",
"020-1000948748D","Hazy Valley Horticulture","OGX, LLC","RECREATIONAL PRODUCER","No","2026-06-08","2027-01-04",,,"Exempt from Public Disclosure","Lane","Tier I","Indoor",
"020-10002126E3D","Repleo Farms","REPLEO, INC","RECREATIONAL PRODUCER","Yes","2026-01-28","2026-02-05","2026-01-28",,"Exempt from Public Disclosure","Washington","Tier I","Indoor",
"020-10011670CB7","West Coast Farms","WEST COAST FARMS, LLC.","RECREATIONAL PRODUCER","No","2026-05-09","2027-05-08",,,"Exempt from Public Disclosure","Jackson","Tier II","Mixed",
"020-1001264ED0D","Oregon Cannabis Authority","OREGON CANNABIS AUTHORITY, LLC","RECREATIONAL PRODUCER","Yes","2024-09-27","2024-10-20","2024-09-30",,"Exempt from Public Disclosure","Lane","Micro Tier I","Indoor",
"020-1001116FB92","Hillside Herbs / Roganja / Massive Seeds","PRB FOUNDATION LLC","RECREATIONAL PRODUCER","No","2026-07-05","2027-07-04",,,"Exempt from Public Disclosure","Jackson","Tier II","Outdoor",
"020-1000492050E","Tine","OREGON BUD COMPANY LLC","RECREATIONAL PRODUCER","Yes","2025-12-23","2025-12-23",,,"Exempt from Public Disclosure","Marion","Tier II","Indoor",
"020-1001422AE4B","Eastern Oregon Business Development","EASTERN OREGON BUSINESS DEVELOPMENT, LLC","RECREATIONAL PRODUCER","No","2025-09-23","2026-09-22",,,"Exempt from Public Disclosure","Harney","Tier I","Mixed",
"020-100157052DB","CannaFlo Farms","CANNAFLO FARMS LLC","RECREATIONAL PRODUCER","No","2025-09-08","2026-09-07",,,"Exempt from Public Disclosure","Lane","Tier II","Mixed",
"020-1001370F985","Uncle Johns Farm","BTJ FARMS LLC","RECREATIONAL PRODUCER","No","2026-07-26","2027-07-25",,,"Exempt from Public Disclosure","Multnomah","Tier II","Outdoor",
"020-10007151DCD","High Clearance Grow","RIVERGLASS SHOP LLC","RECREATIONAL PRODUCER","No","2025-11-03","2026-09-05",,,"Exempt from Public Disclosure","Yamhill","Tier II","Indoor",
"020-10017917BA7","GP Farms","THE GREEN PLANET, INC.","RECREATIONAL PRODUCER","No","2026-05-15","2026-12-11",,,"Exempt from Public Disclosure","Multnomah","Tier II","Indoor",
"020-1001596D7A0","Cannabis Nation Cultivation","CBN.OPP INC","RECREATIONAL PRODUCER","No","2026-06-08","2026-11-13",,,"Exempt from Public Disclosure","Multnomah","Tier II","Indoor",
"020-1001391C10A","PRUF CULTIVAR- HECATE GARDENS","GW PRODUCTION RIVERSIDE, LLC","RECREATIONAL PRODUCER","Yes","2026-07-31","2026-12-26","2026-07-31",,"Exempt from Public Disclosure","Multnomah","Tier II","Indoor",
"020-1000794DB90","M & S Grow","SEAN ALLEN HUMMEL","RECREATIONAL PRODUCER","Yes","2024-11-14","2024-08-16","2024-11-14",,"Exempt from Public Disclosure","Lincoln","Tier I","Indoor",
"020-10018326D76","OG Gardens, LLC","OG GARDENS, LLC||OG LEASING, LLC","RECREATIONAL PRODUCER","No","2026-05-01","2027-04-30",,,"Exempt from Public Disclosure","Marion","Tier I","Indoor",
"020-1000125B4E2","Sol Cultivations INC","SOL CULTIVATIONS INC./ SOL SAP LIMITED PARTNERSHIP","RECREATIONAL PRODUCER","No","2026-07-08","2027-07-07",,,"Exempt from Public Disclosure","Jackson","Tier II","Mixed",
"020-10017353A90","TMW","TMW ENTERPRISES LLC","RECREATIONAL PRODUCER","No","2025-07-08","2026-07-07",,,"Exempt from Public Disclosure","Clackamas","Tier II","Outdoor",
"020-10012636EA8","I-5 Farms, Inc.","I-5 FARMS, INC.","RECREATIONAL PRODUCER","No","2026-06-23","2027-06-01",,,"Exempt from Public Disclosure","Jackson","Tier II","Mixed",
"020-1001402E156","Rose Bud Growers, LLC","ROSE BUD GROWERS, LLC","RECREATIONAL PRODUCER","No","2025-09-19","2026-09-18",,,"Exempt from Public Disclosure","Multnomah","Tier I","Indoor",
"020-1001938E2CC","Emerald Fields","EMERALD FIELDS, INC.","RECREATIONAL PRODUCER","No","2025-09-23","2026-09-22",,,"Exempt from Public Disclosure","Jackson","Tier II","Mixed",
"020-1001810F4B7","Midori Farms, LLC","MIDORI FARMS LLC & ERIC BIZON","RECREATIONAL PRODUCER","Yes","2025-07-11","2025-07-11","2025-07-11",,"Exempt from Public Disclosure","Clackamas","Tier I","Mixed",
"020-100140402E1","Oregon Blissful Botanicals","OREGON BLISSFUL BOTANICALS LLC","RECREATIONAL PRODUCER","No","2026-06-29","2027-06-28",,,"Exempt from Public Disclosure","Clackamas","Tier II","Outdoor",
"020-10014550116","Trichome Farms","BIG KHARMA LLC","RECREATIONAL PRODUCER","No","2026-04-12","2027-04-11",,,"Exempt from Public Disclosure","Washington","Tier I","Indoor",
"020-100199419EB","Mother Magnolia Medicinals and M3","MOTHER MAGNOLIA, INC.","RECREATIONAL PRODUCER","No","2025-09-21","2026-09-20",,,"Exempt from Public Disclosure","Lane","Tier II","Mixed",
"020-1001863397C","Saum Creek Farm  LLC","SAUM CREEK FARM LLC","RECREATIONAL PRODUCER","No","2026-02-17","2027-02-16",,,"Exempt from Public Disclosure","Washington","Tier II","Outdoor",
"020-1001546468C"," Upper Rogue Terraces","URT GARDENS LLC","RECREATIONAL PRODUCER","No","2026-06-20","2027-06-19",,,"Exempt from Public Disclosure","Jackson","Tier I","Outdoor",
"020-100154108CB","Epoch Farms","EPOCH FARMS, LLC","RECREATIONAL PRODUCER","No","2026-07-09","2026-10-17",,,"Exempt from Public Disclosure","Josephine","Tier II","Indoor",
"020-100207137EB","Skunk Valley Farm, LLC","SKUNK VALLEY FARM, LLC","RECREATIONAL PRODUCER","No","2026-08-26","2027-08-25",,,"Exempt from Public Disclosure","Clackamas","Tier II","Mixed",
"020-10019300505","Green Pinky Farms","GREEN PINKY FARMS LLC","RECREATIONAL PRODUCER","Yes","2026-06-17","2026-07-21","2026-06-17",,"Exempt from Public Disclosure","Jackson","Tier II","Outdoor",
"020-1001690F402","Resin Ranchers, Inc.","RESIN RANCHERS, INC.","RECREATIONAL PRODUCER","No","2026-02-18","2027-01-25",,,"Exempt from Public Disclosure","Multnomah","Tier I","Indoor",
"020-100158612C3","Deep Creek Gardens LLC","DEEP CREEK GARDENS","RECREATIONAL PRODUCER","No","2026-05-26","2027-05-25",,,"Exempt from Public Disclosure","Clackamas","Tier II","Mixed",
"020-10023654D83","Eugreen No-Till, LLC","EUGREEN NO-TILL","RECREATIONAL PRODUCER","No","2025-03-20","2026-03-19",,,"Exempt from Public Disclosure","Lane","Tier II","Indoor",
"020-10020239905","Hug Farms","HUG, INC","RECREATIONAL PRODUCER","No","2026-02-01","2027-01-31",,,"Exempt from Public Disclosure","Deschutes","Tier I","Indoor",
"020-1001770413E","Terra Verde","TERRA VERDE OREGON LLC","RECREATIONAL PRODUCER","No","2026-06-17","2026-09-06",,,"Exempt from Public Disclosure","Jackson","Tier II","Outdoor",
"020-10016476EEA","HG Pharms","HGP LLC","RECREATIONAL PRODUCER","Yes","2024-06-16","2025-06-15",,,"Exempt from Public Disclosure","Jackson","Tier II","Outdoor",
"020-1002447B70D","Whiskey Creek Cannabis","WCCDI, LLC","RECREATIONAL PRODUCER","No","2025-08-29","2026-08-28",,,"Exempt from Public Disclosure","Lane","Tier I","Mixed",
"020-10020614D35","Ebb & Flow","ASHLAND PRODUCTIONS LLC","RECREATIONAL PRODUCER","No","2026-08-04","2027-08-03",,,"Exempt from Public Disclosure","Jackson","Tier II","Outdoor",
"020-10017878444","Iron Cross Enterprise","RJJ, LLC AND PAULA DALE","RECREATIONAL PRODUCER","No","2026-01-19","2027-01-18",,,"Exempt from Public Disclosure","Josephine","Tier II","Outdoor","Propagation Producer"
"020-1001903B892","Green World Plantations Investments","UNITY ALLIANCE INVESTMENT LLC","RECREATIONAL PRODUCER","No","2026-08-05","2027-03-29",,,"Exempt from Public Disclosure","Clackamas","Tier II","Indoor",
"020-10016734586","M Thrive Organics LLC","M THRIVE ORGANICS LLC","RECREATIONAL PRODUCER","No","2026-08-05","2027-03-13",,,"Exempt from Public Disclosure","Wasco","Tier I","Indoor",
"020-100260706A6","Rogue Farmer ","ROGUE FARMER AT QUARTZ CREEK LLC","RECREATIONAL PRODUCER","No","2026-07-29","2027-07-28",,,"Exempt from Public Disclosure","Josephine","Tier II","Mixed",
"020-10020787AD2","54 Green Acres","VINCENT JAMES DESCHAMPS","RECREATIONAL PRODUCER","No","2026-07-08","2027-07-07",,,"Exempt from Public Disclosure","Josephine","Tier II","Outdoor",
"020-10000501BA8","High Desert Flower Inc","HIGH DESERT FLOWER, INC.","RECREATIONAL PRODUCER","No","2026-07-16","2027-05-21",,,"Exempt from Public Disclosure","Jackson","Tier II","Outdoor",
"020-10017550229","BJS A Grade","BJS A GRADE LLC","RECREATIONAL PRODUCER","No","2026-08-18","2027-08-17",,,"Exempt from Public Disclosure","Jackson","Tier II","Outdoor",
"020-10026142BC2","Decibel Farms","DECIBEL FARMS INC.","RECREATIONAL PRODUCER","No","2025-07-22","2026-07-21",,,"Exempt from Public Disclosure","Josephine","Tier II","Outdoor",
"020-1002281D780","Valor Cannabis","GOG LLC","RECREATIONAL PRODUCER","No","2026-03-09","2026-11-21",,,"Exempt from Public Disclosure","Clackamas","Micro Tier I","Indoor",
"020-1000105C1FF","Pacific Frost Farms ","BBHMB, LLC","RECREATIONAL PRODUCER","No","2025-07-10","2026-07-09",,,"Exempt from Public Disclosure","Multnomah","Tier I","Indoor",
"020-100182995B1","OG Gardens","OG PROCESSING, LLC || OG GARDENS, LLC || OG LEASING, LLC","RECREATIONAL PRODUCER","No","2026-07-02","2027-03-02",,,"Exempt from Public Disclosure","Marion","Tier II","Indoor",
"020-1002714AEEF","Grizzly Peak Farm","GRIZZLY PEAK FARM LLC","RECREATIONAL PRODUCER","Yes","2024-07-29","2024-12-29","2024-07-29",,"Exempt from Public Disclosure","Jackson","Tier II","Outdoor",
"020-10023023AAD","Fox Hollow Flora","FOX HOLLOW FLORA LLC","RECREATIONAL PRODUCER","No","2026-04-08","2027-01-31",,,"Exempt from Public Disclosure","Lane","Tier II","Mixed",
"020-1000116D319","oreKron","CAREY NIKLAS DARNELL LLC","RECREATIONAL PRODUCER","No","2026-07-20","2027-07-19",,,"Exempt from Public Disclosure","Josephine","Tier II","Outdoor","Propagation Producer"
"020-1001946446B","Cirrus Green LLC","CIRRUS GREEN LLC","RECREATIONAL PRODUCER","Yes","2024-11-12","2025-01-02","2024-11-12",,"Exempt from Public Disclosure","Clackamas","Micro Tier I","Indoor",
"020-1002757E94B","JD Grown","JH & DK LLC","RECREATIONAL PRODUCER","No","2025-09-06","2026-09-05",,,"Exempt from Public Disclosure","Washington","Tier II","Indoor",
"020-10001579F78","Moto Perpetuo Farm, Cascade Chronic","MOTO PERPETUO FARM LLC","RECREATIONAL PRODUCER","Yes","2025-04-21","2025-07-27","2025-04-21",,"Exempt from Public Disclosure","Washington","Tier II","Mixed",
"020-10001745681","Core Gardens","WICC INVESTMENTS, LLC","RECREATIONAL PRODUCER","Yes","2023-10-03","2024-10-02","2024-10-02",,"Exempt from Public Disclosure","Wasco","Tier I","Indoor",
"020-10021828E2E","Oregrown","PACIFIC ENTERPRISE HOLDINGS LLC","RECREATIONAL PRODUCER","No","2026-07-15","2027-01-03",,,"Exempt from Public Disclosure","Deschutes","Tier II","Mixed",
"020-1002848E8C9","The Heights Co.","WAHLBAR ENTERPRISES LLC","RECREATIONAL PRODUCER","No","2026-04-06","2027-04-05",,,"Exempt from Public Disclosure","Multnomah","Tier I","Indoor",
"020-100019879F7","Ananda Farms","LAKSMI BOTANICALS LLC","RECREATIONAL PRODUCER","No","2026-06-02","2027-06-01",,,"Exempt from Public Disclosure","Josephine","Tier II","Outdoor",
"020-100018496E7","Cannassentials","ESSENTIAL FARMS, LLC","RECREATIONAL PRODUCER","No","2026-07-29","2026-11-02",,,"Exempt from Public Disclosure","Lane","Tier I","Mixed",
"020-10022459A6C","Orgo Farms","ORGO FARMS, LLC","RECREATIONAL PRODUCER","No","2026-04-29","2026-11-28",,,"Exempt from Public Disclosure","Clackamas","Tier II","Mixed",
"020-10032154179","Zen Rezerve","WOLF CREEK GROW LLC","RECREATIONAL PRODUCER","Yes","2024-12-19","2024-12-05","2024-12-19",,"Exempt from Public Disclosure","Josephine","Tier II","Indoor",
"020-1000299E422","Pilot Farms","PILOT FARMS LLC","RECREATIONAL PRODUCER","No","2026-05-20","2027-05-19",,,"Exempt from Public Disclosure","Jackson","Tier II","Outdoor",
"020-1000348FC6E","Tomato Hill Company","TOMATO HILL COMPANY","RECREATIONAL PRODUCER","Yes","2025-02-08","2025-09-06","2025-02-08",,"Exempt from Public Disclosure","Jackson","Tier II","Mixed",
"020-10002678151","Tap-Reloop, LLC","TAP-RELOOP, LLC & HIGH SPIRIT ACRES, LLC","RECREATIONAL PRODUCER","Yes","2025-05-15","2025-05-25","2025-05-15",,"Exempt from Public Disclosure","Clackamas","Tier II","Indoor",
"020-1002250AD7C","Clone Brothers Farm","THE CLONE BROTHERS LLC","RECREATIONAL PRODUCER","No","2026-05-23","2027-05-22",,,"Exempt from Public Disclosure","Clackamas","Tier II","Outdoor",
"020-1003391638A","Alibi Cannabis","BROWN BAG PARTNERS, LLC","RECREATIONAL PRODUCER","No","2026-09-26","2027-09-25",,,"Exempt from Public Disclosure","Clackamas","Tier II","Indoor",
"020-1000366F55B","Wisely Organics","OREGON COUNTRY GARDENS","RECREATIONAL PRODUCER","Yes","2024-06-27","2024-10-09","2024-07-02",,"Exempt from Public Disclosure","Lane","Micro Tier I","Indoor",
"020-10003270D7B","Black Crow Grow","BLACK CROW GROW COMPANY LLC","RECREATIONAL PRODUCER","No","2025-08-11","2026-08-10",,,"Exempt from Public Disclosure","Marion","Tier II","Outdoor",
"020-10023470D07","Bobsled Farms","BOBSLED FARMS LLC","RECREATIONAL PRODUCER","No","2025-09-08","2026-09-07",,,"Exempt from Public Disclosure","Josephine","Tier II","Outdoor",
"020-10034011C33","Froglicker Farms, LLC","FROGLICKER FARMS LLC","RECREATIONAL PRODUCER","No","2026-03-13","2027-03-12",,,"Exempt from Public Disclosure","Polk","Tier II","Mixed",
"020-1000427C361","Frontier Farms ","FRONTIER FARMS LLC","RECREATIONAL PRODUCER","No","2026-05-31","2027-05-30",,,"Exempt from Public Disclosure","Hood River","Tier II","Mixed",
"020-10003674D8D","Madrone Charlie","200 PRODUCER LLC","RECREATIONAL PRODUCER","Yes","2025-12-30","2026-07-10",,,"Exempt from Public Disclosure","Josephine","Tier II","Mixed",
"020-1002355DD81","Gong-Ji Farm LLC","GONG-JI FARM LLC","RECREATIONAL PRODUCER","No","2026-05-26","2027-05-25",,,"Exempt from Public Disclosure","Jackson","Tier I","Outdoor",
"020-10034380D8E","Millerville Farms","MILLERVILLE FARMS LLC","RECREATIONAL PRODUCER","No","2025-10-05","2026-10-04",,,"Exempt from Public Disclosure","Josephine","Tier II","Outdoor",
"020-1000455C99C","Left Coast Standard","LEFT COAST STANDARD LLC","RECREATIONAL PRODUCER","No","2025-09-02","2026-09-01",,,"Exempt from Public Disclosure","Josephine","Tier II","Outdoor",
"020-1000385A212","Madrone Bravo","190 PRODUCER LLC","RECREATIONAL PRODUCER","Yes","2025-12-30","2026-07-10",,,"Exempt from Public Disclosure","Josephine","Tier II","Mixed",
"020-1002525373D","OREGON KGB","BIDO & COMPANY LLC","RECREATIONAL PRODUCER","Yes","2026-03-26","2026-08-13","2026-03-26",,"Exempt from Public Disclosure","Washington","Tier I","Indoor",
"020-10035593CF8","Dankside Farms","THE DANK SIDE LLC","RECREATIONAL PRODUCER","No","2026-03-02","2027-03-01",,,"Exempt from Public Disclosure","Benton","Tier II","Mixed",
"020-10004","Boom Boom Farms LLC","BOOM BOOM FARMS, LLC","RECREATIONAL PRODUCER","No","2026-08-10","2027-02-07",,,"Exempt from Public Disclosure","Jackson","Tier II","Outdoor",
"020-10012802F03","High Valley Organics","THOMAS&MINCHOW LLC","RECREATIONAL PRODUCER","No","2026-08-30","2027-08-29",,,"Exempt from Public Disclosure","Jackson","Tier II","Outdoor",
"020-1002661668E","Foley Farms","FOLEY FARMS LLC","RECREATIONAL PRODUCER","No","2025-08-04","2026-08-03",,,"Exempt from Public Disclosure","Jackson","Tier II","Outdoor",
"020-1000186F98B","Smith Farms","NICK SMITH LLC","RECREATIONAL PRODUCER","No","2025-09-19","2026-09-18",,,"Exempt from Public Disclosure","Josephine","Tier II","Outdoor",
"020-10004864B5B","Tim's Cannabis, LLC","TIM'S CANNABIS, LLC","RECREATIONAL PRODUCER","No","2026-08-13","2027-08-12",,,"Exempt from Public Disclosure","Yamhill","Tier I","Indoor",
"020-1002017A034","Noblecraft","UBC, LLC","RECREATIONAL PRODUCER","Yes","2025-11-05","2026-09-20","2025-11-05",,"Exempt from Public Disclosure","Clackamas","Tier II","Mixed",
"020-1004402658D","Benson Arbor","ARBOR FARMS LLC","RECREATIONAL PRODUCER","No","2026-08-16","2027-08-15",,,"Exempt from Public Disclosure","Jackson","Tier II","Outdoor",
"020-10002976C07","Frost Factory","FROST FACTORY LLC","RECREATIONAL PRODUCER","Yes","2024-07-18","2025-07-17","2024-07-08",,"Exempt from Public Disclosure","Clackamas","Micro Tier II","Indoor",
"020-1000509B8C9","Emerald Valley Growers","EMERALD VALLEY GROWERS, LLC","RECREATIONAL PRODUCER","No","2026-05-22","2027-05-21",,,"Exempt from Public Disclosure","Lane","Tier I","Indoor",
"020-1001458C024","East Fork Cultivars","EAST FORK AGRICULTURE, LLC","RECREATIONAL PRODUCER","No","2026-07-21","2027-07-20",,,"Exempt from Public Disclosure","Josephine","Tier II","Mixed",
"020-1002788E39D","Nebadon, Inc.","NEBADON INC.","RECREATIONAL PRODUCER","Yes","2025-11-17","2026-06-19","2026-06-19",,"Exempt from Public Disclosure","Multnomah","Micro Tier II","Indoor",
"020-1000471407C","Upcountry","UPCOUNTRY, LLC","RECREATIONAL PRODUCER","No","2026-02-28","2027-02-27",,,"Exempt from Public Disclosure","Hood River","Tier I","Indoor",
"020-1000739670C","Green Acres of Oregon","GREEN ACRES OF OREGON LLC","RECREATIONAL PRODUCER","Yes","2026-06-03","2027-05-07","2026-06-03",,"Exempt from Public Disclosure","Clackamas","Micro Tier I","Indoor",
"020-10015572973","Solstice Botanicals LLC","SOLSTICE BOTANICALS LLC","RECREATIONAL PRODUCER","No","2026-07-13","2026-10-20",,,"Exempt from Public Disclosure","Jackson","Tier II","Mixed",
"020-1003298A139","SunDaze Cannabis Company","WILLAMETTE ENTERPRISES LLC","RECREATIONAL PRODUCER","No","2025-12-10","2026-06-26",,,"Exempt from Public Disclosure","Columbia","Micro Tier I","Indoor",
"020-10005","Boom Boom Farms LLC","BOOM BOOM FARMS, LLC","RECREATIONAL PRODUCER","No","2026-08-10","2027-02-07",,,"Exempt from Public Disclosure","Jackson","Tier II","Outdoor",
"020-100080606F3","Foggy Mountain Farms","POLE ENTERPRISES LLC","RECREATIONAL PRODUCER","No","2026-04-02","2027-04-01",,,"Exempt from Public Disclosure","Columbia","Tier II","Outdoor",
"020-1001669AC27","The Cannabis Farm","ARM J LLC","RECREATIONAL PRODUCER","Yes","2025-09-23","2026-06-01","2025-09-23",,"Exempt from Public Disclosure","Josephine","Tier II","Outdoor",
"020-10033282295","WILLOWBILLY FARMS LLC","WILLOWBILLY FARMS LLC","RECREATIONAL PRODUCER","Yes","2025-12-28","2026-10-22","2025-12-28",,"Exempt from Public Disclosure","Josephine","Tier II","Mixed",
"020-100056600F3","GREENWORKS FARMS","AJC GREENWORKS LLC","RECREATIONAL PRODUCER","No","2025-09-09","2026-09-08",,,"Exempt from Public Disclosure","Clatsop","Micro Tier I","Indoor",
"020-1000814825E","Toking Farms","TOKING FARMS LLC","RECREATIONAL PRODUCER","No","2026-07-18","2027-07-17",,,"Exempt from Public Disclosure","Lane","Tier I","Outdoor",
"020-1001708B711","Eagle Creek Growers LLC","EAGLE CREEK GROWERS, LLC","RECREATIONAL PRODUCER","Yes","2025-10-14","2026-04-12","2025-10-14",,"Exempt from Public Disclosure","Clackamas","Tier II","Indoor",
"020-1003481400B","Thermal Farms, LLC","THERMAL FARMS, LLC","RECREATIONAL PRODUCER","Yes","2024-12-03","2025-04-14",,,"Exempt from Public Disclosure","Lane","Tier II","Indoor",
"020-1000607A138","Ag Repair","AG REPAIR LLC","RECREATIONAL PRODUCER","Yes","2024-12-12","2025-08-31","2024-12-12",,"Exempt from Public Disclosure","Coos","Micro Tier II","Mixed",
"020-1001089F440","Novik Industries LLC","NOVIK INDUSTRIES","RECREATIONAL PRODUCER","Yes","2024-10-09","2025-02-22","2024-10-09",,"Exempt from Public Disclosure","Multnomah","Tier I","Indoor",
"020-10017960742","Heady Farms LLC","HEADY FARMS LLC","RECREATIONAL PRODUCER","Yes","2025-05-22","2025-06-22","2025-05-22",,"Exempt from Public Disclosure","Hood River","Tier II","Outdoor",
"020-10036384955","Grizzly Farms","13 BRIDGES LLC","RECREATIONAL PRODUCER","No","2026-05-15","2027-05-14",,,"Exempt from Public Disclosure","Multnomah","Tier I","Indoor",
"020-10006144415","TG Industries LLC","TG INDUSTRIES LLC","RECREATIONAL PRODUCER","No","2025-12-16","2026-12-15",,,"Exempt from Public Disclosure","Deschutes","Tier I","Indoor",
"020-1001101C42D","Sasquatch Valley Farm","SASQUATCH VALLEY FARM LLC","RECREATIONAL PRODUCER","No","2025-09-07","2026-09-06",,,"Exempt from Public Disclosure","Josephine","Tier II","Indoor",
"020-10022146AE2","SOJ Farms","SOJ FARMS LLC","RECREATIONAL PRODUCER","No","2026-06-14","2027-06-13",,,"Exempt from Public Disclosure","Josephine","Tier II","Outdoor",
"020-10037212129","Cloud Cover","QUALITY PRODUCT SOLUTIONS LLC","RECREATIONAL PRODUCER","Yes","2024-10-25","2025-03-18","2024-10-28",,"Exempt from Public Disclosure","Multnomah","Tier II","Indoor",
"020-1004206317E","Zigjagman Inc","ZIGJAGMAN INC","RECREATIONAL PRODUCER","Yes","2026-03-25","2027-01-17","2026-03-25",,"Exempt from Public Disclosure","Jackson","Micro Tier II","Indoor",
"020-1000660225B","Dirty Arm Farm","CHOSEN VENTURES, LLC","RECREATIONAL PRODUCER","No","2025-08-31","2026-08-30",,,"Exempt from Public Disclosure","Jackson","Tier II","Outdoor",
"020-100135548E1","La Mota ","LA MOTA FARMS, LLC","RECREATIONAL PRODUCER","No","2026-07-13","2027-07-12",,,"Exempt from Public Disclosure","Jackson","Tier II","Mixed",
"020-1002246CB04","OM Farms, LLC","OM FARMS LLC","RECREATIONAL PRODUCER","No","2026-06-23","2027-06-22",,,"Exempt from Public Disclosure","Jackson","Tier II","Outdoor","Propagation Producer"
"020-1004308C411","PDX ORGANICS","PDX ORGANICS","RECREATIONAL PRODUCER","No","2026-07-12","2027-07-11",,,"Exempt from Public Disclosure","Washington","Tier II","Indoor",
"020-10007151DCD","High Clearance Grow","RIVERGLASS SHOP LLC","RECREATIONAL PRODUCER","No","2026-09-06","2027-09-05",,,"Exempt from Public Disclosure","Yamhill","Tier II","Indoor",
"020-100043439E1","Frontier Farms - Dee","FRONTIER FARMS LLC","RECREATIONAL PRODUCER","No","2026-06-28","2027-06-27",,,"Exempt from Public Disclosure","Hood River","Tier II","Outdoor",
"020-1002416DB14","Ghost Tree","LOGAN PROJECT, LLC","RECREATIONAL PRODUCER","Yes","2025-08-23","2025-09-18","2025-08-23",,"Exempt from Public Disclosure","Clackamas","Tier I","Mixed",
"020-1004723F007","Fire Flower","HANDS ON HORTICULTURE LLC / CHRIS RENTZEL","RECREATIONAL PRODUCER","Yes","2023-05-05","2024-05-04",,,"Exempt from Public Disclosure","Yamhill","Tier II","Mixed",
"020-10007450C46","Nelson and Company Organics","G AND M MANUFACTURING LLC","RECREATIONAL PRODUCER","No","2026-01-26","2026-11-14",,,"Exempt from Public Disclosure","Multnomah","Tier I","Indoor",
"020-1000456B832","Oregon Roots","OREGON ROOTS INC","RECREATIONAL PRODUCER","No","2026-05-24","2027-05-23",,,"Exempt from Public Disclosure","Washington","Tier II","Mixed",
"020-10027622D2B","Oregonix Farms ","OREGONIX, LLC","RECREATIONAL PRODUCER","Yes","2025-06-03","2025-10-06","2025-06-03",,"Exempt from Public Disclosure","Deschutes","Tier I","Indoor",
"020-100473196E7","KGB Farms","KGB FARMS, LLC","RECREATIONAL PRODUCER","No","2026-06-26","2027-06-25",,,"Exempt from Public Disclosure","Multnomah","Tier II","Indoor",
"020-1000790E238","Ten Four Farms","FJHC INC","RECREATIONAL PRODUCER","No","2026-04-10","2027-04-09",,,"Exempt from Public Disclosure","Multnomah","Tier I","Indoor",
"020-1000482C54C","Summary LLC","SUMMARY LLC","RECREATIONAL PRODUCER","Yes","2025-06-22","2026-01-08","2025-06-22",,"Exempt from Public Disclosure","Multnomah","Tier II","Indoor",
"020-1002782C0E7","Self Made Farms, LLC","SELF MADE FARMS, LLC","RECREATIONAL PRODUCER","No","2025-09-15","2026-09-14",,,"Exempt from Public Disclosure","Jackson","Tier II","Outdoor",
"020-10047374776","Happy Hollow Farms, Inc.","HAPPY HOLLOW FARMS, INC","RECREATIONAL PRODUCER","No","2026-06-26","2027-06-25",,,"Exempt from Public Disclosure","Clackamas","Tier II","Indoor",
"020-1000809A2EB","Cultivated Industries (Cultivated Farms)","NUG RUN FARMS, LLC","RECREATIONAL PRODUCER","Yes","2026-03-06","2026-10-19","2026-03-06",,"Exempt from Public Disclosure","Multnomah","Tier I","Indoor",
"020-1000565E2A4","Sally's Garden","PM HAGEL AND ASSOCIATES INC","RECREATIONAL PRODUCER","Yes","2023-10-25","2024-10-24","2024-10-19",,"Exempt from Public Disclosure","Lane","Tier I","Indoor",
"020-10028575F88","Square Dot Farm","SQUARE DOT LLC","RECREATIONAL PRODUCER","Yes","2024-12-16","2025-02-01","2024-12-16",,"Exempt from Public Disclosure","Yamhill","Tier II","Mixed",
"020-1004899FD57","Belushi's Farm","ROGUE'S LAIR IMPROVEMENT, LLC","RECREATIONAL PRODUCER","No","2026-08-04","2027-08-03",,,"Exempt from Public Disclosure","Jackson","Micro Tier I","Indoor",
"020-100089348CE","Archive Nursery","AMF II LLC","RECREATIONAL PRODUCER","No","2025-11-03","2026-11-02",,,"Exempt from Public Disclosure","Multnomah","Micro Tier I","Indoor","Medically Designated Canopy"
"020-100056600F3","GREENWORKS FARMS","AJC GREENWORKS LLC","RECREATIONAL PRODUCER","No","2026-09-09","2027-09-08",,,"Exempt from Public Disclosure","Clatsop","Micro Tier I","Indoor",
"020-1002932C991","Verdant Leaf","VERDANT LEAF FARMS, LLC","RECREATIONAL PRODUCER","No","2026-02-01","2027-01-31",,,"Exempt from Public Disclosure","Washington","Tier II","Mixed",
"020-10029770025","Oregon Valley Greens","OREGON VALLEY SOILS LLC","RECREATIONAL PRODUCER","No","2025-11-07","2026-11-06",,,"Exempt from Public Disclosure","Yamhill","Tier II","Mixed",
"020-1004977A524","Swicks","OCCES LLC","RECREATIONAL PRODUCER","No","2026-03-27","2027-03-26",,,"Exempt from Public Disclosure","Washington","Tier II","Mixed",
"020-1001027E404","Green Acers Farm, LLC","GREEN ACERS FARM LLC","RECREATIONAL PRODUCER","Yes","2024-11-27","2025-06-19","2024-11-27",,"Exempt from Public Disclosure","Lane","Tier II","Outdoor","Propagation Producer"
"020-10006489ECA","Otis Gardens","OTIS GARDENS INCORPORATED","RECREATIONAL PRODUCER","No","2025-12-12","2026-12-11",,,"Exempt from Public Disclosure","Hood River","Tier II","Indoor",
"020-10030431B80","Grateful Greenery","MASON FAMILY FARM LLC","RECREATIONAL PRODUCER","No","2026-03-23","2027-03-22",,,"Exempt from Public Disclosure","Lane","Tier II","Indoor",
"020-1005054FD1C","Green Bandit","ROLLING CASCADES FARM LLC","RECREATIONAL PRODUCER","No","2026-05-08","2027-05-07",,,"Exempt from Public Disclosure","Jackson","Tier II","Outdoor",
"020-1001044C1D9","Black Market Distribution","BLACK MARKET DISTRIBUTION LLC","RECREATIONAL PRODUCER","No","2026-08-03","2026-12-22",,,"Exempt from Public Disclosure","Jackson","Tier II","Indoor",
"020-10007","Boom Boom Farms LLC","BOOM BOOM FARMS, LLC","RECREATIONAL PRODUCER","No","2026-08-10","2027-02-07",,,"Exempt from Public Disclosure","Jackson","Tier II","Outdoor",
"020-10030653D97","Kerby Kush Farms","POWELL CREEK NURSERY, LLC","RECREATIONAL PRODUCER","No","2025-09-23","2026-09-22",,,"Exempt from Public Disclosure","Josephine","Tier II","Outdoor",
"020-10054289783","Fourganic Farms","FOURGANIC FARMS LLC","RECREATIONAL PRODUCER","Yes","2023-07-24","2024-07-23",,,"Exempt from Public Disclosure","Clackamas","Tier II","Indoor",
"020-10012252750","Oregon Coast Farms","OREGON COAST FARMS, LLC","RECREATIONAL PRODUCER","Yes","2025-06-06","2024-11-30","2025-06-06",,"Exempt from Public Disclosure","Douglas","Micro Tier I","Indoor","Micro-Tier Processing Producer"
"020-1000727CE8E","Summit Cannabis","SUMMIT CANNABIS LLC","RECREATIONAL PRODUCER","No","2026-06-29","2027-06-28",,,"Exempt from Public Disclosure","Jackson","Tier II","Outdoor",
"020-1003135C09F","Viridis Hydroculture","TREVOR THOMPSON","RECREATIONAL PRODUCER","No","2026-08-29","2027-08-28",,,"Exempt from Public Disclosure","Lane","Micro Tier I","Indoor","Micro-Tier Processing Producer"
"020-10056680470","Mountain Top Crop","SAM A. HEATH","RECREATIONAL PRODUCER","Yes","2026-07-20","2027-02-11","2026-07-20",,"Exempt from Public Disclosure","Jackson","Tier II","Mixed",
"020-10012818020","Farm Grove, LLC","FARM GROVE LLC","RECREATIONAL PRODUCER","Yes","2024-06-16","2025-06-15","2024-09-19",,"Exempt from Public Disclosure","Coos","Tier II","Outdoor",
"020-10007916FAE","Liontree Farms LLC","LIONTREE FARMS, LLC","RECREATIONAL PRODUCER","No","2025-07-20","2026-07-19",,,"Exempt from Public Disclosure","Jackson","Tier II","Mixed",
"020-1003285F88D","Harvest Farms LLC","HARVEST FARMS LLC","RECREATIONAL PRODUCER","Yes","2025-05-19","2026-03-09","2025-05-19",,"Exempt from Public Disclosure","Clackamas","Micro Tier I","Indoor",
"020-1005671C40F","Kendo Farms","MAXFIELD FARMS LLC","RECREATIONAL PRODUCER","No","2025-11-15","2026-11-14",,,"Exempt from Public Disclosure","Polk","Tier II","Mixed",
"020-10013036D97","Dizzy Earth, LLC","DIZZY EARTH, LLC","RECREATIONAL PRODUCER","No","2025-12-05","2026-12-04",,,"Exempt from Public Disclosure","Josephine","Tier I","Indoor",
"020-100249011F0","NUGZ","GORGEOUS GREEN,LLC","RECREATIONAL PRODUCER","No","2026-05-09","2027-05-08",,,"Exempt from Public Disclosure","Hood River","Tier I","Indoor",
"020-1001533757C","OG Gardens, LLC/OG Leasing, LLC","OG GARDENS, LLC||OG LEASING, LLC","RECREATIONAL PRODUCER","No","2026-07-02","2027-01-29",,,"Exempt from Public Disclosure","Marion","Tier II","Indoor",
"020-10020602EDE","Left Coast Farms","LAWSON WOLFE ENTERPRISES LLC","RECREATIONAL PRODUCER","No","2026-01-05","2027-01-04",,,"Exempt from Public Disclosure","Yamhill","Micro Tier II","Indoor",
"020-1004481FCA8","Capital Cannabis","CAPITAL CANNABIS LLC","RECREATIONAL PRODUCER","No","2025-09-12","2026-09-11",,,"Exempt from Public Disclosure","Lane","Tier II","Mixed",
"020-1004499E106","Butte Creek Farms ","BUTTE CREEK RANCH FARMS 1701 LLC","RECREATIONAL PRODUCER","Yes","2024-07-13","2025-03-28","2024-07-19",,"Exempt from Public Disclosure","Jackson","Micro Tier I","Indoor","Propagation Producer"
"020-1002538FEB6","Wise Gardens","WISE DECISION FARMS LLC","RECREATIONAL PRODUCER","Yes","2023-10-04","2024-10-03",,,"Exempt from Public Disclosure","Josephine","Tier II","Outdoor",
"020-1001645DDC3","Helia Fields","KAIZEN INVESTMENTS LLC|| CONCEPTION US, INC.","RECREATIONAL PRODUCER","Yes","2026-02-12","2026-07-04","2026-02-12",,"Exempt from Public Disclosure","Columbia","Tier II","Indoor",
"020-100206529CB","Kleen Karma Gardens Inc.","KLEEN KARMA GARDENS, INC","RECREATIONAL PRODUCER","No","2026-05-09","2027-05-08",,,"Exempt from Public Disclosure","Multnomah","Tier I","Indoor",
"020-1004858C296","BeanPharm","BEANPHARM LLC","RECREATIONAL PRODUCER","No","2025-10-20","2026-10-19",,,"Exempt from Public Disclosure","Lane","Micro Tier I","Indoor",
"020-10026114352","Fox Barry Farms","ECO FIRMA FARMS LLC","RECREATIONAL PRODUCER","Yes","2025-06-30","2025-12-29","2025-06-30",,"Exempt from Public Disclosure","Clackamas","Tier II","Indoor",
"020-10017261562","Butte Creek Farms","BUTTE CREEK RANCH FARM 1100, LLC","RECREATIONAL PRODUCER","No","2026-07-28","2027-07-27",,,"Exempt from Public Disclosure","Jackson","Tier II","Outdoor",
"020-1002097E7EA","Golden Jasmine","GOLDEN JASMINE LLC","RECREATIONAL PRODUCER","No","2026-02-27","2027-02-26",,,"Exempt from Public Disclosure","Deschutes","Tier II","Indoor",
"020-1004961E777","Sweet Creek Botanicals","SWEET CREEK FARM LLC","RECREATIONAL PRODUCER","No","2026-05-19","2027-05-18",,,"Exempt from Public Disclosure","Josephine","Tier II","Mixed",
"020-1002643F1BA","Trellis Holdings ","TRELLIS HOLDINGS OP - 5320 DICK GEORGE ROAD LLC","RECREATIONAL PRODUCER","No","2025-07-19","2026-07-18",,,"Exempt from Public Disclosure","Josephine","Tier II","Outdoor",
"020-1001938E2CC","Emerald Fields","EMERALD FIELDS, INC.","RECREATIONAL PRODUCER","No","2026-09-23","2027-09-22",,,"Exempt from Public Disclosure","Jackson","Tier II","Mixed",
"020-10023254A23","Atlas Farms","LOPAKA FARMS LLC","RECREATIONAL PRODUCER","No","2026-02-14","2027-02-13",,,"Exempt from Public Disclosure","Yamhill","Tier II","Mixed",
"020-10051050044","Virgin Leaf","NEW FRONTIER LLC","RECREATIONAL PRODUCER","No","2026-06-06","2027-06-05",,,"Exempt from Public Disclosure","Deschutes","Tier II","Indoor",
"020-1002678C19E","Folia","APPLEGATE RIVER, LLC","RECREATIONAL PRODUCER","No","2025-11-07","2026-11-06",,,"Exempt from Public Disclosure","Jackson","Tier II","Mixed",
"020-10019395A2A","Iron Cross","IRON CROSS ENTERPRISES LLC","RECREATIONAL PRODUCER","No","2025-08-26","2026-08-25",,,"Exempt from Public Disclosure","Josephine","Tier II","Mixed",
"020-100233650E6","Casa Verde Gardens","FRANCISCO MAISCH, FILIX PORTOCARRERO-MAISCH","RECREATIONAL PRODUCER","No","2026-07-11","2027-07-10",,,"Exempt from Public Disclosure","Lane","Tier I","Mixed",
"020-10052119227","Another Level Growers","ANOTHER LEVEL GROWERS LLC","RECREATIONAL PRODUCER","No","2025-11-13","2026-11-12",,,"Exempt from Public Disclosure","Tillamook","Tier I","Indoor",
"020-10026900CCA","Applegate River Roots","APPLEGATE RIVER ROOTS LLC","RECREATIONAL PRODUCER","No","2025-08-29","2026-08-28",,,"Exempt from Public Disclosure","Josephine","Tier II","Outdoor",
"020-10019856D24","Remedy Ranch","REMEDY RANCH, INC.","RECREATIONAL PRODUCER","No","2026-06-07","2027-06-06",,,"Exempt from Public Disclosure","Josephine","Tier II","Outdoor",
"020-10024091C2C","POWER PACK LLC","POWER PACK LLC","RECREATIONAL PRODUCER","Yes","2025-03-18","2025-10-05","2025-03-18",,"Exempt from Public Disclosure","Washington","Tier I","Indoor",
"020-10053887289","Jensen Ranch ","JENSEN RANCH LLC","RECREATIONAL PRODUCER","No","2026-06-09","2027-06-08",,,"Exempt from Public Disclosure","Jackson","Micro Tier I","Outdoor",
"020-100269691F2","Bigsby Farms ","BIGSBY INC","RECREATIONAL PRODUCER","Yes","2026-02-17","2026-09-01","2026-02-17",,"Exempt from Public Disclosure","Josephine","Micro Tier I","Outdoor",
"020-10020226685","Wilderville Farms, LLC","WILDERVILLE FARMS, LLC","RECREATIONAL PRODUCER","No","2026-07-18","2027-07-17",,,"Exempt from Public Disclosure","Jackson","Micro Tier I","Indoor",
"020-1002294A20B","Uncle John's Farm","BTJ FARMS LLC","RECREATIONAL PRODUCER","No","2026-07-26","2027-07-25",,,"Exempt from Public Disclosure","Multnomah","Tier II","Outdoor",
"020-100242539E4","Everbloom LLC","EVERBLOOM LLC","RECREATIONAL PRODUCER","No","2026-06-16","2027-06-15",,,"Exempt from Public Disclosure","Josephine","Tier II","Indoor",
"020-1005584B72B","Gnosis Gardens","BLANK STREET URBAN FARMS, INC.","RECREATIONAL PRODUCER","No","2026-07-18","2027-07-17",,,"Exempt from Public Disclosure","Clackamas","Tier I","Indoor",
"020-1000810A001","Cowgirl Cannabis","COWGIRL CANNABIS LLC","RECREATIONAL PRODUCER","No","2025-08-30","2026-08-29",,,"Exempt from Public Disclosure","Polk","Tier II","Mixed",
"020-10023470D07","Bobsled Farms","BOBSLED FARMS LLC","RECREATIONAL PRODUCER","No","2026-09-08","2027-09-07",,,"Exempt from Public Disclosure","Josephine","Tier II","Outdoor",
"020-10024857626","Bubba Botanicals ","BUBBA BOTANICALS LLC","RECREATIONAL PRODUCER","Yes","2024-03-19","2025-03-18",,,"Exempt from Public Disclosure","Josephine","Tier II","Outdoor",
"020-10056129909","Zo? Therapeutics LLC","ZOË THERAPEUTICS LLC","RECREATIONAL PRODUCER","No","2026-01-19","2027-01-18",,,"Exempt from Public Disclosure","Josephine","Tier II","Indoor",
"020-1001356D897","La Mota LLC","LA MOTA FARMS, LLC","RECREATIONAL PRODUCER","No","2026-08-04","2027-07-08",,,"Exempt from Public Disclosure","Jackson","Tier II","Outdoor",
"020-10024056CAF","Private Reserve Cannabis","3 D BLUEBERRY FARMS, INC.","RECREATIONAL PRODUCER","No","2026-06-28","2027-06-27",,,"Exempt from Public Disclosure","Washington","Tier I","Indoor",
"020-10025468BB8","Wonder Weed Company","WONDER WEED COMPANY INC.","RECREATIONAL PRODUCER","Yes","2026-05-29","2026-07-17","2026-05-29",,"Exempt from Public Disclosure","Josephine","Micro Tier II","Outdoor",
"020-1005642FFAB","Phillips Field Facility","PHILLIPS FIELD FACILITY LLC","RECREATIONAL PRODUCER","Yes","2026-05-21","2026-06-01","2026-05-21",,"Exempt from Public Disclosure","Lane","Micro Tier I","Outdoor",
"020-1001373CA42","Sticky Trees","CHAPMAN CREEK FARM LLC","RECREATIONAL PRODUCER","No","2025-09-27","2026-09-26",,,"Exempt from Public Disclosure","Josephine","Tier II","Indoor",
"020-1002532EEB6","Shadowbox Farms","ROGUE VALLEY GROUP LLC","RECREATIONAL PRODUCER","Yes","2024-04-04","2025-08-03","2024-04-04",,"Exempt from Public Disclosure","Josephine","Tier II","Indoor","Propagation Producer"
"020-10025873DD3","Greenway Farm LLC","GREENWAY FARM LLC","RECREATIONAL PRODUCER","No","2025-12-12","2026-12-11",,,"Exempt from Public Disclosure","Clackamas","Tier II","Mixed",
"020-1005952EBDF","America1776 LLC","AMERICA1776 LLC","RECREATIONAL PRODUCER","No","2025-08-24","2026-08-23",,,"Exempt from Public Disclosure","Marion","Tier II","Outdoor",
"020-100153913C0","Epoch Farms","EPOCH FARMS, LLC","RECREATIONAL PRODUCER","No","2025-10-18","2026-10-17",,,"Exempt from Public Disclosure","Josephine","Tier II","Indoor",
"020-100255921B4","Indoor Orchards","INDOOR ORCHARDS, LLC","RECREATIONAL PRODUCER","Yes","2025-02-18","2025-05-23","2025-02-18",,"Exempt from Public Disclosure","Clackamas","Micro Tier I","Indoor",
"020-100259122AC","Wykanush Ventures LLC","WYKANUSH VENTURES, LLC","RECREATIONAL PRODUCER","Yes","2025-08-28","2026-07-23","2025-08-28",,"Exempt from Public Disclosure","Multnomah","Tier II","Indoor",
"020-10060961681","Hedgpeth Farms LLC","HEDGPETH FARMS LLC","RECREATIONAL PRODUCER","No","2026-05-27","2027-05-26",,,"Exempt from Public Disclosure","Jackson","Tier II","Outdoor",
"020-10017225925","Chronic Cultures","CHRONIC CULTURES, INC","RECREATIONAL PRODUCER","No","2026-06-22","2026-09-01",,,"Exempt from Public Disclosure","Jackson","Tier II","Outdoor",
"020-100277503CF","Leap Farms","M AND B VINEYARDS LLC","RECREATIONAL PRODUCER","No","2025-09-29","2026-09-28",,,"Exempt from Public Disclosure","Jackson","Tier II","Outdoor",
"020-10025979B73","Noble Farms ","NOBLE FARMS LLC","RECREATIONAL PRODUCER","No","2026-08-04","2027-08-03",,,"Exempt from Public Disclosure","Clackamas","Tier II","Mixed",
"020-1006146D1C8","Pineapple Society","PINEAPPLE SOCIETY, LLC","RECREATIONAL PRODUCER","No","2026-04-20","2027-04-19",,,"Exempt from Public Disclosure","Josephine","Tier II","Mixed",
"020-10019342283","Emerald Cannabis Worx","EMERALD CANNABIS WORX, LLC","RECREATIONAL PRODUCER","No","2025-11-10","2026-11-09",,,"Exempt from Public Disclosure","Jackson","Micro Tier II","Indoor",
"020-1001958746A","Deschutes Growery","AG-X, LLC","RECREATIONAL PRODUCER","No","2025-12-28","2026-12-27",,,"Exempt from Public Disclosure","Deschutes","Tier II","Indoor",
"020-1003304ACE7","Alternative Organics","ALTERNATIVE ORGANICS, LLC","RECREATIONAL PRODUCER","Yes","2023-07-03","2024-07-02",,,"Exempt from Public Disclosure","Jackson","Tier II","Mixed",
"020-1002624CA64","Happy Cabbage Farms","FIRSTEMERALD, LLC","RECREATIONAL PRODUCER","No","2026-08-07","2026-12-26",,,"Exempt from Public Disclosure","Benton","Tier I","Indoor",
"020-10009109ECE","Phoenix Rising Farm","PHOENIX RISING PRODUCTIONS","RECREATIONAL PRODUCER","No","2026-07-30","2027-06-23",,,"Exempt from Public Disclosure","Jackson","Tier II","Outdoor","Medically Designated Canopy"
"020-1001983E80F","Higher Minds Horticulture","HM HORTICULTURE LLC","RECREATIONAL PRODUCER","Yes","2024-10-30","2024-11-01","2024-10-31",,"Exempt from Public Disclosure","Lane","Micro Tier I","Indoor",
"020-1003391638A","Alibi Cannabis","BROWN BAG PARTNERS, LLC","RECREATIONAL PRODUCER","No","2025-12-17","2026-09-25",,,"Exempt from Public Disclosure","Clackamas","Tier II","Indoor",
"020-1002647322E","Leap Farms","M AND B VINEYARDS LLC","RECREATIONAL PRODUCER","No","2025-09-29","2026-09-28",,,"Exempt from Public Disclosure","Jackson","Tier II","Outdoor",
"020-1005766754C","Diem Farms","VLF POLK PROPERTY LLC","RECREATIONAL PRODUCER","Yes","2024-09-05","2024-07-18","2024-07-12",,"Exempt from Public Disclosure","Polk","Tier I","Mixed",
"020-10020822989","The Plant","OCG MANAGEMENT LLC","RECREATIONAL PRODUCER","No","2026-08-05","2027-08-04",,,"Exempt from Public Disclosure","Lane","Tier II","Outdoor",
"020-10036398DA1","Entourage Cannabis","CBDISCOVERY LLC","RECREATIONAL PRODUCER","No","2026-01-20","2027-01-19",,,"Exempt from Public Disclosure","Lane","Micro Tier I","Indoor",
"020-1002716FC9F","Sugar Tree Farm","SUGAR TREE FARM LLC","RECREATIONAL PRODUCER","No","2026-08-04","2027-08-03",,,"Exempt from Public Disclosure","Jackson","Tier II","Mixed",
"020-100584842A8","Greenphoria","GREENPHORIA FARMS, LLC","RECREATIONAL PRODUCER","Yes","2025-05-22","2025-05-22",,,"Exempt from Public Disclosure","Washington","Tier II","Indoor",
"020-10063966B66","Ganesh Farms","GANESH FARMS LLC","RECREATIONAL PRODUCER","No","2026-07-06","2027-02-10",,,"Exempt from Public Disclosure","Jackson","Tier II","Outdoor",
"020-100298424D9","Mentari Farms","ALTRU, LLC","RECREATIONAL PRODUCER","No","2026-07-25","2027-07-24",,,"Exempt from Public Disclosure","Josephine","Tier II","Outdoor",
"020-1003295F640","K M.A.D.E.","MURIEL ANITA KIRKHAM","RECREATIONAL PRODUCER","No","2025-12-23","2026-12-22",,,"Exempt from Public Disclosure","Washington","Micro Tier I","Indoor",
"020-1001034DCCC","Farmer Ken's","LITTLE OAK, INC","RECREATIONAL PRODUCER","Yes","2025-06-10","2026-02-08","2025-06-10",,"Exempt from Public Disclosure","Washington","Tier II","Indoor",
"020-1006603AE89","Concrete Jungle","CONCRETE JUNGLE EXTRACTS, LLC","RECREATIONAL PRODUCER","No","2026-06-18","2026-11-15",,,"Exempt from Public Disclosure","Lane","Tier I","Indoor",
"020-1003129000D","Aphrodite's Desire","UNDERDOG FARM LLC","RECREATIONAL PRODUCER","Yes","2025-02-25","2024-09-08","2025-02-25",,"Exempt from Public Disclosure","Multnomah","Tier II","Outdoor",
"020-10034295E00","Golden Hydro","IMPACT DIRECT, LLC","RECREATIONAL PRODUCER","Yes","2025-12-11","2025-12-22","2025-12-11",,"Exempt from Public Disclosure","Washington","Tier II","Indoor",
"020-10010477B89","Token Farms","TOKEN FARMS LLC.","RECREATIONAL PRODUCER","No","2025-12-05","2026-12-04",,,"Exempt from Public Disclosure","Washington","Micro Tier II","Indoor",
"020-1006654C5CC","Critical Green Farms, Inc.","CRITICAL GREEN FARMS, INC.","RECREATIONAL PRODUCER","No","2026-08-16","2027-08-15",,,"Exempt from Public Disclosure","Marion","Tier II","Mixed",
"020-100313431BE","LOWD","SAINTS AG INC.","RECREATIONAL PRODUCER","No","2025-12-23","2026-06-27",,,"Exempt from Public Disclosure","Multnomah","Tier I","Indoor",
"020-100370296E0","Mill Creek Growers","MILL CREEK GROWERS LLC","RECREATIONAL PRODUCER","No","2026-05-09","2027-05-08",,,"Exempt from Public Disclosure","Polk","Tier I","Mixed",
"020-1003751023B","Kanna-Wise","500 ENTERPRISES, INC.","RECREATIONAL PRODUCER","Yes","2025-01-30","2023-02-04","2025-01-30",,"Exempt from Public Disclosure","Jackson","Tier II","Indoor",
"020-1001135132A","Next Generation Nurseries ","NEXT GENERATION NURSERIES, INC.","RECREATIONAL PRODUCER","Yes","2025-09-24","2026-06-26","2025-09-24",,"Exempt from Public Disclosure","Benton","Tier II","Indoor",
"020-10066893831","Circle D Farm","CIRCLE D FARMS LLC","RECREATIONAL PRODUCER","No","2026-03-23","2026-12-18",,,"Exempt from Public Disclosure","Josephine","Tier II","Outdoor",
"020-1003480A615","Wasco Farms","WASCO AG CO","RECREATIONAL PRODUCER","Yes","2024-11-27","2025-04-26","2024-11-27",,"Exempt from Public Disclosure","Wasco","Tier II","Mixed",
"020-100410463C4","Gross Tonnage","GROSS TONNAGE, LLC","RECREATIONAL PRODUCER","No","2026-05-19","2027-05-18",,,"Exempt from Public Disclosure","Marion","Tier I","Indoor",
"020-1001187C32C","SugarTop Buddery","STB ENTERPRISES LLC","RECREATIONAL PRODUCER","No","2026-01-06","2027-01-05",,,"Exempt from Public Disclosure","Lane","Micro Tier II","Indoor",
"020-1006903F669","Indigo Gardens","OLD CORDWOOD FARMS, LLC","RECREATIONAL PRODUCER","No","2025-08-23","2026-08-22",,,"Exempt from Public Disclosure","Josephine","Tier II","Outdoor",
"020-1003596AC50","Otto's OG Farm; Otto's Cannabis; Otto's Farm","OTTO'S OG FARM INC.","RECREATIONAL PRODUCER","No","2026-02-10","2027-02-09",,,"Exempt from Public Disclosure","Clackamas","Micro Tier II","Indoor",
"020-10041847FC2","Epic Family Farms","KR50 HOLDINGS INC.","RECREATIONAL PRODUCER","Yes","2024-08-20","2025-06-29","2024-09-05",,"Exempt from Public Disclosure","Jackson","Tier II","Outdoor",
"020-10014492356","Thrive Gardens","PJC GROUP LLC","RECREATIONAL PRODUCER","Yes","2026-07-28","2026-11-29","2026-07-28",,"Exempt from Public Disclosure","Jackson","Micro Tier II","Indoor",
"020-10069541A17","SUN FIRE NATURAL","SUN FIRE'S FINEST, LLC","RECREATIONAL PRODUCER","No","2026-03-09","2027-03-08",,,"Exempt from Public Disclosure","Yamhill","Tier II","Mixed",
"020-1003747EBD2","Sugarbud","KOLA BRAND LLC","RECREATIONAL PRODUCER","Yes","2025-12-31","2026-06-18","2025-12-31","017224987","Exempt from Public Disclosure","Multnomah","Tier II","Indoor",
"020-1004186D6FB","Excolo","STONE AGE FARMS LLC","RECREATIONAL PRODUCER","No","2026-07-07","2027-07-06",,,"Exempt from Public Disclosure","Clackamas","Tier II","Indoor",
"020-1001470A9E3","Bliss Farm","HAPPY BUDDHA FARM, LLC","RECREATIONAL PRODUCER","No","2025-06-02","2026-06-01",,,"Exempt from Public Disclosure","Yamhill","Tier II","Mixed",
"020-10069798E0F","Revel Farms","JAR INDUSTRIES, LLC","RECREATIONAL PRODUCER","Yes","2026-08-13","2027-06-28","2026-08-13",,"Exempt from Public Disclosure","Lane","Micro Tier I","Outdoor",
"020-1004408DE2D","Rolen Stone Farms","TLR ENTERPRISES, LLC","RECREATIONAL PRODUCER","Yes","2026-06-03","2026-06-19","2026-06-03",,"Exempt from Public Disclosure","Jackson","Tier II","Mixed",
"020-1004259EB0B","Old Apple Farm","CASCADE AGRICULTURAL SCIENCES LLC","RECREATIONAL PRODUCER","Yes","2025-02-28","2026-02-23","2025-02-28",,"Exempt from Public Disclosure","Clackamas","Tier I","Outdoor",
"020-10027345B6D","Conger Grow","RHEA GARDENS, LLC","RECREATIONAL PRODUCER","Yes","2025-11-17","2026-11-01","2025-11-17",,"Exempt from Public Disclosure","Lane","Tier II","Indoor",
"020-1005996409F","Nectar of the Bud","NECTAR OF THE BUD FARMS, LLC","RECREATIONAL PRODUCER","No","2025-08-08","2026-08-07",,,"Exempt from Public Disclosure","Josephine","Tier II","Outdoor",
"020-10021210781","Cannananda","MULINO AGRICULTURAL II LLC","RECREATIONAL PRODUCER","No","2025-11-10","2026-11-09",,,"Exempt from Public Disclosure","Clackamas","Tier II","Indoor",
"020-10037377E46","Grasp Organics","SAINT J. ENTERPRISES, LLC","RECREATIONAL PRODUCER","Yes","2024-02-15","2024-08-29","2024-08-29",,"Exempt from Public Disclosure","Clackamas","Micro Tier I","Indoor",
"020-1002744C0A2","Truly Oreganic","TRULY OREGANIC FARM LLC","RECREATIONAL PRODUCER","Yes","2024-08-14","2024-11-06","2024-08-15",,"Exempt from Public Disclosure","Coos","Tier I","Mixed",
"020-10062161C2A","Uplifted","UPLIFTED, LLC","RECREATIONAL PRODUCER","No","2025-10-05","2026-10-04",,,"Exempt from Public Disclosure","Marion","Tier II","Indoor",
"020-10021275EBE","Golden Jasmine","GOLDEN JASMINE LLC","RECREATIONAL PRODUCER","No","2026-05-27","2027-05-16",,,"Exempt from Public Disclosure","Deschutes","Tier II","Indoor",
"020-1002131ADC5","Alfalfa Valley Farms","ALFALFA VALLEY FARMS LLC","RECREATIONAL PRODUCER","No","2026-05-30","2027-05-29",,,"Exempt from Public Disclosure","Deschutes","Tier II","Outdoor","Medically Designated Canopy, Propagation Producer"
"020-100462727D5","Paragon Farms","NEWMAN AGRICULTURE LLC","RECREATIONAL PRODUCER","No","2026-06-20","2027-06-19",,,"Exempt from Public Disclosure","Josephine","Tier II","Mixed",
"020-100312539E0","Pea Penny Farms","PEA PENNY FARMS, LLC","RECREATIONAL PRODUCER","Yes","2024-12-12","2025-01-28","2024-12-12",,"Exempt from Public Disclosure","Josephine","Tier I","Mixed",
"020-1006486456E","The Green Cow Farm","THE GREEN COW FARM LLC","RECREATIONAL PRODUCER","Yes","2025-10-27","2026-04-08","2025-10-27",,"Exempt from Public Disclosure","Lane","Tier II","Mixed",
"020-1002219E92E","Ideal Herbs","IDEAL HERBS LLC AND RONSON IMFELD","RECREATIONAL PRODUCER","Yes","2024-11-08","2025-11-07",,,"Exempt from Public Disclosure","Lane","Tier I","Indoor",
"020-1004978EF27","KMB Farms","KMB FARMS, LLC","RECREATIONAL PRODUCER","No","2026-06-11","2027-06-10",,,"Exempt from Public Disclosure","Washington","Tier I","Indoor",
"020-1003248604C","High Winds Farm","HIGH WINDS FARM, LLC","RECREATIONAL PRODUCER","No","2026-03-16","2027-03-15",,,"Exempt from Public Disclosure","Hood River","Tier II","Indoor",
"020-1006970670A","Flyin' Hawaiian Farms","AZK LLC","RECREATIONAL PRODUCER","No","2025-09-01","2026-08-31",,,"Exempt from Public Disclosure","Yamhill","Tier II","Mixed",
"020-10024249B3C"," America1776 LLC","AMERICA1776 LLC","RECREATIONAL PRODUCER","Yes","2026-05-12","2026-07-21","2026-05-12",,"Exempt from Public Disclosure","Polk","Micro Tier I","Outdoor",
"020-100519089F6","Applegate River Farm,LLC","APPLEGATE RIVER FARM,LLC","RECREATIONAL PRODUCER","Yes","2026-02-17","2026-04-10","2026-02-17",,"Exempt from Public Disclosure","Josephine","Tier II","Mixed",
"020-10032698C9D","Portland Core Corp","PORTLAND CORE CORP","RECREATIONAL PRODUCER","Yes","2024-07-11","2024-07-12","2024-07-12",,"Exempt from Public Disclosure","Columbia","Tier I","Mixed",
"020-1007058AA97","Alibamah Botanicals","ALIBAMAH BOTANICALS, LLC","RECREATIONAL PRODUCER","No","2026-06-04","2027-06-03",,,"Exempt from Public Disclosure","Jackson","Tier II","Outdoor",
"020-10024427CAA","Climax Farms","CLIMAX FARMS LLC","RECREATIONAL PRODUCER","Yes","2025-11-01","2026-06-23","2025-11-01",,"Exempt from Public Disclosure","Jackson","Tier I","Outdoor","Medically Designated Canopy"
"020-1005351D67C","Million Elephants, LLC","MILLION ELEPHANTS LLC","RECREATIONAL PRODUCER","No","2026-06-10","2027-05-25",,,"Exempt from Public Disclosure","Jackson","Tier II","Mixed","Propagation Producer"
"020-1003507F47A","Golden Goddess","COASTAL HAWAIIAN FARMS LLC","RECREATIONAL PRODUCER","No","2026-04-29","2027-04-28",,,"Exempt from Public Disclosure","Washington","Micro Tier I","Indoor",
"020-10072863341","Panda Farms","DMN INDUSTRIES LLC","RECREATIONAL PRODUCER","No","2025-11-14","2026-11-13",,,"Exempt from Public Disclosure","Multnomah","Tier I","Indoor",
"020-10025784A94","Primo Farms","PRIMO FARMS LLC","RECREATIONAL PRODUCER","No","2025-09-26","2026-09-25",,,"Exempt from Public Disclosure","Jackson","Tier II","Outdoor",
"020-10054665475","Lake Creek Vineyards, LLC","LAKE CREEK VINEYARDS, LLC","RECREATIONAL PRODUCER","No","2025-11-09","2026-11-08",,,"Exempt from Public Disclosure","Jackson","Tier II","Outdoor",
"020-1003851CB2B","Gardens of Odin","MPK, INC.","RECREATIONAL PRODUCER","Yes","2024-06-03","2025-06-02",,,"Exempt from Public Disclosure","Lincoln","Tier I","Indoor",
"020-10074405B34","RAINY SKYE ","RAINY SKYE FARMS LLC","RECREATIONAL PRODUCER","Yes","2023-05-26","2024-05-25",,,"Exempt from Public Disclosure","Jackson","Tier II","Mixed",
"020-1002619DEB8","Green Roots Ranch","GREEN ROOTS RANCH, LLC","RECREATIONAL PRODUCER","Yes","2024-09-19","2024-11-13","2024-09-23",,"Exempt from Public Disclosure","Josephine","Tier II","Outdoor",
"020-10054775A23","Lake Creek Land and Cattle, LLC","LAKE CREEK LAND AND CATTLE, LLC","RECREATIONAL PRODUCER","No","2026-01-26","2027-01-25",,,"Exempt from Public Disclosure","Jackson","Tier II","Outdoor",
"020-1003970F880","Terra Australis ","GLAS FARMS, LLC","RECREATIONAL PRODUCER","No","2025-10-13","2026-10-12",,,"Exempt from Public Disclosure","Polk","Tier II","Mixed",
"020-10040438787","Kendo Farms","MAXFIELD FARMS LLC","RECREATIONAL PRODUCER","No","2026-07-08","2027-07-07",,,"Exempt from Public Disclosure","Polk","Tier II","Outdoor",
"020-10074607568","Treetop Gardens","GOLDEN RIDGE ESSENTIALS, LLC","RECREATIONAL PRODUCER","No","2026-02-08","2027-02-07",,,"Exempt from Public Disclosure","Josephine","Tier II","Mixed",
"020-10026718E65","Self Made Cannabis Company","SELF MADE FARMS, LLC","RECREATIONAL PRODUCER","Yes","2026-07-13","2026-09-14","2026-07-13",,"Exempt from Public Disclosure","Jackson","Tier II","Outdoor",
"020-10055487CC1","Eve Gardens","EVE GARDENS, LLC","RECREATIONAL PRODUCER","No","2025-12-28","2026-12-27",,,"Exempt from Public Disclosure","Linn","Tier I","Mixed",
"020-100419459F8","State 3","STATE 3 FARMS LLC","RECREATIONAL PRODUCER","No","2025-12-13","2026-12-12",,,"Exempt from Public Disclosure","Yamhill","Micro Tier II","Indoor","Micro-Tier Processing Producer"
"020-10074907358","Skunk Weed Farms","SKUNK WEED FARMS LLC","RECREATIONAL PRODUCER","No","2026-06-26","2027-06-25",,,"Exempt from Public Disclosure","Lane","Tier I","Mixed",
"020-1002681CD74","Medicinal Roots, LLC","MEDICINAL ROOTS, LLC","RECREATIONAL PRODUCER","No","2026-02-28","2027-02-27",,,"Exempt from Public Disclosure","Josephine","Tier II","Outdoor",
"020-1005681B0A4","Viola Ridge","VIOLA PORTLAND, LLC","RECREATIONAL PRODUCER","Yes","2025-12-01","2026-05-14","2025-12-01",,"Exempt from Public Disclosure","Polk","Micro Tier I","Outdoor",
"020-100430972E9","SLO MO","SLO MO, INC.","RECREATIONAL PRODUCER","No","2026-03-09","2027-03-08",,,"Exempt from Public Disclosure","Clackamas","Micro Tier I","Indoor",
"020-10077501BFC","Siering Farms LLC","SIERING FARMS LLC","RECREATIONAL PRODUCER","No","2026-08-08","2027-08-07",,,"Exempt from Public Disclosure","Yamhill","Micro Tier I","Outdoor",
"020-100273799E9","Bonsai","GROHILL PRODUCE LLC","RECREATIONAL PRODUCER","Yes","2025-11-06","2026-05-11","2025-11-06",,"Exempt from Public Disclosure","Lane","Tier II","Indoor",
"020-1005749C551","Mana Farms","MANA HOLDINGS LLC","RECREATIONAL PRODUCER","No","2026-03-02","2027-03-01",,,"Exempt from Public Disclosure","Multnomah","Tier II","Indoor","Propagation Producer"
"020-1004838EFA3","BA Botanicals","BA BOTANICALS LLC","RECREATIONAL PRODUCER","No","2026-08-04","2026-10-11",,,"Exempt from Public Disclosure","Clackamas","Tier II","Mixed",
"020-10078852741","Clay Family Farms","SHANE CLAY","RECREATIONAL PRODUCER","Yes","2024-01-14","2024-04-30","2024-04-19",,"Exempt from Public Disclosure","Linn","Tier II","Outdoor",
"020-100278076DC","Elevated Agriculture","CASCADIA ELEVATED AGRICULTURE CORPORATION","RECREATIONAL PRODUCER","Yes","2025-02-01","2025-05-02","2025-02-01",,"Exempt from Public Disclosure","Marion","Tier I","Indoor",
"020-10057851A6C","Elevate","JJS ENTERPRISE LLC","RECREATIONAL PRODUCER","No","2026-02-12","2027-02-11",,,"Exempt from Public Disclosure","Tillamook","Tier I","Indoor",
"020-10053242665","Gold Duck 547","YUNI EVERGREEN ENTERPRISES, LLC","RECREATIONAL PRODUCER","No","2026-04-11","2027-04-10",,,"Exempt from Public Disclosure","Columbia","Tier I","Indoor",
"020-10079224F87","Astra Cannabis","YANCE FARMS INC.","RECREATIONAL PRODUCER","No","2026-08-19","2027-02-19",,,"Exempt from Public Disclosure","Columbia","Tier II","Mixed",
"020-1002819666A","Alter Farms","LIVING SOIL FARMS LLC","RECREATIONAL PRODUCER","No","2026-09-13","2027-09-12",,,"Exempt from Public Disclosure","Josephine","Tier II","Outdoor",
"020-1005821A8AF","Klone Kings LLC","KLONE KINGS LLC","RECREATIONAL PRODUCER","Yes","2025-02-24","2026-02-23",,,"Exempt from Public Disclosure","Multnomah","Tier I","Indoor",
"020-10053807254","Silver Leaf Gardens","SILVER LEAF GARDENS INC","RECREATIONAL PRODUCER","Yes","2024-07-02","2025-04-21","2024-07-08",,"Exempt from Public Disclosure","Jackson","Tier II","Outdoor",
"020-1008074D166","Trainsong Cannabis Company, LLC","WEST SIDE GARDEN LLC","RECREATIONAL PRODUCER","Yes","2025-10-29","2026-03-13","2025-10-29",,"Exempt from Public Disclosure","Lane","Micro Tier I","Indoor",
"020-10029164A07","Quantum Oregon - Production - Spangler","HAPPY HOLLOW FARMS - PRODUCTION - OREGON CITY INC.","RECREATIONAL PRODUCER","Yes","2026-07-15","2027-02-27","2026-07-15",,"Exempt from Public Disclosure","Clackamas","Tier II","Mixed",
"020-1002933D024","Oregon Greens ","OREGON GREENS ENTERPRISES LLC","RECREATIONAL PRODUCER","No","2026-03-02","2027-03-01",,,"Exempt from Public Disclosure","Marion","Tier II","Indoor",
"020-10058341A3A","Growing Green Farms","GROWING GREEN FARMS INC","RECREATIONAL PRODUCER","No","2026-06-27","2027-06-26",,,"Exempt from Public Disclosure","Polk","Tier II","Mixed",
"020-1005500E206","Southern Flame","SOUTHERN FLAME LLC","RECREATIONAL PRODUCER","No","2026-08-17","2027-08-16",,,"Exempt from Public Disclosure","Josephine","Micro Tier II","Mixed",
"020-1008116D800","White Wolf Cannabis Co., White Wolf, Roam Cannabis, Allroads Apothecary","WHITE WOLF RANCH, INC.","RECREATIONAL PRODUCER","No","2026-02-04","2027-02-03",,,"Exempt from Public Disclosure","Deschutes","Tier II","Indoor",
"020-1003228FA09","The Lusted Road Company ","THE LUSTED ROAD COMPANY LLC","RECREATIONAL PRODUCER","Yes","2025-11-03","2026-04-15","2025-11-03",,"Exempt from Public Disclosure","Clackamas","Tier II","Mixed",
"020-1005859C447","Life Flower","LIFE FLOWER LLC","RECREATIONAL PRODUCER","No","2026-07-27","2027-05-23",,,"Exempt from Public Disclosure","Jackson","Tier II","Outdoor",
"020-10015055786","Forbidden Fruit Co. ","MELLMAN LLC","RECREATIONAL PRODUCER","No","2026-02-24","2027-02-23",,,"Exempt from Public Disclosure","Coos","Micro Tier II","Indoor",
"020-10081597ABE","Ridgeline Reserve","FRIED FARMS LLC","RECREATIONAL PRODUCER","No","2025-08-29","2026-08-28",,,"Exempt from Public Disclosure","Jackson","Tier II","Outdoor",
"020-10034995F90","The Alchemist's Garden","SUGAR MOUNTAIN BOTANICAL LLC","RECREATIONAL PRODUCER","Yes","2025-08-28","2025-12-12","2025-08-28",,"Exempt from Public Disclosure","Lane","Tier II","Indoor",
"020-10058986506","Mobelly Farms","MOBELLY FARMS, LLC","RECREATIONAL PRODUCER","Yes","2024-05-18","2024-06-08","2024-05-18",,"Exempt from Public Disclosure","Jackson","Tier II","Outdoor",
"020-10015154674","Galaxy Gardens","REDBARN GARDENS LLC","RECREATIONAL PRODUCER","No","2025-10-17","2026-10-16",,,"Exempt from Public Disclosure","Douglas","Tier II","Indoor",
"020-1008191F710","B-Force","B-FORCE, LLC","RECREATIONAL PRODUCER","No","2026-04-26","2027-04-25",,,"Exempt from Public Disclosure","Washington","Tier I","Indoor",
"020-10035920B10","Lovelife Farms LLC","LOVELIFE FARMS, LLC","RECREATIONAL PRODUCER","No","2026-05-17","2027-05-16",,,"Exempt from Public Disclosure","Lane","Tier I","Indoor",
"020-10059414AE1","Bishop Orchards","BISHOP ORCHARDS LLC","RECREATIONAL PRODUCER","No","2026-07-07","2027-07-06",,,"Exempt from Public Disclosure","Jackson","Tier II","Outdoor",
"020-10016250A1F","BZS Resource","PAYDAZE LLC","RECREATIONAL PRODUCER","Yes","2026-07-22","2027-06-22","2026-07-22",,"Exempt from Public Disclosure","Josephine","Tier II","Outdoor",
"020-1008680A373","Happy Healing Farms","HAPPY HEALING FARMS LLC","RECREATIONAL PRODUCER","Yes","2026-08-03","2026-12-23","2026-08-03",,"Exempt from Public Disclosure","Josephine","Micro Tier I","Indoor",
"020-1003798EEFC","Haze Farms LLC","HAZE FARMS LLC","RECREATIONAL PRODUCER","Yes","2026-04-06","2026-03-22","2026-03-22",,"Exempt from Public Disclosure","Jackson","Tier II","Outdoor",
"020-10059566E4E","Gold Bar Farms","GOLD BAR FARMS, LLC","RECREATIONAL PRODUCER","Yes","2025-07-29","2025-08-01","2025-07-29",,"Exempt from Public Disclosure","Josephine","Tier II","Outdoor",
"020-100164183CE","45TH PARALLEL FARMS","45TH PARALLEL FARMS LLC","RECREATIONAL PRODUCER","No","2026-06-14","2027-06-13",,,"Exempt from Public Disclosure","Polk","Tier II","Outdoor",
"020-10087909431","Weird Farmz; Bella Vigna","BELLA VIGNA FARMS & RETAILERS INC.","RECREATIONAL PRODUCER","No","2026-07-06","2027-05-10",,,"Exempt from Public Disclosure","Yamhill","Tier II","Mixed",
"020-10040479F50","River Grown ","RIVER GROWN LLC","RECREATIONAL PRODUCER","No","2026-07-13","2026-09-12",,,"Exempt from Public Disclosure","Jackson","Tier II","Outdoor",
"020-10059940243","Fractal Farms","FRACTAL FARM LLC","RECREATIONAL PRODUCER","No","2025-09-09","2026-09-08",,,"Exempt from Public Disclosure","Jackson","Tier II","Mixed",
"020-10017225925","Chronic Cultures","CHRONIC CULTURES, INC","RECREATIONAL PRODUCER","No","2026-09-02","2027-09-01",,,"Exempt from Public Disclosure","Jackson","Tier II","Outdoor",
"020-1001769A99E","Terra Verde","TERRA VERDE OREGON LLC","RECREATIONAL PRODUCER","No","2026-06-18","2027-06-20",,,"Exempt from Public Disclosure","Jackson","Tier II","Outdoor",
"020-1009223CA6A","Herbington Farm","TERRANOVA HOLDINGS LLC","RECREATIONAL PRODUCER","No","2026-06-08","2027-06-07",,,"Exempt from Public Disclosure","Josephine","Tier II","Outdoor",
"020-1004204F9D8","Kumba Hills Farms","KUMBA HILLS FARMS, LLC","RECREATIONAL PRODUCER","No","2025-09-21","2026-09-20",,,"Exempt from Public Disclosure","Jackson","Tier II","Outdoor",
"020-10061844BD2","Herbal Ally Inc","HERBAL ALLY INC","RECREATIONAL PRODUCER","No","2026-08-26","2027-08-25",,,"Exempt from Public Disclosure","Josephine","Tier II","Outdoor",
"020-1005221E03A","Pioneer Farms, LLC","PIONEER FARMS, LLC","RECREATIONAL PRODUCER","No","2026-07-20","2027-07-19",,,"Exempt from Public Disclosure","Deschutes","Tier I","Indoor",
"020-1009353FA11","The Green Choice, LLC","THE GREEN CHOICE, LLC","RECREATIONAL PRODUCER","No","2026-03-18","2027-03-17",,,"Exempt from Public Disclosure","Josephine","Tier II","Mixed",
"020-100446164FE","Inner Rhythm","INNER RHYTHM, LLC","RECREATIONAL PRODUCER","No","2026-08-18","2027-08-17",,,"Exempt from Public Disclosure","Clackamas","Tier I","Indoor",
"020-100624003D3","Kamamalu","KAMAMALU FARM LLC","RECREATIONAL PRODUCER","Yes","2026-06-10","2026-09-02","2026-06-10",,"Exempt from Public Disclosure","Coos","Micro Tier I","Mixed",
"020-1001842C5BE","LUCKY LION","2H MANUFACTURING INCORPORATED","RECREATIONAL PRODUCER","No","2026-06-10","2026-12-22",,,"Exempt from Public Disclosure","Multnomah","Tier II","Indoor",
"020-1009424AC12","Karmic Elevation Cannabis","HEATH INDUSTRIES LLC","RECREATIONAL PRODUCER","Yes","2026-07-17","2027-05-13","2026-07-17",,"Exempt from Public Disclosure","Jackson","Micro Tier II","Indoor","Medically Designated Canopy"
"020-100458842D4","Nightwood Horticulture Limited","NIGHTWOOD HORTICULTURE LIMITED","RECREATIONAL PRODUCER","No","2026-04-10","2027-04-09",,,"Exempt from Public Disclosure","Coos","Tier II","Mixed",
"020-1006260056A","Zilem Collective II","JR ORGANIC FARMS, LLC","RECREATIONAL PRODUCER","No","2026-08-24","2027-08-23",,,"Exempt from Public Disclosure","Lane","Tier I","Indoor",
"020-100195624C8","RAD Nursery Products, LLC","RAD NURSERY PRODUCTS LLC.","RECREATIONAL PRODUCER","Yes","2024-10-30","2024-10-24","2024-10-31",,"Exempt from Public Disclosure","Columbia","Tier II","Indoor",
"020-10095189359","Enchanted Harvest ","STELLER FARMS, LLC","RECREATIONAL PRODUCER","No","2026-09-05","2027-09-04",,,"Exempt from Public Disclosure","Multnomah","Micro Tier I","Indoor",
"020-1004693B783","Golden Stone Farm","GOLDEN STONE FARM LLC","RECREATIONAL PRODUCER","Yes","2025-12-01","2026-09-27","2025-12-01",,"Exempt from Public Disclosure","Jackson","Tier II","Mixed",
"020-10064037561","A Vant Garden","AVG INVESTMENTS LLC","RECREATIONAL PRODUCER","Yes","2025-06-30","2025-09-11","2025-06-30",,"Exempt from Public Disclosure","Lane","Tier I","Indoor",
"020-1002000510A","Rainforest Botanix/Rainforest Organix","RAINFOREST ORGANIX, LLC","RECREATIONAL PRODUCER","No","2025-12-09","2026-12-11",,,"Exempt from Public Disclosure","Tillamook","Micro Tier II","Indoor",
"020-10095978661","Miracle Farms","MIRACLE FARMS, INC","RECREATIONAL PRODUCER","No","2026-03-11","2027-03-10",,,"Exempt from Public Disclosure","Deschutes","Tier I","Indoor",
"020-1004698759B","Urban Canna","JT DELANGE LLC","RECREATIONAL PRODUCER","No","2026-06-22","2027-04-27",,,"Exempt from Public Disclosure","Lane","Tier I","Indoor",
"020-1006501B9DE","Self Made Cannabis Company","SELF MADE FARMS, LLC","RECREATIONAL PRODUCER","Yes","2026-07-29","2026-10-01","2026-07-29",,"Exempt from Public Disclosure","Jackson","Tier II","Outdoor",
"020-10020634F5B","Glass House Grown","GLAS HUIS, INC.","RECREATIONAL PRODUCER","Yes","2024-08-09","2025-03-29","2024-08-13",,"Exempt from Public Disclosure","Deschutes","Tier I","Indoor","Medically Designated Canopy"
"020-10096748E53","West Coast Genetics","WEST COAST GENETICS, LLC","RECREATIONAL PRODUCER","Yes","2025-12-24","2026-02-27","2025-12-24",,"Exempt from Public Disclosure","Jackson","Tier I","Indoor",
"020-10048530B29","Jones Creek Chronic","JONES CREEK CHRONIC, LLC","RECREATIONAL PRODUCER","Yes","2024-08-19","2024-08-06","2024-08-20",,"Exempt from Public Disclosure","Josephine","Tier II","Mixed",
"020-1006541F4B9","Bonfire Farms","DG FARMS LLC","RECREATIONAL PRODUCER","No","2025-11-21","2026-11-20",,,"Exempt from Public Disclosure","Clackamas","Micro Tier I","Indoor",
"020-1006570FDDA","Big League Farms LLC","BIG LEAGUE FARMS LLC","RECREATIONAL PRODUCER","No","2026-07-11","2027-07-10",,,"Exempt from Public Disclosure","Josephine","Tier II","Outdoor",
"020-1002321E385","Dairyland Dankery","DAIRYLAND DANKERY, LLC","RECREATIONAL PRODUCER","Yes","2024-05-29","2024-10-27","2024-05-29",,"Exempt from Public Disclosure","Tillamook","Tier I","Indoor",
"020-10097049CF2","Cuellar Farms","CUELLAR FARMS LLC","RECREATIONAL PRODUCER","No","2025-12-04","2026-12-03",,,"Exempt from Public Disclosure","Washington","Tier II","Outdoor",
"020-1005052CAC3","Professor Toad   ","L & K PROPERTY MANAGEMENT LLC","RECREATIONAL PRODUCER","Yes","2024-10-29","2025-05-25","2024-10-30",,"Exempt from Public Disclosure","Washington","Tier II","Indoor",
"020-1006577FD20","Sacred Agronomy","MITUS RESOURCE GROUP, LLC","RECREATIONAL PRODUCER","No","2025-10-15","2026-10-14",,,"Exempt from Public Disclosure","Washington","Tier II","Indoor",
"020-10024622AD0","Elephant Farms ","E FARMS LLC","RECREATIONAL PRODUCER","Yes","2025-01-08","2025-08-22","2025-01-08",,"Exempt from Public Disclosure","Polk","Tier II","Mixed",
"020-100975770CA","Slims Top Shelf","SLIMS TOP SHELF LLC","RECREATIONAL PRODUCER","No","2026-04-03","2027-04-02",,,"Exempt from Public Disclosure","Jackson","Tier II","Indoor",
"020-1007105ECC8","JJ Farms Oregon, LLC","JJ FARMS OREGON, LLC","RECREATIONAL PRODUCER","No","2026-08-24","2026-10-22",,,"Exempt from Public Disclosure","Jackson","Tier II","Outdoor",
"020-1004548614C","Alta Gardens","ROSE SOL HOLDINGS LLC","RECREATIONAL PRODUCER","No","2026-03-14","2027-03-13",,,"Exempt from Public Disclosure","Jackson","Tier II","Outdoor","Propagation Producer"
"020-1005293A96A","SeaWeedz ","SEAWEEDZ LLC","RECREATIONAL PRODUCER","No","2026-04-10","2027-04-09",,,"Exempt from Public Disclosure","Curry","Tier II","Mixed",
"020-10055014202","Madden Butte Farm LLC","MADDEN BUTTE FARM LLC","RECREATIONAL PRODUCER","Yes","2024-11-06","2025-08-20","2024-11-06",,"Exempt from Public Disclosure","Curry","Micro Tier II","Indoor",
"020-100714690AD","Pacific Orchards","FHL GROUP LLC","RECREATIONAL PRODUCER","Yes","2025-01-13","2025-07-05","2025-01-13",,"Exempt from Public Disclosure","Washington","Tier II","Mixed",
"020-100506243FE","Greenery Property Management","GREENERY PROPERTY MANAGEMENT, LLC","RECREATIONAL PRODUCER","No","2026-06-06","2027-06-05",,,"Exempt from Public Disclosure","Washington","Tier II","Indoor",
"020-10053821663","Budding Industries","BUDDING INDUSTRIES INC","RECREATIONAL PRODUCER","Yes","2024-08-28","2025-07-07","2024-08-28",,"Exempt from Public Disclosure","Jackson","Tier II","Outdoor",
"020-1005719BFF5","Flint Farms","FLINT FARMS LLC","RECREATIONAL PRODUCER","No","2026-07-28","2027-07-27",,,"Exempt from Public Disclosure","Clackamas","Tier I","Mixed",
"020-1007433E43C","Sugar Tree Farm 2","SUGAR TREE FARM LLC","RECREATIONAL PRODUCER","No","2026-07-06","2027-07-05",,,"Exempt from Public Disclosure","Jackson","Tier II","Outdoor",
"020-1005526222A","Golden Jackal Farm","GOLDEN JACKAL FARM, LLC","RECREATIONAL PRODUCER","Yes","2026-08-04","2027-05-01","2026-08-04",,"Exempt from Public Disclosure","Jackson","Tier II","Mixed",
"020-1005445448D","Cave Junctions Farms","CAVE JUNCTION FARMS LLC","RECREATIONAL PRODUCER","No","2025-09-20","2026-09-19",,,"Exempt from Public Disclosure","Josephine","Tier II","Outdoor",
"020-10058005872","Pot of Gold","POT OF GOLD DISTRIBUTING, LLC","RECREATIONAL PRODUCER","Yes","2024-05-17","2025-05-16",,,"Exempt from Public Disclosure","Multnomah","Tier II","Indoor",
"020-1007434948F","Zuni Products","ZUNI PRODUCTS, INC.","RECREATIONAL PRODUCER","No","2026-05-09","2027-05-08",,,"Exempt from Public Disclosure","Josephine","Tier II","Outdoor",
"020-1005608804C","Poseidon's Element","NB INDUSTRIES, LLC","RECREATIONAL PRODUCER","No","2026-06-22","2027-06-21",,,"Exempt from Public Disclosure","Josephine","Tier II","Outdoor",
"020-1005493A714","Cafe Verde","CAFE VERDE LLC","RECREATIONAL PRODUCER","No","2026-04-13","2027-04-12",,,"Exempt from Public Disclosure","Josephine","Micro Tier II","Mixed",
"020-1006168AB1B","Grown Rogue ","GROWN ROGUE GARDENS LLC","RECREATIONAL PRODUCER","No","2026-06-18","2026-10-05",,,"Exempt from Public Disclosure","Jackson","Tier II","Indoor",
"020-1006526E154","Benson Arbor","ARBOR FARMS LLC","RECREATIONAL PRODUCER","No","2026-08-16","2027-08-15",,,"Exempt from Public Disclosure","Jackson","Tier II","Outdoor",
"020-1007448C369","Living Things","LIVING THINGS LLC","RECREATIONAL PRODUCER","Yes","2025-04-29","2025-08-14","2025-04-29",,"Exempt from Public Disclosure","Clackamas","Micro Tier I","Indoor",
"020-10056831C95","Kaprikorn","KAPRIKORN LLC","RECREATIONAL PRODUCER","No","2026-06-17","2027-06-16",,,"Exempt from Public Disclosure","Lane","Tier II","Mixed","Medically Designated Canopy, Propagation Producer"
"020-1002606CBF4","Strong Roots","STRONG ROOTS, LLC","RECREATIONAL PRODUCER","Yes","2026-01-13","2026-02-08","2026-01-13",,"Exempt from Public Disclosure","Lane","Tier I","Indoor",
"020-1006680E29B","BG3 Productions, LLC","BG3 PRODUCTIONS, LLC","RECREATIONAL PRODUCER","No","2026-07-17","2027-07-16",,,"Exempt from Public Disclosure","Jackson","Tier II","Outdoor",
"020-100781847D3","Gaia's Ganja Garden","GAIA'S GANJA GARDEN LLC","RECREATIONAL PRODUCER","No","2025-08-17","2026-08-16",,,"Exempt from Public Disclosure","Lane","Micro Tier I","Indoor","Micro-Tier Processing Producer"
"020-1005723D77C","F & J's Farm","F & J'S FARM LLC","RECREATIONAL PRODUCER","Yes","2026-04-14","2026-08-07","2026-04-14",,"Exempt from Public Disclosure","Josephine","Tier I","Indoor",
"020-1006644C9FB","Dream Girl Cannabis","DREAM GIRL VENTURES, LLC AND CAROLINA FLATS PROPERTIES, LLC","RECREATIONAL PRODUCER","No","2025-09-15","2026-09-14",,,"Exempt from Public Disclosure","Josephine","Tier I","Outdoor",
"020-1006693026C","Rare Earth Organics","RARE EARTH DISPENSARY LLC","RECREATIONAL PRODUCER","Yes","2025-01-13","2025-04-28","2025-01-13",,"Exempt from Public Disclosure","Lane","Micro Tier II","Indoor","Micro-Tier Processing Producer"
"020-1007944FFDB","His and Her Grow","KNF FARMS, LLC","RECREATIONAL PRODUCER","No","2026-02-12","2027-02-11",,,"Exempt from Public Disclosure","Clackamas","Tier I","Indoor",
"020-10051778A02","BROKEN ARROW PHARM ","BROKEN ARROW PHARM LLC","RECREATIONAL PRODUCER","No","2026-04-11","2027-04-10",,,"Exempt from Public Disclosure","Josephine","Tier II","Mixed",
"020-1002625CFC5","Midnight Trich Farm","MIDNIGHT TRICH FARM, LLC","RECREATIONAL PRODUCER","No","2025-09-22","2026-09-21",,,"Exempt from Public Disclosure","Hood River","Tier I","Indoor",
"020-10056287862","Archive","BURNSIDE GARDEN COLLECTIVE, LLC","RECREATIONAL PRODUCER","No","2026-04-27","2027-04-26",,,"Exempt from Public Disclosure","Multnomah","Tier I","Indoor",
"020-100984011AA","KPH Farms LLC","KPH FARMS LLC","RECREATIONAL PRODUCER","No","2025-12-22","2026-12-21",,,"Exempt from Public Disclosure","Clackamas","Tier I","Indoor",
"020-10052375219","Springwater Ranch","SPRINGWATER ORGANICS LLC","RECREATIONAL PRODUCER","No","2026-06-22","2027-06-21",,,"Exempt from Public Disclosure","Clackamas","Tier II","Outdoor",
"020-10026411B79","528hz Gardens","ASHLAND ORGANICS, LLC","RECREATIONAL PRODUCER","No","2026-02-16","2027-02-15",,,"Exempt from Public Disclosure","Jackson","Tier II","Mixed",
"020-10056786063","Kanaba Farms","KANABA FARMS LLC","RECREATIONAL PRODUCER","No","2025-09-08","2026-09-07",,,"Exempt from Public Disclosure","Marion","Micro Tier I","Indoor","Micro-Tier Processing Producer"
"020-1009963EF30","Eastwood Gardens","EASTWOOD GARDENS, LLC","RECREATIONAL PRODUCER","No","2026-04-05","2027-04-04",,,"Exempt from Public Disclosure","Multnomah","Tier I","Indoor",
"020-1005602453F","Oregon Dreams","OREGON DREAMS LLC","RECREATIONAL PRODUCER","No","2026-05-09","2027-05-08",,,"Exempt from Public Disclosure","Benton","Tier II","Outdoor",
"020-10026562977","West Coast Chronics","WCC LLC","RECREATIONAL PRODUCER","No","2026-04-20","2027-04-19",,,"Exempt from Public Disclosure","Clackamas","Micro Tier II","Indoor",
"020-1005685A84D","Ripped City","SMW AGRICULTURE LLC","RECREATIONAL PRODUCER","No","2026-07-12","2027-07-11",,,"Exempt from Public Disclosure","Lane","Tier II","Mixed",
"020-1010094115B","Dumas Development LLC","DUMAS DEVELOPMENT LLC","RECREATIONAL PRODUCER","No","2026-03-25","2027-03-24",,,"Exempt from Public Disclosure","Josephine","Tier II","Mixed",
"020-1005835436F","Trizzy's Trees","TRIZZY'S TREES LLC","RECREATIONAL PRODUCER","Yes","2023-05-25","2024-05-24",,,"Exempt from Public Disclosure","Coos","Tier II","Outdoor",
"020-1006468AEC9","High Altitude LLC","HIGH ALTITUDE LLC","RECREATIONAL PRODUCER","No","2025-07-26","2026-07-25",,,"Exempt from Public Disclosure","Josephine","Tier II","Outdoor",
"020-10027711138","Phresh Cannabis","A.C.N., LLC","RECREATIONAL PRODUCER","Yes","2024-04-13","2024-05-22","2024-05-22",,"Exempt from Public Disclosure","Multnomah","Tier II","Indoor",
"020-10060013593","Pinnacle Organics","PINNACLE ORGANICS LLC","RECREATIONAL PRODUCER","Yes","2024-10-18","2024-10-04","2024-10-24",,"Exempt from Public Disclosure","Douglas","Micro Tier II","Indoor","Micro-Tier Processing Producer"
"020-1010495FC29","Sun Wheel Organics","SUN WHEEL ORGANICS LLC","RECREATIONAL PRODUCER","Yes","2026-05-30","2027-02-16","2026-05-30",,"Exempt from Public Disclosure","Jackson","Tier I","Mixed",
"020-1006499A7C8","Village Green","VILLAGE GREEN INCORPORATED","RECREATIONAL PRODUCER","Yes","2023-07-06","2024-06-04","2024-06-04",,"Exempt from Public Disclosure","Jackson","Tier II","Outdoor",
"020-1005876AC05","Dani James Cannabis Co.","STONE CREEK FARMS LLC","RECREATIONAL PRODUCER","Yes","2025-12-26","2026-09-05","2025-12-26",,"Exempt from Public Disclosure","Lane","Micro Tier II","Indoor",
"020-10060472B02","Lost Duck ","LOST DUCK FARM, LLC","RECREATIONAL PRODUCER","No","2026-06-23","2027-06-22",,,"Exempt from Public Disclosure","Josephine","Tier II","Outdoor",
"020-10105560D04","Berry's Buds LLC","BERRY'S BUDS LLC","RECREATIONAL PRODUCER","Yes","2023-12-11","2024-08-18","2024-05-22",,"Exempt from Public Disclosure","Josephine","Micro Tier I","Indoor",
"020-1006508EE6B","Oregon's Top Shelf","OREGON'S TOP SHELF, LLC","RECREATIONAL PRODUCER","No","2026-08-01","2027-07-31",,,"Exempt from Public Disclosure","Lane","Tier II","Mixed",
"020-1006166A33A","Grown Rogue Gardens","GROWN ROGUE GARDENS LLC","RECREATIONAL PRODUCER","No","2026-07-10","2027-07-09",,,"Exempt from Public Disclosure","Jackson","Tier II","Outdoor",
"020-10065093189","Self Made Cannabis Company","SELF MADE FARMS, LLC","RECREATIONAL PRODUCER","No","2026-08-15","2027-08-14",,,"Exempt from Public Disclosure","Josephine","Tier II","Outdoor",
"020-10105615C3F","Golden Road Farms","GOLDEN ROAD FARMS LLC","RECREATIONAL PRODUCER","No","2026-01-12","2027-01-11",,,"Exempt from Public Disclosure","Josephine","Tier II","Mixed",
"020-1006622AC01","Green Hills","GREEN HILLS LLC","RECREATIONAL PRODUCER","No","2025-09-28","2026-09-27",,,"Exempt from Public Disclosure","Tillamook","Micro Tier I","Indoor","Micro-Tier Processing Producer"
"020-10063403748","Northwest OG","NORTHWEST OG, LLC","RECREATIONAL PRODUCER","Yes","2023-08-02","2024-08-01",,,"Exempt from Public Disclosure","Lane","Tier II","Outdoor",
"020-1006559EBCE","Louis VuChron, LLC","LOUIS VUCHRON, LLC","RECREATIONAL PRODUCER","Yes","2026-01-16","2026-01-22","2026-01-16",,"Exempt from Public Disclosure","Multnomah","Tier II","Indoor",
"020-1010669A558","Collie Fields","LINDER INVESTMENTS, LLC","RECREATIONAL PRODUCER","No","2026-07-11","2027-07-10",,,"Exempt from Public Disclosure","Jackson","Tier II","Outdoor",
"020-100676462DF","Smoky Flower Farm","SMOKY FLOWER FARM, LLC","RECREATIONAL PRODUCER","No","2025-09-11","2026-09-10",,,"Exempt from Public Disclosure","Washington","Tier II","Outdoor",
"020-10063940AA8","Grown Rogue ","GROWN ROGUE GARDENS LLC","RECREATIONAL PRODUCER","No","2026-07-10","2027-07-09",,,"Exempt from Public Disclosure","Jackson","Tier II","Outdoor",
"020-1006714EBB7","Fireworks Farm","THE HOLISTIC CHOICE INC.","RECREATIONAL PRODUCER","Yes","2025-05-23","2026-01-03","2025-05-23",,"Exempt from Public Disclosure","Polk","Micro Tier I","Outdoor",
"020-101077248A8","Gryffwood Farms, LLC","GRYFFWOOD FARMS LLC","RECREATIONAL PRODUCER","No","2026-06-10","2027-06-09",,,"Exempt from Public Disclosure","Jackson","Tier II","Outdoor",
"020-100677656B7","Rebel Spirit","WILVACA, LLC","RECREATIONAL PRODUCER","No","2026-08-20","2026-08-31",,,"Exempt from Public Disclosure","Lane","Tier I","Outdoor",
"020-1002819666A","Alter Farms","LIVING SOIL FARMS LLC","RECREATIONAL PRODUCER","No","2025-10-24","2026-09-12",,,"Exempt from Public Disclosure","Josephine","Tier II","Outdoor",
"020-10067136016","Ocean-Grown-Organics","OCEAN-GROWN-ORGANICS LLC","RECREATIONAL PRODUCER","Yes","2025-06-17","2025-07-18","2025-06-17",,"Exempt from Public Disclosure","Lincoln","Tier I","Mixed",
"020-10067458347","Bonafide Cannabis","BONAFIDE CANNABIS LLC","RECREATIONAL PRODUCER","No","2026-07-29","2027-07-18",,,"Exempt from Public Disclosure","Jackson","Tier II","Outdoor",
"020-1011031826D","Rogue Valley Prime Organics LLC","ROGUE VALLEY PRIME ORGANICS LLC","RECREATIONAL PRODUCER","Yes","2025-12-23","2025-01-06","2025-01-23",,"Exempt from Public Disclosure","Jackson","Tier I","Outdoor",
"020-1006819C825","KaCha","GOONIE FARMS INC","RECREATIONAL PRODUCER","Yes","2024-09-17","2024-09-25","2024-09-18",,"Exempt from Public Disclosure","Clatsop","Tier I","Mixed",
"020-100644400E8","Skunky Cannabis","SKUNKY CANNABIS LLC","RECREATIONAL PRODUCER","Yes","2024-07-05","2024-08-15","2024-07-09",,"Exempt from Public Disclosure","Coos","Micro Tier I","Indoor",
"020-100677517F8","R & D Northwest","R & D ENTERPRISES, LLC.","RECREATIONAL PRODUCER","Yes","2024-07-11","2025-07-10","2024-07-26",,"Exempt from Public Disclosure","Clackamas","Tier II","Mixed",
"020-100679845FA","Nature's Gold","NATURE'S GOLD LLC","RECREATIONAL PRODUCER","No","2025-09-14","2026-09-13",,,"Exempt from Public Disclosure","Josephine","Tier II","Outdoor",
"020-1006910E444","Artisan Grown","ENTERPRISE FARM LLC","RECREATIONAL PRODUCER","Yes","2026-03-03","2027-01-15","2026-03-03",,"Exempt from Public Disclosure","Clackamas","Micro Tier I","Indoor",
"020-1006616F04D","Dr. Dank","CALYX FARMS LLC","RECREATIONAL PRODUCER","Yes","2025-03-09","2026-03-08",,,"Exempt from Public Disclosure","Lane","Tier II","Mixed",
"020-10068066562","BDF ENTERPRISES LLC","BDF ENTERPRISES, LLC","RECREATIONAL PRODUCER","Yes","2024-11-07","2025-07-26","2024-11-07",,"Exempt from Public Disclosure","Josephine","Tier II","Outdoor",
"020-10069507F9A","SUN FIRE NATURAL","SUN FIRE'S FINEST, LLC","RECREATIONAL PRODUCER","No","2026-03-09","2027-03-08",,,"Exempt from Public Disclosure","Yamhill","Tier II","Mixed",
"020-10071751F4B","Zelona LLC","ZELONA LLC","RECREATIONAL PRODUCER","Yes","2024-10-08","2025-05-29","2024-10-08",,"Exempt from Public Disclosure","Marion","Tier I","Outdoor",
"020-1006861D757","CANNA ROYALE / ROYAL ZEN","CANNA ROYALE LLC","RECREATIONAL PRODUCER","Yes","2025-04-29","2025-09-11","2025-01-17",,"Exempt from Public Disclosure","Josephine","Tier II","Outdoor",
"020-100682137B6","Hesperides Garden","BBHC LLC","RECREATIONAL PRODUCER","No","2026-03-19","2027-03-18",,,"Exempt from Public Disclosure","Clackamas","Tier II","Mixed",
"020-10113217F0B","Herban Renewal","HERBAN RENEWAL LLC","RECREATIONAL PRODUCER","Yes","2024-01-13","2025-01-12",,,"Exempt from Public Disclosure","Marion","Tier II","Mixed","Medically Designated Canopy, Propagation Producer"
"020-1007314DBF1","Urban Pharms","URBAN PHARMS LLC","RECREATIONAL PRODUCER","No","2025-09-13","2026-09-12",,,"Exempt from Public Disclosure","Jackson","Tier II","Outdoor",
"020-10070281BF0","Superb","F & G PRODUCTIONS LLC","RECREATIONAL PRODUCER","No","2026-03-05","2027-03-04",,,"Exempt from Public Disclosure","Multnomah","Tier I","Indoor",
"020-1006905ABA2","O Werks Garden","O WERKS INC","RECREATIONAL PRODUCER","Yes","2024-08-08","2024-09-11","2024-08-08",,"Exempt from Public Disclosure","Josephine","Tier I","Mixed",
"020-1011414537D","Solali LLC","SOLALILLC","RECREATIONAL PRODUCER","Yes","2025-02-03","2025-03-28","2025-02-03",,"Exempt from Public Disclosure","Josephine","Micro Tier I","Indoor","Propagation Producer"
"020-1007378584B","45th Parallel Farms","45TH PARALLEL FARMS LLC","RECREATIONAL PRODUCER","No","2026-03-21","2027-03-20",,,"Exempt from Public Disclosure","Polk","Tier II","Outdoor",
"020-1007039B946","Rogue River Family Farms","ROGUE RIVER FAMILY FARMS LLC","RECREATIONAL PRODUCER","No","2026-07-17","2027-07-16",,,"Exempt from Public Disclosure","Jackson","Tier II","Outdoor","Medically Designated Canopy"
"020-1006912001D","Artisan Grown","ENTERPRISE FARM LLC","RECREATIONAL PRODUCER","Yes","2026-01-13","2026-01-16","2026-01-13",,"Exempt from Public Disclosure","Clackamas","Tier II","Indoor",
"020-10116230A50","BH Farm","BUD HAUS FARMS, LLC","RECREATIONAL PRODUCER","No","2026-04-20","2026-08-16",,,"Exempt from Public Disclosure","Clatsop","Tier I","Indoor",
"020-100747522C2","Modus","BBM LLC","RECREATIONAL PRODUCER","Yes","2025-07-15","2026-06-06","2025-07-15",,"Exempt from Public Disclosure","Lane","Tier I","Indoor",
"020-10075053683","the holistic coop llc","THE HOLISTIC COOP LLC","RECREATIONAL PRODUCER","No","2026-08-13","2026-08-27",,,"Exempt from Public Disclosure","Lane","Micro Tier I","Indoor",
"020-1007303E54E","Urban Pharms LLC","URBAN PHARMS LLC","RECREATIONAL PRODUCER","No","2025-09-26","2026-09-25",,,"Exempt from Public Disclosure","Jackson","Tier II","Indoor",
"020-10070379A49","Weirdhouse Farms","WH ENTERPRISES LLC","RECREATIONAL PRODUCER","Yes","2026-03-02","2026-05-20","2026-03-02",,"Exempt from Public Disclosure","Josephine","Micro Tier I","Mixed",
"020-1007970A0AD","Herbal Dynamics","RG & T ENTERPRISES LLC","RECREATIONAL PRODUCER","No","2026-03-23","2027-03-22",,,"Exempt from Public Disclosure","Lane","Tier I","Indoor",
"020-1006890F472","Viridia Farms","VIRIDIA FARMS LLC","RECREATIONAL PRODUCER","Yes","2024-04-18","2025-01-22","2024-07-19",,"Exempt from Public Disclosure","Clackamas","Tier II","Mixed",
"020-10073299CF2","FA Ranch","FA RANCH, LLC","RECREATIONAL PRODUCER","Yes","2026-01-21","2026-06-17","2026-01-21",,"Exempt from Public Disclosure","Josephine","Tier II","Outdoor",
"020-1006994D39A","Tmcc","TMCC LLC","RECREATIONAL PRODUCER","No","2025-09-01","2026-08-31",,,"Exempt from Public Disclosure","Jackson","Tier II","Outdoor",
"020-10080541451","Evergrande Farm","EVERGRANDE, LLC","RECREATIONAL PRODUCER","No","2025-10-29","2026-10-28",,,"Exempt from Public Disclosure","Polk","Tier II","Indoor",
"020-10069071F4A","Chehalem Ridge Cannabis","DALOTO LLC","RECREATIONAL PRODUCER","Yes","2026-02-19","2026-10-04","2026-02-19",,"Exempt from Public Disclosure","Washington","Tier II","Outdoor",
"020-1007331ADCB","Loud AF","PALLADIUM SOLUTIONS, LLC","RECREATIONAL PRODUCER","No","2026-02-23","2026-12-28",,,"Exempt from Public Disclosure","Clackamas","Tier I","Indoor",
"020-10070679818","Choice Farms","CHOICE FARMS, INC.","RECREATIONAL PRODUCER","No","2026-02-08","2027-02-07",,,"Exempt from Public Disclosure","Deschutes","Tier II","Indoor",
"020-10081153776","Injoy Cannabis","GRAHAM STREET PARTNERS, LLC","RECREATIONAL PRODUCER","Yes","2026-06-16","2026-06-12","2026-06-16",,"Exempt from Public Disclosure","Multnomah","Micro Tier II","Indoor","Micro-Tier Processing Producer"
"020-100698226E4","NakD Farms","COTTAGE GROVE HOLDINGS, LLC","RECREATIONAL PRODUCER","Yes","2024-07-23","2025-07-06","2024-07-24",,"Exempt from Public Disclosure","Lane","Tier II","Outdoor",
"020-1002853B750","Oregon Cannabis Farms, LLC","OREGON CANNABIS FARMS L.L.C.","RECREATIONAL PRODUCER","No","2025-10-24","2026-10-23",,,"Exempt from Public Disclosure","Jackson","Tier II","Mixed",
"020-10116312A66","Calvin's Greens","STICKY ICKY FIELDS LLC","RECREATIONAL PRODUCER","No","2026-05-18","2027-03-15",,,"Exempt from Public Disclosure","Josephine","Tier II","Outdoor",
"020-1008248B7FC","Panda Farms","DMG INDUSTRIES LLC","RECREATIONAL PRODUCER","No","2025-12-27","2026-12-26",,,"Exempt from Public Disclosure","Multnomah","Tier I","Indoor",
"020-100706617D5","Treestar Farms","TREESTAR, LLC.","RECREATIONAL PRODUCER","No","2026-02-18","2027-02-17",,,"Exempt from Public Disclosure","Marion","Micro Tier I","Outdoor","Micro-Tier Processing Producer"
"020-10029048597","GK Wholesale LLC","GK WHOLESALE LLC","RECREATIONAL PRODUCER","Yes","2026-01-06","2026-10-23","2026-01-06",,"Exempt from Public Disclosure","Clackamas","Tier II","Indoor",
"020-10116529E96","The Grass is Greener Farm","THE GRASS IS GREENER FARM LLC","RECREATIONAL PRODUCER","No","2025-11-04","2026-11-03",,,"Exempt from Public Disclosure","Josephine","Tier II","Indoor",
"020-10083452027","Mercury Primo INC","MERCURY PRIMO INC.","RECREATIONAL PRODUCER","Yes","2024-11-28","2025-02-01","2024-11-28",,"Exempt from Public Disclosure","Benton","Tier II","Indoor",
"020-100710006B7","SYNERGY CONCEPTS LLC","SYNERGY CONCEPTS LLC","RECREATIONAL PRODUCER","No","2026-01-17","2027-01-16",,,"Exempt from Public Disclosure","Deschutes","Tier II","Indoor",
"020-100292516BA","High Ridge Farms","HIGH RIDGE FARMS LLC","RECREATIONAL PRODUCER","No","2026-04-21","2026-12-04",,,"Exempt from Public Disclosure","Clackamas","Tier I","Mixed",
"020-10116976976","MariCo Farms","KIT JOHNSTON","RECREATIONAL PRODUCER","No","2026-06-21","2027-06-20",,,"Exempt from Public Disclosure","Yamhill","Micro Tier I","Indoor",
"020-10083619484","JoCo Green","BUCK CANYON FARMS, LLC","RECREATIONAL PRODUCER","No","2026-05-15","2027-05-14",,,"Exempt from Public Disclosure","Josephine","Tier II","Outdoor","Propagation Producer"
"020-10083676BA3","AED LLC","AED LLC","RECREATIONAL PRODUCER","Yes","2026-06-11","2026-08-21",,,"Exempt from Public Disclosure","Jackson","Tier II","Outdoor",
"020-1007206B076","La Mota ","LA MOTA 10 LLC","RECREATIONAL PRODUCER","No","2026-07-08","2026-07-28",,,"Exempt from Public Disclosure","Marion","Tier II","Indoor",
"020-1003067B2BA","Honey Badger's Buds","HBB13, LLC","RECREATIONAL PRODUCER","No","2025-09-01","2026-08-31",,,"Exempt from Public Disclosure","Benton","Micro Tier II","Indoor",
"020-1011897CB01","Portland Horticulture Technologies LLC","PORTLAND HORTICULTURE TECHNOLOGIES LLC","RECREATIONAL PRODUCER","Yes","2026-08-13","2026-08-15","2026-08-13",,"Exempt from Public Disclosure","Multnomah","Tier I","Indoor",
"020-1007510E91B","Green Fox Farms","GREEN FOX FARM LLC","RECREATIONAL PRODUCER","Yes","2026-05-30","2026-06-10","2026-05-30",,"Exempt from Public Disclosure","Washington","Tier II","Outdoor",
"020-1007532DB5E","Logsden Farms","LOGSDEN FARMS LLC","RECREATIONAL PRODUCER","No","2026-02-28","2027-02-27",,,"Exempt from Public Disclosure","Lincoln","Micro Tier I","Indoor","Propagation Producer"
"020-10072242CAA","Forward Horticulture LLC","FORWARD HORTICULTURE LLC","RECREATIONAL PRODUCER","No","2025-08-09","2026-08-08",,,"Exempt from Public Disclosure","Josephine","Tier II","Mixed",
"020-10120674794","3J Investment properties LLC","3 J'S INVESTMENT PROPERTIES LLC","RECREATIONAL PRODUCER","Yes","2026-03-25","2026-03-25","2026-03-25",,"Exempt from Public Disclosure","Clackamas","Tier I","Indoor",
"020-10076460B18","Top Shelf Gardens","TOP SHELF GARDENS LLC","RECREATIONAL PRODUCER","Yes","2026-04-17","2026-06-10","2026-04-17",,"Exempt from Public Disclosure","Jackson","Tier II","Mixed",
"020-100795025E9","Royal Cannabis / Royal Underwood","RHF HOLDINGS LLC","RECREATIONAL PRODUCER","Yes","2025-09-12","2026-06-26","2025-09-12",,"Exempt from Public Disclosure","Jackson","Micro Tier I","Indoor",
"020-1003165E8AB","HQFarms","HQFARMS LLC","RECREATIONAL PRODUCER","No","2026-02-02","2027-02-01",,,"Exempt from Public Disclosure","Clackamas","Tier I","Indoor",
"020-1012177AE3E","ARC Gardens","ARC GARDENS, LLC","RECREATIONAL PRODUCER","No","2026-03-23","2027-03-22",,,"Exempt from Public Disclosure","Jackson","Tier II","Outdoor",
"020-1007796DF45","BUCO Farms, LLC","BUCO FARMS, LLC","RECREATIONAL PRODUCER","No","2026-07-26","2027-07-25",,,"Exempt from Public Disclosure","Jackson","Tier II","Outdoor",
"020-1007963264A","Garden of Weeden / Ascent Farms","GCIC LLC","RECREATIONAL PRODUCER","No","2026-08-06","2027-01-15",,,"Exempt from Public Disclosure","Josephine","Tier II","Mixed",
"020-10035507BA0","THE AM Garden OR","HAYWIRE LLC","RECREATIONAL PRODUCER","Yes","2026-03-18","2026-06-19","2026-03-18",,"Exempt from Public Disclosure","Clackamas","Micro Tier I","Outdoor",
"020-1012208EE72","American Cannabis Company","MARIGOLD ENTERPRISES LLC","RECREATIONAL PRODUCER","Yes","2024-07-18","2025-06-01","2024-07-18",,"Exempt from Public Disclosure","Jackson","Tier I","Indoor",
"020-1007877FC6B","DNP LLC","DNP LLC","RECREATIONAL PRODUCER","No","2026-05-30","2027-05-29",,,"Exempt from Public Disclosure","Lane","Tier I","Indoor",
"020-100810722C2","Up Stream","SOMA GROWERS LLC","RECREATIONAL PRODUCER","No","2025-10-19","2026-10-18",,,"Exempt from Public Disclosure","Lincoln","Tier I","Indoor",
"020-10041958BFC","Red Barn Organics ","RED BARN ORGANICS I, LLC","RECREATIONAL PRODUCER","No","2026-05-10","2027-05-09",,,"Exempt from Public Disclosure","Jackson","Tier II","Indoor",
"020-1007335CC9E","Bliss Cultivation","FIR CANYON TREE FARM, LLC","RECREATIONAL PRODUCER","No","2025-12-14","2026-12-13",,,"Exempt from Public Disclosure","Josephine","Tier II","Mixed",
"020-1008021F51D","Folium Farms","FOLIUM FARMS, LLC","RECREATIONAL PRODUCER","No","2026-05-11","2027-03-01",,,"Exempt from Public Disclosure","Clackamas","Tier II","Indoor",
"020-100811074E3","Truehitt Co.","TRUEHITT 1, LLC","RECREATIONAL PRODUCER","Yes","2022-08-08","2023-08-07",,,"Exempt from Public Disclosure","Polk","Tier II","Indoor",
"020-1004546490A","Skunk Train Farm LLC","SKUNK TRAIN FARM LLC","RECREATIONAL PRODUCER","Yes","2026-02-05","2026-03-05","2026-02-05",,"Exempt from Public Disclosure","Jackson","Tier II","Mixed",
"020-1004852416D","Four Season Farm","FOUR SEASON FARM, LLC","RECREATIONAL PRODUCER","Yes","2025-06-13","2025-06-17","2025-06-13",,"Exempt from Public Disclosure","Hood River","Tier II","Indoor",
"020-1012229E8BE","Self Made Farms","SELF MADE FARMS, LLC","RECREATIONAL PRODUCER","No","2026-06-02","2027-06-01",,,"Exempt from Public Disclosure","Jackson","Tier II","Outdoor",
"020-10085807F56","Integrated Farms","WICKED RAIN FARMS LLC","RECREATIONAL PRODUCER","Yes","2025-06-18","2025-06-18","2025-06-18",,"Exempt from Public Disclosure","Jackson","Tier II","Outdoor",
"020-1007412FC1C","Southlake Farms","SOUTHLAKE FARMS, LLC","RECREATIONAL PRODUCER","Yes","2026-06-30","2026-09-09","2026-06-30",,"Exempt from Public Disclosure","Josephine","Tier II","Indoor",
"020-10072614CD5","HERBAL EVOLUTION LLC","HERBAL EVOLUTION LLC","RECREATIONAL PRODUCER","Yes","2022-06-06","2023-06-05",,,"Exempt from Public Disclosure","Marion","Tier I","Indoor",
"020-10050841A8F","Dragon Smoke, LLC","DRAGON SMOKE, LLC","RECREATIONAL PRODUCER","Yes","2024-07-11","2025-03-31","2024-07-15",,"Exempt from Public Disclosure","Washington","Tier II","Outdoor",
"020-1008685B0EE","Peacock Flower Farm","CAMP VARDO LLC","RECREATIONAL PRODUCER","No","2026-06-07","2027-06-06",,,"Exempt from Public Disclosure","Jackson","Tier I","Outdoor",
"020-10078868202","Cold Frame","COLD FRAME LLC","RECREATIONAL PRODUCER","No","2026-04-05","2027-04-04",,,"Exempt from Public Disclosure","Washington","Tier II","Indoor",
"020-100812139C8","Entheo Gardens","ENTHEO GARDENS INC","RECREATIONAL PRODUCER","Yes","2025-07-31","2026-06-30","2025-07-31",,"Exempt from Public Disclosure","Multnomah","Tier I","Indoor",
"020-1005418E02F","Dope Nuggets","DOPE NUGGETS LLC","RECREATIONAL PRODUCER","No","2026-05-27","2027-01-31",,,"Exempt from Public Disclosure","Jackson","Tier II","Outdoor",
"020-10087019520","Indigenous Alchemy","NATURAL CRAFT INDUSTRIES, LLC","RECREATIONAL PRODUCER","Yes","2024-12-06","2025-08-18","2024-12-06",,"Exempt from Public Disclosure","Deschutes","Micro Tier I","Indoor",
"020-10081310EAD","Savage Gardens","SAVAGE GARDENS, LLC.","RECREATIONAL PRODUCER","Yes","2024-07-12","2024-07-04","2024-07-16",,"Exempt from Public Disclosure","Clackamas","Tier I","Indoor",
"020-1008461E051","Kana Farms LLC","KANA FARMS, LLC","RECREATIONAL PRODUCER","No","2025-09-27","2026-09-26",,,"Exempt from Public Disclosure","Josephine","Tier I","Mixed",
"020-100600698D6","Opus Organics","OPUS 420, LLC","RECREATIONAL PRODUCER","No","2026-08-25","2027-06-22",,,"Exempt from Public Disclosure","Jackson","Tier II","Mixed",
"020-10089140304","Farm Solutions DGP","MNG RE - 2581 DICK GEORGE ROAD LLC","RECREATIONAL PRODUCER","No","2026-07-31","2027-07-30",,,"Exempt from Public Disclosure","Josephine","Tier II","Mixed",
"020-10081777361","Special Branded","SPECIAL BRANDED, INC","RECREATIONAL PRODUCER","No","2026-07-05","2027-07-04",,,"Exempt from Public Disclosure","Josephine","Tier II","Outdoor",
"020-1008582E633","Integrated Farms","WICKED RAIN FARMS LLC","RECREATIONAL PRODUCER","Yes","2023-07-03","2024-07-02",,,"Exempt from Public Disclosure","Jackson","Tier II","Outdoor",
"020-1006080D1FB","Rainbow Circles","KAMA'AINA GARDENS LLC","RECREATIONAL PRODUCER","Yes","2026-06-10","2026-06-11","2026-06-10",,"Exempt from Public Disclosure","Josephine","Tier II","Outdoor",
"020-10073989418","Green Tek Gardens","GREEN TEK GARDENS LLC","RECREATIONAL PRODUCER","Yes","2024-08-22","2025-05-16","2024-08-22",,"Exempt from Public Disclosure","Yamhill","Micro Tier II","Indoor",
"020-10081948996","Special Branded","SPECIAL BRANDED, INC","RECREATIONAL PRODUCER","No","2026-07-05","2027-07-04",,,"Exempt from Public Disclosure","Josephine","Tier II","Outdoor",
"020-10085847C39","Old School Gardens","OLD SCHOOL ORGANIC GARDENS LLC","RECREATIONAL PRODUCER","No","2026-05-06","2027-01-07",,,"Exempt from Public Disclosure","Deschutes","Tier I","Indoor",
"020-100609315B5","BJS A Grade","BJS A GRADE LLC","RECREATIONAL PRODUCER","No","2025-09-08","2026-09-07",,,"Exempt from Public Disclosure","Jackson","Tier II","Outdoor",
"020-1007446FBB5","Green Queen Farms","YOLLCO LLC","RECREATIONAL PRODUCER","Yes","2026-04-09","2026-06-07","2026-04-09",,"Exempt from Public Disclosure","Jackson","Tier II","Mixed",
"020-1007693C0FA","5 Points Farms","5 POINTS ENTERPRISES, LLC","RECREATIONAL PRODUCER","Yes","2024-12-11","2025-02-05","2024-12-11",,"Exempt from Public Disclosure","Lane","Micro Tier II","Indoor","Medically Designated Canopy"
"020-1008274ACF8","Re Up Farms","YAK, INC.","RECREATIONAL PRODUCER","Yes","2025-09-17","2026-05-14","2025-09-17",,"Exempt from Public Disclosure","Marion","Tier II","Indoor",
"020-100861828BC","45th Parallel Farms","45TH PARALLEL FARMS LLC","RECREATIONAL PRODUCER","No","2026-03-19","2027-03-18",,,"Exempt from Public Disclosure","Polk","Tier II","Outdoor",
"020-10122332B9A","OG Gardens","OG GARDENS, LLC||OG LEASING, LLC","RECREATIONAL PRODUCER","Yes","2024-07-12","2025-02-02","2024-07-15",,"Exempt from Public Disclosure","Marion","Tier II","Indoor",
"020-100791131CE","Green Farms LLC","GREEN FARMS LLC","RECREATIONAL PRODUCER","Yes","2025-05-13","2026-01-30","2025-05-13",,"Exempt from Public Disclosure","Clackamas","Tier II","Mixed",
"020-1008662FB90","Loud City Farms","LOUD CITY LLC / RIDER LIFE LLC","RECREATIONAL PRODUCER","No","2026-06-22","2027-06-21",,,"Exempt from Public Disclosure","Josephine","Tier II","Outdoor",
"020-10123252589","Sticky Icky Farms","STICKY ICKY FIELDS LLC","RECREATIONAL PRODUCER","No","2026-03-16","2027-03-15",,,"Exempt from Public Disclosure","Josephine","Tier II","Indoor",
"020-1008921321D","GRIZZLY AGRICULTURE","GRIZZLY AGRICULTURE LLC","RECREATIONAL PRODUCER","No","2026-06-08","2027-06-07",,,"Exempt from Public Disclosure","Josephine","Tier II","Outdoor",
"020-1008331E287","Makru Farms","TRULY BLENDED LLC","RECREATIONAL PRODUCER","No","2026-05-16","2027-05-15",,,"Exempt from Public Disclosure","Clackamas","Tier II","Indoor",
"020-1007794316B","LTVR Heiple","LTVR HEIPLE LLC","RECREATIONAL PRODUCER","Yes","2021-09-17","2025-09-16",,,"Exempt from Public Disclosure","Clackamas","Tier II","Outdoor",
"020-1012354EB8D","Oregon's Top Shelf","OREGON'S TOP SHELF, LLC","RECREATIONAL PRODUCER","No","2026-06-17","2026-12-28",,,"Exempt from Public Disclosure","Lane","Tier II","Outdoor","Propagation Producer"
"020-100893187E2","Diamond Canna","CAVEMAN VENTURES, LLC","RECREATIONAL PRODUCER","Yes","2025-01-17","2025-05-17","2025-01-17",,"Exempt from Public Disclosure","Josephine","Micro Tier II","Indoor",
"020-10084116ED3","Apis Hyve LLC","APIS HYVE LLC","RECREATIONAL PRODUCER","No","2026-07-12","2027-07-11",,,"Exempt from Public Disclosure","Lane","Tier II","Mixed",
"020-10078140497","Wicked Cheeba, LLC","WICKED CHEEBA LLC","RECREATIONAL PRODUCER","No","2026-07-31","2027-07-30",,,"Exempt from Public Disclosure","Curry","Micro Tier II","Indoor",
"020-10124416000","High Stakes ","HIGH STAKES S&S, LLC","RECREATIONAL PRODUCER","Yes","2025-08-11","2026-06-07","2025-08-11",,"Exempt from Public Disclosure","Josephine","Tier II","Outdoor",
"020-1009772BE7F","Knownot","KNOWNOT LLC","RECREATIONAL PRODUCER","No","2026-06-05","2027-06-04",,,"Exempt from Public Disclosure","Jackson","Tier II","Mixed",
"020-10085652BB4","Local Variety ","LOCAL VARIETY, INC.","RECREATIONAL PRODUCER","No","2026-03-11","2027-03-10",,,"Exempt from Public Disclosure","Multnomah","Tier I","Indoor",
"020-10079870BD6","Antioch Gold","ANTIOCH LLC","RECREATIONAL PRODUCER","Yes","2025-08-21","2026-08-20",,,"Exempt from Public Disclosure","Jackson","Tier II","Outdoor",
"020-10061378DAE","De Terra","DE TERRA, LLC","RECREATIONAL PRODUCER","No","2026-06-03","2026-08-15",,,"Exempt from Public Disclosure","Clackamas","Tier II","Indoor",
"020-1009942225B","hard knock farms","HARD KNOCK FARMS LLC","RECREATIONAL PRODUCER","Yes","2024-01-11","2024-06-17","2024-06-26",,"Exempt from Public Disclosure","Coos","Micro Tier II","Indoor",
"020-1008624B00D","Daema Farms","VERDANT FARM, LLC","RECREATIONAL PRODUCER","No","2026-05-09","2027-05-08",,,"Exempt from Public Disclosure","Clackamas","Tier I","Indoor",
"020-1008081A7F3","Sticky Farms","G.O. FARMS LLC","RECREATIONAL PRODUCER","No","2026-03-25","2026-10-03",,,"Exempt from Public Disclosure","Clatsop","Tier I","Indoor",
"020-100726785B3","Shango","OREGON COMPASSION SOLUTIONS LLC || JULIE DUBOCQ","RECREATIONAL PRODUCER","Yes","2025-06-23","2025-07-12","2025-06-23",,"Exempt from Public Disclosure","Clackamas","Tier II","Mixed",
"020-1012447DAFA","MACDADDY FARMS, LLC","MACDADDY FARMS, LLC","RECREATIONAL PRODUCER","No","2026-01-25","2027-01-24",,,"Exempt from Public Disclosure","Jackson","Tier II","Outdoor",
"020-10104590FEE","Bad Rabbit Farms LLC","BAD RABBIT FARMS LLC","RECREATIONAL PRODUCER","Yes","2025-12-31","2026-01-09","2025-12-31",,"Exempt from Public Disclosure","Baker","Tier II","Indoor",
"020-100866673D0","Arcadia","HOLMAN ST VENTURES LLC","RECREATIONAL PRODUCER","Yes","2024-11-13","2025-03-07","2024-11-13",,"Exempt from Public Disclosure","Multnomah","Tier II","Indoor",
"020-1008865D85E","GREEN VALLEY HARVEST ","GREEN VALLEY HARVEST INC.","RECREATIONAL PRODUCER","Yes","2024-10-08","2024-07-05","2024-07-05",,"Exempt from Public Disclosure","Josephine","Tier II","Mixed",
"020-10061917141","Old Gold Gardens","OLD GOLD GARDENS LLC","RECREATIONAL PRODUCER","No","2026-07-24","2027-07-23",,,"Exempt from Public Disclosure","Jackson","Tier I","Outdoor",
"020-10081627BA2","Old Growth Gardens, LLC","OLD GROWTH GARDENS LLC","RECREATIONAL PRODUCER","No","2025-12-27","2026-12-26",,,"Exempt from Public Disclosure","Clackamas","Micro Tier II","Indoor",
"020-10081355D28","Trellis Farms","TRELLIS HOLDINGS OP - 5320 DICK GEORGE ROAD LLC","RECREATIONAL PRODUCER","No","2025-12-03","2026-12-02",,,"Exempt from Public Disclosure","Josephine","Tier II","Mixed",
"020-1008919BD73","SJT AGRICULTURE","SJT AGRICULTURE LLC","RECREATIONAL PRODUCER","No","2026-05-18","2027-02-08",,,"Exempt from Public Disclosure","Josephine","Tier II","Outdoor",
"020-1006416525E","SACRED FLOWER FARMS","SMPKNS S CORP","RECREATIONAL PRODUCER","No","2025-07-24","2026-07-23",,,"Exempt from Public Disclosure","Jackson","Tier II","Outdoor",
"020-100816760B7","Endless Green Summer Farms LLC","ENDLESS GREEN SUMMER FARMS LLC","RECREATIONAL PRODUCER","No","2026-05-31","2027-05-30",,,"Exempt from Public Disclosure","Josephine","Tier II","Outdoor",
"020-1008150DD22","Jack's Moonshine Ranch","JACK FRANCIS ONEIL","RECREATIONAL PRODUCER","Yes","2024-07-09","2024-10-29","2024-07-10",,"Exempt from Public Disclosure","Lincoln","Micro Tier I","Indoor",
"020-10089302091","YC CULTIVATION","YC CULTIVATION, LLC","RECREATIONAL PRODUCER","Yes","2024-10-04","2024-10-10","2024-10-04",,"Exempt from Public Disclosure","Jackson","Tier II","Outdoor",
"020-1010678D672","Blue and Yellow","BLUE AND YELLOW LLC","RECREATIONAL PRODUCER","No","2026-07-10","2027-07-09",,,"Exempt from Public Disclosure","Jackson","Tier II","Outdoor",
"020-1008747E24E","Cranky Cannabis","THC EQUITIES LLC","RECREATIONAL PRODUCER","Yes","2026-04-08","2026-06-26","2026-04-08",,"Exempt from Public Disclosure","Jackson","Micro Tier I","Outdoor",
"020-10074170314","Blue Star Farming Co","BLUE STAR FARMING CO LLC","RECREATIONAL PRODUCER","Yes","2025-04-01","2025-09-21","2025-04-01",,"Exempt from Public Disclosure","Lane","Tier II","Mixed",
"020-10066611297","Dank Bros, LLC","DANK BROS LLC","RECREATIONAL PRODUCER","Yes","2026-07-27","2027-03-26","2026-07-27",,"Exempt from Public Disclosure","Clackamas","Tier II","Indoor",
"020-1010740C490","Tao Gardens","RUDRA LLC","RECREATIONAL PRODUCER","No","2025-11-08","2026-11-07",,,"Exempt from Public Disclosure","Lane","Tier II","Indoor",
"020-1008873E6F1","Marigrow Farms","MGF LLC","RECREATIONAL PRODUCER","No","2026-06-26","2027-06-25",,,"Exempt from Public Disclosure","Washington","Tier I","Indoor",
"020-10087029BC5","Hydro League Farms, LLC","HYDRO LEAGUE FARMS, LLC","RECREATIONAL PRODUCER","Yes","2026-01-12","2026-07-02","2026-01-12",,"Exempt from Public Disclosure","Lane","Tier I","Indoor",
"020-10091450C38","Platinum Brotherz","SOUTHEASTERN HEADQUARTERS LLC","RECREATIONAL PRODUCER","No","2025-10-23","2026-10-22",,,"Exempt from Public Disclosure","Clackamas","Tier I","Indoor",
"020-10110720A5C","The Crop Shop Cannabis","CSC INVESTMENTS LLC","RECREATIONAL PRODUCER","No","2025-11-17","2026-11-16",,,"Exempt from Public Disclosure","Deschutes","Tier I","Indoor",
"020-10089123680","Cultivate Jo","MNG OP-2581 DICK GEORGE ROAD 2 LLC","RECREATIONAL PRODUCER","No","2026-05-18","2027-03-29",,,"Exempt from Public Disclosure","Josephine","Tier II","Outdoor",
"020-1008796FA70","Prime Pine Co","D&C HOLDINGS LLC","RECREATIONAL PRODUCER","Yes","2025-09-03","2026-07-26","2025-09-03",,"Exempt from Public Disclosure","Clackamas","Micro Tier II","Indoor",
"020-10091902294","oreKron 2","CAREY NIKLAS DARNELL LLC","RECREATIONAL PRODUCER","No","2026-07-08","2027-07-07",,,"Exempt from Public Disclosure","Josephine","Tier II","Outdoor",
"020-1009218671A","Crop Valley","CROP VALLEY LLC","RECREATIONAL PRODUCER","Yes","2025-04-18","2025-06-05","2025-04-18",,"Exempt from Public Disclosure","Lane","Micro Tier I","Indoor",
"020-101113767E4","Royalty Green, LLC","ROYALTY GREEN, LLC","RECREATIONAL PRODUCER","No","2026-05-27","2026-12-28",,,"Exempt from Public Disclosure","Jackson","Tier II","Mixed",
"020-1009160A69D","Sasha Gardens","SASHA GARDENS, LLC","RECREATIONAL PRODUCER","No","2026-06-12","2027-06-11",,,"Exempt from Public Disclosure","Josephine","Tier II","Outdoor",
"020-100886707AF","Mirson Farms LLC","MIRSON FARMS LLC","RECREATIONAL PRODUCER","No","2026-05-18","2027-05-17",,,"Exempt from Public Disclosure","Polk","Tier I","Indoor",
"020-1006729FA8B","Coastal Craft 1","COASTAL CRAFT ENTERPRISES, LLC","RECREATIONAL PRODUCER","No","2026-02-20","2027-02-19",,,"Exempt from Public Disclosure","Tillamook","Tier II","Mixed",
"020-1011159BFAA","Crystal Acres LLC","CRYSTAL ACRES LLC","RECREATIONAL PRODUCER","No","2026-08-27","2027-04-29",,,"Exempt from Public Disclosure","Josephine","Tier II","Outdoor","Propagation Producer"
"020-1009178C49A","Oregon Blooms, LLC","OREGON BLOOMS, LLC","RECREATIONAL PRODUCER","No","2025-10-05","2026-10-04",,,"Exempt from Public Disclosure","Lane","Tier I","Indoor",
"020-10089238F2F","GRIZZLY AGRICULTURE","GRIZZLY AGRICULTURE LLC","RECREATIONAL PRODUCER","No","2026-06-08","2027-06-07",,,"Exempt from Public Disclosure","Josephine","Tier II","Mixed",
"020-10067603207","Seavey Loop Farms","PLACIDO INVESTMENTS LLC","RECREATIONAL PRODUCER","No","2025-06-21","2026-06-20",,,"Exempt from Public Disclosure","Lane","Tier II","Outdoor",
"020-1011174E6FD","Cannaponix","CRAFT SOLUTIONS","RECREATIONAL PRODUCER","No","2026-04-20","2027-04-19",,,"Exempt from Public Disclosure","Linn","Micro Tier I","Indoor",
"020-10091970534","Cloud 9INE","CLOUD 9INE LLC","RECREATIONAL PRODUCER","Yes","2025-04-28","2025-08-15","2025-04-28",,"Exempt from Public Disclosure","Lane","Tier I","Indoor",
"020-1009048736B","TieDie Farms","TIEDIE FARMS LLC","RECREATIONAL PRODUCER","Yes","2025-07-02","2026-02-10","2025-07-02",,"Exempt from Public Disclosure","Josephine","Tier II","Outdoor",
"020-10067963FB5","Family Trees","PEG'N SON, LLC","RECREATIONAL PRODUCER","No","2025-10-31","2026-10-30",,,"Exempt from Public Disclosure","Tillamook","Micro Tier I","Indoor",
"020-10115447479","Lore","LORE LLC","RECREATIONAL PRODUCER","Yes","2025-05-29","2026-04-04","2025-05-29",,"Exempt from Public Disclosure","Jackson","Tier II","Outdoor",
"020-1009213F09B","Arise Cannabis","M & J AGRONOMICS, LLC","RECREATIONAL PRODUCER","No","2026-07-16","2027-07-15",,,"Exempt from Public Disclosure","Lane","Tier II","Indoor",
"020-1009174E94B","Oregon Best Flower Farm (O-BFF) LLC","OREGON BEST FLOWER FARM LLC","RECREATIONAL PRODUCER","Yes","2025-02-17","2026-02-16",,,"Exempt from Public Disclosure","Columbia","Tier II","Mixed","Medically Designated Canopy, Propagation Producer"
"020-100680545A4","AAA PRODUCTIONS LLC","AAA PRODUCTIONS, LLC","RECREATIONAL PRODUCER","Yes","2026-06-22","2026-07-26","2026-06-22",,"Exempt from Public Disclosure","Josephine","Tier II","Outdoor",
"020-101182097C3","Hotbox Farms","HOTBOX FARMS LLC","RECREATIONAL PRODUCER","No","2026-08-17","2027-06-28",,,"Exempt from Public Disclosure","Malheur","Micro Tier II","Indoor",
"020-10092798571","Indo Supply","INDO SUPPLY CO","RECREATIONAL PRODUCER","Yes","2025-02-25","2025-05-30","2025-02-25",,"Exempt from Public Disclosure","Clackamas","Tier I","Indoor",
"020-1009181B925","AGFO LLC","AGFO LLC","RECREATIONAL PRODUCER","No","2026-06-25","2027-06-24",,,"Exempt from Public Disclosure","Josephine","Tier II","Outdoor",
"020-1006817C854","Culla Enterprise LLC","CULLA ENTERPRISE LLC","RECREATIONAL PRODUCER","No","2026-06-10","2027-06-09",,,"Exempt from Public Disclosure","Jackson","Tier II","Outdoor",
"020-10118409B73","OBSESHN","SECRET GARDEN FARMS LLC","RECREATIONAL PRODUCER","No","2026-03-09","2027-03-08",,,"Exempt from Public Disclosure","Lane","Tier II","Indoor",
"020-10093106808","JNB Enterprise ","JNB ENTERPRISE LLC","RECREATIONAL PRODUCER","No","2025-11-10","2026-11-09",,,"Exempt from Public Disclosure","Jackson","Tier II","Outdoor",
"020-1009214C36E","EEKE, LLC","EEKE, LLC","RECREATIONAL PRODUCER","Yes","2024-11-19","2025-11-18",,,"Exempt from Public Disclosure","Washington","Tier II","Outdoor",
"020-1009240C1C3","Happy Buddha Botanicals, LLC","HAPPY BUDDHA BOTANICALS, LLC","RECREATIONAL PRODUCER","No","2025-08-27","2026-08-26",,,"Exempt from Public Disclosure","Jackson","Tier I","Indoor",
"020-1006869E6E8","BUD BROS FARMS LLC","BUD BROS FARMS LLC","RECREATIONAL PRODUCER","No","2025-09-08","2026-09-07",,,"Exempt from Public Disclosure","Josephine","Tier II","Outdoor",
"020-1011918C77F","RoseSol","ROSESOL HOLDINGS II, LLC","RECREATIONAL PRODUCER","Yes","2024-05-19","2025-05-18","2024-06-05",,"Exempt from Public Disclosure","Jackson","Tier II","Outdoor",
"020-1009466153A","Three Bros Grows, LLC","THREE BROS GROWS, LLC","RECREATIONAL PRODUCER","No","2026-08-10","2027-08-09",,,"Exempt from Public Disclosure","Tillamook","Tier I","Indoor",
"020-1009591D6FD","Capybara Cannabis","LOWER ROGUE FARMS LLC","RECREATIONAL PRODUCER","No","2026-08-22","2027-08-21",,,"Exempt from Public Disclosure","Josephine","Tier I","Mixed",
"020-1006933D226","Rising Leaf Farms, LLC","RISING LEAF FARMS, LLC","RECREATIONAL PRODUCER","No","2025-10-05","2026-10-04",,,"Exempt from Public Disclosure","Lane","Tier II","Mixed",
"020-1012120737F","DTiger Farms","DTIGER FARMS, LLC","RECREATIONAL PRODUCER","Yes","2025-10-19","2026-10-18",,,"Exempt from Public Disclosure","Josephine","Tier II","Outdoor",
"020-10094844EA2","Utokia","UTOKIA, LLC","RECREATIONAL PRODUCER","Yes","2025-08-06","2026-05-24","2025-08-06",,"Exempt from Public Disclosure","Clackamas","Micro Tier I","Indoor",
"020-10095861479","Outdoor Farms Inc.","OUTDOOR FARMS, INC","RECREATIONAL PRODUCER","No","2025-12-18","2026-12-17",,,"Exempt from Public Disclosure","Josephine","Tier II","Outdoor",
"020-1012540AA92","M & J Agronomics","M & J AGRONOMICS, LLC","RECREATIONAL PRODUCER","No","2025-12-24","2026-10-25",,,"Exempt from Public Disclosure","Lane","Tier II","Indoor",
"020-1008229A35F","Paschal Farms","PASCHAL FARMS, INC","RECREATIONAL PRODUCER","No","2026-06-08","2027-06-07",,,"Exempt from Public Disclosure","Clackamas","Tier I","Indoor",
"020-1009710E832","Zion Roots","ZION ROOTS LLC","RECREATIONAL PRODUCER","Yes","2026-02-09","2026-04-17","2026-02-09",,"Exempt from Public Disclosure","Josephine","Tier II","Mixed",
"020-1009935E487","Happy Daddy Gardens","HAPPY DADDY GARDENS CORPORATION","RECREATIONAL PRODUCER","Yes","2026-07-14","2026-12-04","2026-07-14",,"Exempt from Public Disclosure","Clackamas","Micro Tier I","Indoor",
"020-1012562D36D","Sowing Seeds","SOWING SEEDS LLC","RECREATIONAL PRODUCER","No","2026-07-20","2027-07-05",,,"Exempt from Public Disclosure","Jackson","Tier II","Outdoor",
"020-10083322EE4","Eagle Valley Farm LLC","EAGLE VALLEY FARM LLC","RECREATIONAL PRODUCER","No","2026-04-27","2027-04-26",,,"Exempt from Public Disclosure","Clackamas","Tier I","Indoor",
"020-100981218E2","Backwood Organics","BACKWOOD ORGANICS, LLC","RECREATIONAL PRODUCER","Yes","2026-01-15","2026-10-15","2026-01-15",,"Exempt from Public Disclosure","Columbia","Tier I","Mixed",
"020-10075189653","Epic Flower LLC","EPIC FLOWER LLC","RECREATIONAL PRODUCER","No","2026-04-13","2027-04-12",,,"Exempt from Public Disclosure","Linn","Tier I","Indoor",
"020-10133886539","Halo Labs; Hush; Hushcanna","ANM, INC.","RECREATIONAL PRODUCER","Yes","2024-04-03","2025-01-29","2024-10-07",,"Exempt from Public Disclosure","Jackson","Tier II","Outdoor",
"020-10083749EE1","Jessi James Gardens","JESSI JAMES GARDENS LLC","RECREATIONAL PRODUCER","No","2025-12-19","2026-12-18",,,"Exempt from Public Disclosure","Yamhill","Micro Tier I","Indoor","Medically Designated Canopy"
"020-10095058281","Northwest Soiltech LLC","NORTHWEST SOILTECH LLC","RECREATIONAL PRODUCER","No","2026-03-19","2027-03-18",,,"Exempt from Public Disclosure","Deschutes","Tier I","Indoor",
"020-10102894797","Sacred Acres","SACRED ACRES HOLDINGS LLC","RECREATIONAL PRODUCER","No","2026-01-05","2027-01-04",,,"Exempt from Public Disclosure","Jackson","Tier II","Mixed","Medically Designated Canopy, Propagation Producer"
"020-10133891F64","Halo Labs; Hush; Hushcanna","ANM, INC.","RECREATIONAL PRODUCER","Yes","2024-10-03","2025-01-29","2024-10-07",,"Exempt from Public Disclosure","Jackson","Tier II","Outdoor",
"020-1007529DA61","Terpene Gardens","TERPENE GARDENS, INC.","RECREATIONAL PRODUCER","No","2026-01-02","2027-01-01",,,"Exempt from Public Disclosure","Lane","Micro Tier II","Indoor",
"020-1007176ECDE","EliteXtrx, LLC","ELITEXTRX, LLC","RECREATIONAL PRODUCER","Yes","2026-04-20","2027-01-04","2026-04-20",,"Exempt from Public Disclosure","Multnomah","Micro Tier I","Indoor",
"020-1009920D848","Guo 168 LLC","GUO 168 LLC","RECREATIONAL PRODUCER","No","2026-02-13","2027-02-12",,,"Exempt from Public Disclosure","Clackamas","Tier I","Indoor",
"020-10140652AA4","La Mota ","LA MOTA FARMS, LLC","RECREATIONAL PRODUCER","No","2026-07-08","2026-07-22",,,"Exempt from Public Disclosure","Washington","Tier II","Mixed",
"020-10121638F90","Clackamas Farms LLC","CLACKAMAS FARMS LLC","RECREATIONAL PRODUCER","No","2026-03-03","2027-03-02",,,"Exempt from Public Disclosure","Clackamas","Micro Tier I","Indoor",
"020-10071771A8C","Siren","HARDWOODS, INC.","RECREATIONAL PRODUCER","No","2026-04-24","2027-04-23",,,"Exempt from Public Disclosure","Clackamas","Tier I","Indoor",
"020-10099916FE4","Gud Gardens","GUD CULTURES LLC","RECREATIONAL PRODUCER","No","2026-02-05","2027-02-04",,,"Exempt from Public Disclosure","Josephine","Tier II","Mixed",
"020-1014217BF66","Harmony Roots LLC","HARMONY ROOTS LLC","RECREATIONAL PRODUCER","No","2026-05-29","2027-04-15",,,"Exempt from Public Disclosure","Clackamas","Tier I","Indoor",
"020-101226216BD","Conscious Cultivators","CONSCIOUS CULTIVATORS INC.","RECREATIONAL PRODUCER","No","2025-12-09","2026-12-08",,,"Exempt from Public Disclosure","Linn","Tier II","Mixed","Propagation Producer"
"020-1007271ACE7","HqO","HIGH QUALITY ORGANIC LLC.","RECREATIONAL PRODUCER","Yes","2026-06-03","2027-05-13","2026-06-03",,"Exempt from Public Disclosure","Jackson","Tier I","Indoor",
"020-10100894954","Kara Michele LLC","KARA MICHELE","RECREATIONAL PRODUCER","No","2026-03-04","2027-03-03",,,"Exempt from Public Disclosure","Josephine","Tier II","Outdoor",
"020-10146613F29","TJ's Gardens (SPR)","OPCO PRODUCTION 1 LLC","RECREATIONAL PRODUCER","Yes","2023-09-04","2024-06-07","2024-06-07",,"Exempt from Public Disclosure","Lane","Tier II","Indoor",
"020-10122967327","J and F LLC","J AND F LLC","RECREATIONAL PRODUCER","No","2026-08-09","2027-08-08",,,"Exempt from Public Disclosure","Clackamas","Tier II","Indoor",
"020-1010130FC7D","Euphoria 4 You","EUPHORIA 4 YOU, LLC","RECREATIONAL PRODUCER","Yes","2026-03-02","2026-03-02","2026-03-02",,"Exempt from Public Disclosure","Columbia","Micro Tier I","Indoor",
"020-1008379BB7C","Garden First Cannabis","GARDEN FIRST LLC","RECREATIONAL PRODUCER","No","2026-02-28","2027-02-27",,,"Exempt from Public Disclosure","Linn","Tier I","Indoor",
"020-10146817362","Pacific North West Farms","PACIFIC NW FARMS, LLC","RECREATIONAL PRODUCER","No","2026-06-16","2027-06-15",,,"Exempt from Public Disclosure","Jackson","Tier II","Mixed",
"020-1012860709D","SBDC Services LLC","SBDC SERVICES LLC","RECREATIONAL PRODUCER","Yes","2024-02-10","2025-02-09",,,"Exempt from Public Disclosure","Wasco","Tier I","Outdoor",
"020-1010164173F","Angel Hill Farms","ANGEL HILL FARMS LLC","RECREATIONAL PRODUCER","Yes","2026-05-26","2026-05-26","2026-05-26",,"Exempt from Public Disclosure","Clackamas","Tier II","Indoor","Medically Designated Canopy"
"020-10084784428","JPS ENTERPRISES LLC","JPS ENTERPRISES LLC","RECREATIONAL PRODUCER","Yes","2026-05-08","2026-06-06","2026-05-08",,"Exempt from Public Disclosure","Josephine","Tier II","Mixed",
"020-10148708135","West Coast Organics AG ","WEST COAST ORGANICS AG LLC","RECREATIONAL PRODUCER","Yes","2026-05-04","2027-02-13","2026-05-04",,"Exempt from Public Disclosure","Josephine","Tier II","Indoor",
"020-10130298E23","The House of Dank LLC","THE HOUSE OF DANK LLC","RECREATIONAL PRODUCER","Yes","2026-04-14","2026-12-14","2026-04-14",,"Exempt from Public Disclosure","Coos","Micro Tier II","Indoor",
"020-101047053EA","Million Elephants","MILLION ELEPHANTS LLC","RECREATIONAL PRODUCER","No","2026-06-18","2027-06-17",,,"Exempt from Public Disclosure","Jackson","Tier II","Outdoor",
"020-101010589E8","Cloud House","VIRIDIS, LLC","RECREATIONAL PRODUCER","Yes","2024-12-03","2025-06-25","2024-12-03",,"Exempt from Public Disclosure","Jackson","Micro Tier II","Indoor","Micro-Tier Processing Producer"
"020-101045587EA","Douglas Brothers Farming Co.","DOUGLAS BROTHERS LLC","RECREATIONAL PRODUCER","Yes","2025-09-23","2026-07-22","2025-09-23",,"Exempt from Public Disclosure","Clackamas","Tier II","Indoor",
"020-1007603646A","RDNA Production, Inc.","RDNA PRODUCTION, INC.","RECREATIONAL PRODUCER","Yes","2026-01-28","2026-04-02","2026-01-28",,"Exempt from Public Disclosure","Lane","Tier I","Indoor",
"020-101502807DE","Garden Classics","BROTHERS GARCIA, INC","RECREATIONAL PRODUCER","No","2026-07-07","2027-07-06",,,"Exempt from Public Disclosure","Josephine","Tier II","Outdoor",
"020-10073026078","Buddies Farms","COOK INVESTMENTS NORTHWEST OREGON, LLC","RECREATIONAL PRODUCER","No","2026-08-27","2027-07-27",,,"Exempt from Public Disclosure","Jackson","Tier II","Indoor",
"020-1010160E989","Forked Horn Farms ","FORKED HORN FARMS LLC","RECREATIONAL PRODUCER","No","2026-04-02","2027-04-01",,,"Exempt from Public Disclosure","Jackson","Micro Tier II","Indoor",
"020-10105323BAE","Goody Gumdrop Gardens LLC","GOODY GUMDROP GARDENS LLC","RECREATIONAL PRODUCER","Yes","2023-12-20","2024-10-24",,,"Exempt from Public Disclosure","Josephine","Tier II","Outdoor",
"020-1015960061C","Flower Family Farms","845 SUGAR LLC","RECREATIONAL PRODUCER","No","2025-09-23","2026-09-22",,,"Exempt from Public Disclosure","Multnomah","Tier II","Indoor",
"020-10073089A12","Project 13 Corporation","PROJECT 13 CORPORATION","RECREATIONAL PRODUCER","No","2025-09-05","2026-09-04",,,"Exempt from Public Disclosure","Clackamas","Tier II","Indoor",
"020-10101873A00","Fire District","FD, LLC","RECREATIONAL PRODUCER","Yes","2024-11-15","2025-01-10",,,"Exempt from Public Disclosure","Jackson","Tier II","Outdoor",
"020-10105420678","SHIVELING ENTERPRISE, LLC","SHIVELING ENTERPRISE, LLC","RECREATIONAL PRODUCER","No","2026-05-30","2027-05-29",,,"Exempt from Public Disclosure","Josephine","Tier II","Outdoor",
"020-10160382287","Pankees","PDX FACTOR LLC","RECREATIONAL PRODUCER","Yes","2026-02-19","2027-01-31","2026-02-19",,"Exempt from Public Disclosure","Washington","Tier I","Indoor",
"020-10073765378","La Mota Front Ave LLC","LA MOTA FRONT AVE LLC","RECREATIONAL PRODUCER","No","2026-07-06","2027-01-02",,,"Exempt from Public Disclosure","Multnomah","Micro Tier II","Indoor",
"020-10105066116","Infinite Tree","INFINITE TREE, INC","RECREATIONAL PRODUCER","No","2026-04-15","2027-04-14",,,"Exempt from Public Disclosure","Josephine","Tier II","Outdoor",
"020-1010203360A","SBIG LLC","SBIG LLC","RECREATIONAL PRODUCER","Yes","2025-04-24","2025-04-29","2025-04-24",,"Exempt from Public Disclosure","Coos","Tier I","Indoor",
"020-1007688D38D","Dutch Valley Farms","DUTCH VALLEY FARMS LLC","RECREATIONAL PRODUCER","Yes","2026-01-11","2026-04-26","2026-01-11",,"Exempt from Public Disclosure","Clackamas","Micro Tier I","Indoor",
"020-1013393A677","Halo Labs; Hush; Hushcanna","ANM, INC.","RECREATIONAL PRODUCER","Yes","2025-01-30","2026-01-29","2025-01-31",,"Exempt from Public Disclosure","Jackson","Micro Tier I","Indoor",
"020-101051999A8","High Hopes Enterprises LLC","HIGH HOPES ENTERPRISES LLC","RECREATIONAL PRODUCER","Yes","2026-07-21","2026-08-31","2026-07-21",,"Exempt from Public Disclosure","Josephine","Micro Tier I","Indoor",
"020-1010246C761","Just Add Music","JUST ADD MUSIC, LLC","RECREATIONAL PRODUCER","Yes","2024-11-21","2025-05-19","2024-11-21",,"Exempt from Public Disclosure","Yamhill","Micro Tier II","Indoor","Micro-Tier Processing Producer"
"020-101060280D7","Green Clover Farms","COPP FAMILY LLC","RECREATIONAL PRODUCER","Yes","2024-12-09","2025-09-27","2024-12-09",,"Exempt from Public Disclosure","Clackamas","Tier II","Indoor",
"020-10141129AC2","Dankside Ranch","DANKSIDE RANCH LLC","RECREATIONAL PRODUCER","No","2026-07-20","2027-07-19",,,"Exempt from Public Disclosure","Jackson","Tier I","Indoor",
"020-1010603194C","Illumination Craft Cannabis","WMP ENTERPRISES LLC.","RECREATIONAL PRODUCER","Yes","2025-12-19","2026-10-09","2025-12-19",,"Exempt from Public Disclosure","Clackamas","Tier I","Indoor",
"020-10103119F97","Kado","HILLSIDE GARDEN CO LLC","RECREATIONAL PRODUCER","Yes","2025-04-24","2025-06-19","2025-04-24",,"Exempt from Public Disclosure","Clackamas","Micro Tier I","Mixed",
"020-1010625F748","Southern Oregon Moonshine","SOFF LLC","RECREATIONAL PRODUCER","No","2026-08-09","2027-08-08",,,"Exempt from Public Disclosure","Josephine","Tier II","Outdoor",
"020-10141533D6A","The Lusted Road ","THE LUSTED ROAD COMPANY LLC","RECREATIONAL PRODUCER","No","2025-10-19","2026-10-18",,,"Exempt from Public Disclosure","Clackamas","Micro Tier II","Indoor",
"020-10141533D6A","The Lusted Road ","THE LUSTED ROAD COMPANY LLC","RECREATIONAL PRODUCER","No","2026-10-19","2027-10-18",,,"Exempt from Public Disclosure","Clackamas","Micro Tier II","Indoor",
"020-10106102D4F","Green American Farm","GREEN AMERICAN FARM, LLC","RECREATIONAL PRODUCER","No","2026-08-29","2027-08-28",,,"Exempt from Public Disclosure","Jackson","Tier II","Outdoor",
"020-10108032C95","Stay Hai","STAY HAI LLC","RECREATIONAL PRODUCER","Yes","2025-03-26","2025-03-31","2025-03-26",,"Exempt from Public Disclosure","Josephine","Tier II","Outdoor",
"020-1010658331F","Las Lomas Butte Game Farm","LAS LOMAS BUTTE GAME FARM","RECREATIONAL PRODUCER","No","2025-10-01","2026-09-30",,,"Exempt from Public Disclosure","Josephine","Tier II","Outdoor",
"020-1014468F6EB","Harvest Dome","VIVADOME ONE LLC","RECREATIONAL PRODUCER","Yes","2023-12-24","2024-12-23",,,"Exempt from Public Disclosure","Jackson","Tier II","Indoor",
"020-10106867CBC","Million Elephants","MILLION ELEPHANTS LLC","RECREATIONAL PRODUCER","No","2026-08-30","2027-08-29",,,"Exempt from Public Disclosure","Jackson","Tier II","Outdoor",
"020-1010895324D","Dutch Leaf Co.","DUTCH LEAF CO.","RECREATIONAL PRODUCER","Yes","2026-04-01","2026-12-15","2026-04-01",,"Exempt from Public Disclosure","Washington","Micro Tier I","Indoor",
"020-1010782EDC6","EPRE-1 LLC","EPRE-1 LLC","RECREATIONAL PRODUCER","Yes","2025-06-09","2025-06-13","2025-06-09",,"Exempt from Public Disclosure","Jackson","Tier II","Outdoor",
"020-1014488DF9C","Dub City Farms","DUB CITY FARMS LLC","RECREATIONAL PRODUCER","No","2025-11-20","2026-11-19",,,"Exempt from Public Disclosure","Jackson","Tier II","Outdoor",
"020-101122971F2","ZIVA FARMS LLC","ZIVA FARMS LLC","RECREATIONAL PRODUCER","No","2026-03-15","2027-03-14",,,"Exempt from Public Disclosure","Lane","Micro Tier I","Indoor",
"020-10110064D70","High Quality Flora","HIGH QUALITY FLORA, LLC","RECREATIONAL PRODUCER","Yes","2025-07-16","2026-03-09",,,"Exempt from Public Disclosure","Jackson","Tier II","Indoor",
"020-1010858AB0B","Rocky Top Organic Farms, LLC","ROCKY TOP ORGANIC FARMS, LLC","RECREATIONAL PRODUCER","No","2026-06-09","2027-03-25",,,"Exempt from Public Disclosure","Jackson","Tier II","Outdoor",
"020-1014544E939","Effective Holdings LLC ","EFFECTIVE HOLDINGS LLC","RECREATIONAL PRODUCER","Yes","2025-03-19","2025-04-20","2025-03-19",,"Exempt from Public Disclosure","Josephine","Tier II","Mixed",
"020-101149716D6","Vaksana Gardens","VSG INC","RECREATIONAL PRODUCER","Yes","2026-05-07","2027-02-17","2026-05-07",,"Exempt from Public Disclosure","Marion","Micro Tier I","Indoor","Micro-Tier Processing Producer"
"020-1011026D844","West Coast Organics","WEST COAST ORGANICS LLC","RECREATIONAL PRODUCER","No","2026-01-20","2027-01-19",,,"Exempt from Public Disclosure","Curry","Tier II","Indoor",
"020-1011143537F","FHOTD LLC","FHOTD LLC","RECREATIONAL PRODUCER","No","2026-06-22","2026-12-16",,,"Exempt from Public Disclosure","Josephine","Tier II","Mixed",
"020-10149624D8F","Organic Theory","IRON ROAD ENTERPRISES LLC","RECREATIONAL PRODUCER","No","2026-05-26","2027-05-25",,,"Exempt from Public Disclosure","Lincoln","Tier I","Indoor",
"020-1007414F1C9","Nakd Farms","PLACIDO INVESTMENTS LLC","RECREATIONAL PRODUCER","Yes","2026-02-10","2026-06-30","2026-02-10",,"Exempt from Public Disclosure","Lane","Tier II","Outdoor",
"020-1011404A62D","Southwest Oregon Farms","SOUTHWEST OREGON FARMS LLC","RECREATIONAL PRODUCER","No","2026-03-04","2027-03-03",,,"Exempt from Public Disclosure","Josephine","Tier II","Outdoor","Propagation Producer"
"020-10111923FF3","Moto Perpetuo Farm","MOTO PERPETUO FARM LLC","RECREATIONAL PRODUCER","Yes","2024-10-07","2025-09-05",,,"Exempt from Public Disclosure","Josephine","Tier II","Outdoor",
"020-1015581D9AC","SCD Farm","SCD FARM, LLC","RECREATIONAL PRODUCER","No","2025-12-16","2026-12-15",,,"Exempt from Public Disclosure","Linn","Tier I","Mixed",
"020-1007507B574","LUANKA COLLECTIVE","LUANKA COLLECTIVE LLC","RECREATIONAL PRODUCER","Yes","2025-03-11","2025-04-19","2025-03-11",,"Exempt from Public Disclosure","Curry","Tier II","Outdoor",
"020-101152569FD","PureJoy Gardens LLC","PUREJOY GARDENS LLC","RECREATIONAL PRODUCER","No","2026-02-22","2027-02-21",,,"Exempt from Public Disclosure","Washington","Micro Tier II","Outdoor",
"020-1007764A176","Red Barn Organics II, LLC","RED BARN ORGANICS II, LLC","RECREATIONAL PRODUCER","No","2026-01-05","2027-01-04",,,"Exempt from Public Disclosure","Jackson","Tier II","Mixed",
"020-1016215E4B7","RG Consulting","RG CONSULTING LLC","RECREATIONAL PRODUCER","Yes","2024-06-05","2024-06-15","2024-06-05",,"Exempt from Public Disclosure","Washington","Tier II","Outdoor",
"020-10117065475","FIGJAM","FIGJAM, INC.","RECREATIONAL PRODUCER","Yes","2026-04-16","2026-07-05","2026-04-16","83-0783118","Exempt from Public Disclosure","Josephine","Tier II","Outdoor",
"020-1007805A6C3","Chronic Herbivores, LLC","CHRONIC HERBIVORES, LLC","RECREATIONAL PRODUCER","No","2026-06-21","2027-06-20",,,"Exempt from Public Disclosure","Jackson","Tier II","Outdoor",
"020-1011535C363","No Ka Oi Farms","GARDEN NO KA OI LLC","RECREATIONAL PRODUCER","Yes","2026-08-05","2027-05-16","2026-08-05",,"Exempt from Public Disclosure","Jackson","Tier I","Mixed",
"020-10162829DCA","Nectar Markets, LLC","NECTAR MARKETS, LLC","RECREATIONAL PRODUCER","No","2026-04-16","2027-04-15",,,"Exempt from Public Disclosure","Josephine","Tier II","Outdoor",
"020-10117859436","Stoney Girl","SG FARMS, LLC","RECREATIONAL PRODUCER","Yes","2025-01-24","2025-06-09","2025-01-24",,"Exempt from Public Disclosure","Jackson","Tier I","Outdoor",
"020-10079824036","Sunlight Ridge, LLC","SUNLIGHT RIDGE, LLC","RECREATIONAL PRODUCER","Yes","2026-02-24","2026-03-01","2026-02-24",,"Exempt from Public Disclosure","Clackamas","Tier I","Indoor","Propagation Producer"
"020-1011676A1FB","Potluck farms","COLLABORATION CAHOOTS INC.","RECREATIONAL PRODUCER","No","2026-05-20","2027-05-19",,,"Exempt from Public Disclosure","Multnomah","Micro Tier II","Indoor","Micro-Tier Processing Producer"
"020-1016468D6CA","Mohawk Valley Cannabis","MP AG LLC","RECREATIONAL PRODUCER","No","2025-08-25","2026-08-24",,,"Exempt from Public Disclosure","Lane","Tier II","Mixed",
"020-1011997E2FD","Pheno-Terra Farms","PHENO-TERRA LLC","RECREATIONAL PRODUCER","No","2026-06-11","2026-10-13",,,"Exempt from Public Disclosure","Clackamas","Tier II","Indoor",
"020-10081932677","Stik Man Farms Inc. ","STIK MAN FARMS INC","RECREATIONAL PRODUCER","Yes","2022-06-22","2023-06-21",,,"Exempt from Public Disclosure","Lane","Tier II","Indoor",
"020-1011681C761","Owl Farms","OWL FARM, LLC","RECREATIONAL PRODUCER","Yes","2025-06-26","2026-01-06","2025-06-26",,"Exempt from Public Disclosure","Lane","Micro Tier II","Indoor","Micro-Tier Processing Producer"
"020-10164956317","Iron Lung","IRON LUNG, LLC","RECREATIONAL PRODUCER","Yes","2025-02-25","2025-04-05","2025-02-25",,"Exempt from Public Disclosure","Yamhill","Tier II","Indoor",
"020-10120637959","Leap Frog Farms","LEAP FROG FARMS LLC","RECREATIONAL PRODUCER","Yes","2024-08-15","2025-03-31","2024-08-20",,"Exempt from Public Disclosure","Josephine","Tier II","Outdoor","Propagation Producer"
"020-10082046CA2","Bolt Mountain Cannabis - Green Passion LLC","GREEN PASSION LLC","RECREATIONAL PRODUCER","No","2026-03-12","2027-03-11",,,"Exempt from Public Disclosure","Josephine","Tier II","Outdoor",
"020-10119491DF9","Cannabis Valley, LLC","CANNABIS VALLEY, LLC","RECREATIONAL PRODUCER","Yes","2026-07-20","2027-04-19","2026-07-20",,"Exempt from Public Disclosure","Lane","Tier I","Indoor",
"020-1016522EE88","TLO Farms","THC CULTIVATION LLC","RECREATIONAL PRODUCER","Yes","2025-08-20","2026-04-12","2025-08-20",,"Exempt from Public Disclosure","Deschutes","Tier I","Mixed",
"020-1012070422F","Angell Investor","ANGELL INVESTOR, LLC","RECREATIONAL PRODUCER","No","2025-11-10","2026-11-09",,,"Exempt from Public Disclosure","Jackson","Tier II","Outdoor",
"020-10085644AA4","Garden Of The Gods ","GARDEN OF THE GODS LLC","RECREATIONAL PRODUCER","No","2026-05-31","2027-05-30",,,"Exempt from Public Disclosure","Washington","Micro Tier II","Indoor",
"020-1012011B9B8","POCCO","POCCO LLC","RECREATIONAL PRODUCER","Yes","2024-12-23","2025-04-11","2024-12-23",,"Exempt from Public Disclosure","Josephine","Tier II","Outdoor",
"020-1016549BD22","Integrity Farms","TEGRIDY FARMS LLC","RECREATIONAL PRODUCER","No","2026-07-08","2027-07-07",,,"Exempt from Public Disclosure","Lane","Tier II","Mixed","Propagation Producer"
"020-1012277E5C2","Gum Tree Farms LLC","GUM TREE FARMS LLC","RECREATIONAL PRODUCER","No","2025-07-07","2026-07-06",,,"Exempt from Public Disclosure","Jackson","Tier II","Outdoor",
"020-10087422283","Midnight Fruit Company/ Love Mary","SCALED VENTURES, LLC","RECREATIONAL PRODUCER","No","2026-06-25","2027-06-24",,,"Exempt from Public Disclosure","Multnomah","Tier I","Indoor",
"020-1008810E609","Pacific Grove","PACIFIC GROVE LLC/ BLACK DIAMOND PROPERTIES LLC","RECREATIONAL PRODUCER","No","2025-10-11","2026-10-10",,,"Exempt from Public Disclosure","Multnomah","Tier I","Indoor",
"020-1012032ECC7","Casa Sol","CASA SOL LLC","RECREATIONAL PRODUCER","No","2025-10-02","2026-10-01",,,"Exempt from Public Disclosure","Jackson","Tier II","Indoor",
"020-101659888C1","Oregon Pineapple","OREGON PINEAPPLE LLC","RECREATIONAL PRODUCER","Yes","2025-06-06","2026-04-12","2025-06-06",,"Exempt from Public Disclosure","Jackson","Tier II","Outdoor",
"020-10124431952","Sugar Tree Farm 3","SUGAR TREE FARM LLC","RECREATIONAL PRODUCER","No","2026-01-26","2027-01-25",,,"Exempt from Public Disclosure","Jackson","Tier II","Outdoor",
"020-1008869CB85","TH3 Farms","RUSSERICK ENTERPRISES LLC","RECREATIONAL PRODUCER","No","2026-07-02","2027-07-01",,,"Exempt from Public Disclosure","Jackson","Tier II","Mixed",
"020-1012257DC10","Orion's Garden LLC","ORION'S GARDEN LLC","RECREATIONAL PRODUCER","No","2026-01-11","2027-01-10",,,"Exempt from Public Disclosure","Linn","Tier I","Indoor",
"020-10166058916","Green Thumb Gardens","GTG OREGON LLC","RECREATIONAL PRODUCER","No","2026-05-10","2027-05-09",,,"Exempt from Public Disclosure","Yamhill","Tier II","Outdoor",
"020-1009009E49E","Star Dog Farms","STAR DOG FARMS LLC","RECREATIONAL PRODUCER","Yes","2026-06-04","2027-04-19","2026-06-04",,"Exempt from Public Disclosure","Clackamas","Micro Tier I","Indoor",
"020-1015582AB56","Green Diamond Canna","GREEN DIAMOND CANNA, LLC","RECREATIONAL PRODUCER","Yes","2026-08-13","2026-11-12","2026-08-13",,"Exempt from Public Disclosure","Clackamas","Tier II","Indoor",
"020-1012555ABA1","Urban Farmz ","URBAN FARMZ LLC","RECREATIONAL PRODUCER","No","2026-05-18","2027-03-04",,,"Exempt from Public Disclosure","Washington","Tier II","Indoor",
"020-1016662E353","Cola Farms","COLA FARMS LLC","RECREATIONAL PRODUCER","Yes","2025-01-27","2025-03-08","2025-01-27",,"Exempt from Public Disclosure","Clackamas","Tier II","Outdoor",
"020-10090437A35","TieDie Farms","TIEDIE FARMS LLC","RECREATIONAL PRODUCER","Yes","2025-07-02","2025-07-30","2025-07-02",,"Exempt from Public Disclosure","Josephine","Tier II","Outdoor",
"020-10155937917","Keng Farm, LLC","KENG FARM, LLC","RECREATIONAL PRODUCER","No","2026-03-27","2026-12-15",,,"Exempt from Public Disclosure","Jackson","Tier II","Outdoor",
"020-1013100A08D","Endless Green Summer Farms LLC ","ENDLESS GREEN SUMMER FARMS LLC","RECREATIONAL PRODUCER","No","2026-06-17","2026-09-02",,,"Exempt from Public Disclosure","Josephine","Tier II","Outdoor",
"020-101668801CD","VNR Ventures, LLC","VNR VENTURES, LLC","RECREATIONAL PRODUCER","No","2026-04-22","2027-04-21",,,"Exempt from Public Disclosure","Josephine","Tier II","Outdoor",
"020-1009180D41F","BE-LEAF FARMS, LLC","BE-LEAF FARMS, LLC","RECREATIONAL PRODUCER","No","2026-01-10","2027-01-09",,,"Exempt from Public Disclosure","Clackamas","Micro Tier II","Indoor",
"020-10159080348","Central 1","CENTRAL 1 LLC","RECREATIONAL PRODUCER","Yes","2024-12-24","2025-02-03","2024-12-24",,"Exempt from Public Disclosure","Lane","Tier II","Mixed",
"020-1013125FF29","Grow Two","GROW TWO OREGON LLC","RECREATIONAL PRODUCER","Yes","2025-05-15","2025-10-03","2025-05-15",,"Exempt from Public Disclosure","Jackson","Tier II","Outdoor",
"020-101672930B3","Verdant Valley Logistics LLC Site 8","AGRICOLA EUGENE INC.","RECREATIONAL PRODUCER","Yes","2026-06-25","2026-10-07","2026-06-25",,"Exempt from Public Disclosure","Jackson","Tier II","Indoor",
"020-10092010166","CANNA BOTANICALS","THE HEDONIST CANNABIS COMPANY, LLC","RECREATIONAL PRODUCER","No","2025-07-29","2026-07-28",,,"Exempt from Public Disclosure","Jackson","Micro Tier I","Outdoor",
"020-100841282AE","Budding Acres","BUDDING ACRES LLC","RECREATIONAL PRODUCER","Yes","2026-03-23","2026-08-26","2026-03-23",,"Exempt from Public Disclosure","Jackson","Tier I","Indoor",
"020-10114519F7C","Blazing Trails","BLAZING TRAILS, LLC","RECREATIONAL PRODUCER","No","2026-02-22","2027-02-21",,,"Exempt from Public Disclosure","Lane","Micro Tier II","Indoor",
"020-1016832A261","Luminous Gardens","PACIFIC NW FARMS, LLC","RECREATIONAL PRODUCER","No","2026-04-12","2027-04-11",,,"Exempt from Public Disclosure","Jackson","Tier II","Outdoor",
"020-101693328DB","Nectar; Applegate Valley Organics","NECTAR MARKETS, LLC","RECREATIONAL PRODUCER","No","2026-07-01","2027-06-30",,,"Exempt from Public Disclosure","Jackson","Tier II","Outdoor",
"020-100928906CA","Fenario Farms","FENARIO PRODUCTIONS INC","RECREATIONAL PRODUCER","No","2025-08-16","2026-08-15",,,"Exempt from Public Disclosure","Lane","Tier I","Indoor",
"020-1013149CFBA","Sweetleaf Organics","OCG MANAGEMENT LLC","RECREATIONAL PRODUCER","No","2025-03-12","2026-03-11",,,"Exempt from Public Disclosure","Lane","Tier II","Outdoor",
"020-1008484D051","Good Flower, LLC","GOOD FLOWER, LLC","RECREATIONAL PRODUCER","No","2026-06-26","2027-06-25",,,"Exempt from Public Disclosure","Clackamas","Tier II","Mixed",
"020-10125280E67","Sowing Seeds","SOWING SEEDS LLC","RECREATIONAL PRODUCER","No","2026-07-20","2027-07-05",,,"Exempt from Public Disclosure","Jackson","Tier II","Outdoor",
"020-10093417483","Luna Vndas","LUNA VNDAS INC.","RECREATIONAL PRODUCER","Yes","2025-09-22","2025-10-28","2025-09-22",,"Exempt from Public Disclosure","Lane","Tier I","Indoor",
"020-1013269E021","Kings Cannabis","LNR OPERATIONS, INC.","RECREATIONAL PRODUCER","Yes","2024-12-27","2025-09-12","2024-12-27",,"Exempt from Public Disclosure","Lane","Tier I","Indoor",
"020-10086441398","Fr33dom Farms","HILLSBORO INDUSTRIAL ENTERPRISES LLC","RECREATIONAL PRODUCER","Yes","2025-01-08","2025-01-30","2025-01-08",,"Exempt from Public Disclosure","Washington","Tier I","Indoor",
"020-101253018B5","Las Arbolitas","LAS ARBOLITAS LLC","RECREATIONAL PRODUCER","Yes","2026-06-28","2026-08-24","2026-06-28",,"Exempt from Public Disclosure","Jackson","Tier I","Indoor",
"020-100937732C5","BestBudz Farms","BESTBUDZ FARMS, INC.","RECREATIONAL PRODUCER","Yes","2021-10-03","2022-10-02",,,"Exempt from Public Disclosure","Marion","Tier II","Indoor",
"020-1013476B752","Phenix Farms","15 RIVERS LLC / SG MANAGEMENT, LLC","RECREATIONAL PRODUCER","Yes","2026-03-09","2026-03-07","2026-03-09",,"Exempt from Public Disclosure","Clackamas","Tier II","Indoor",
"020-1008803CC45","Pharm-Ecology","GRINGO ACRES LLC","RECREATIONAL PRODUCER","Yes","2025-12-09","2026-03-01","2025-12-09",,"Exempt from Public Disclosure","Josephine","Tier II","Outdoor",
"020-1012773895A","Oregon Cannabis Collective","OCC OUTDOOR CULTIVATION, LLC","RECREATIONAL PRODUCER","No","2026-02-02","2027-02-01",,,"Exempt from Public Disclosure","Josephine","Tier II","Outdoor",
"020-100941928C8","Good Dog Farm LLC ","GOOD DOG FARM LLC","RECREATIONAL PRODUCER","Yes","2025-06-12","2025-09-12","2025-06-12",,"Exempt from Public Disclosure","Josephine","Tier II","Outdoor",
"020-1014068D38E","LAH LLC","LAH LLC","RECREATIONAL PRODUCER","Yes","2025-01-08","2025-07-09","2025-01-08",,"Exempt from Public Disclosure","Washington","Tier II","Indoor",
"020-1008807FFD6","Juicy Farms","AYATE LLC","RECREATIONAL PRODUCER","No","2026-07-03","2027-07-02",,,"Exempt from Public Disclosure","Josephine","Micro Tier I","Outdoor",
"020-10128207005","Mystic Mama Oils","MYSTIC MAMA OIL LLC","RECREATIONAL PRODUCER","No","2026-06-23","2027-06-22",,,"Exempt from Public Disclosure","Jackson","Tier II","Outdoor",
"020-10094753EC2","High Point","45TH LATITUDE, LLC","RECREATIONAL PRODUCER","No","2026-05-16","2027-05-15",,,"Exempt from Public Disclosure","Clackamas","Tier II","Indoor",
"020-1014354D288","CP's Farming","CP'S FARMING, LLC","RECREATIONAL PRODUCER","No","2026-03-20","2027-03-19",,,"Exempt from Public Disclosure","Jackson","Tier II","Outdoor",
"020-1008954F05D","Krystal Creek Farms","KRYSTAL CREEK FARMS LLC","RECREATIONAL PRODUCER","Yes","2024-07-12","2025-01-27","2024-07-15",,"Exempt from Public Disclosure","Jackson","Tier II","Mixed",
"020-1013100A08D","Endless Green Summer Farms LLC ","ENDLESS GREEN SUMMER FARMS LLC","RECREATIONAL PRODUCER","No","2026-09-03","2027-09-02",,,"Exempt from Public Disclosure","Josephine","Tier II","Outdoor",
"020-1009557E76F","Voodoo Valley Farms","VOODOO VALLEY FARMS LLC","RECREATIONAL PRODUCER","Yes","2025-09-09","2026-07-07","2025-09-09",,"Exempt from Public Disclosure","Clackamas","Micro Tier I","Indoor",
"020-1014521BAD7","Cultiv8","CULTIV8 LLC","RECREATIONAL PRODUCER","Yes","2025-01-29","2026-02-03","2025-01-29",,"Exempt from Public Disclosure","Clackamas","Tier II","Indoor",
"020-1014565C438","SoDope Farms","SODF, LLC","RECREATIONAL PRODUCER","No","2026-03-03","2027-03-02",,,"Exempt from Public Disclosure","Clackamas","Tier II","Indoor",
"020-1009295605A","ZENBEANZ LLC","ZENBEANZ LLC","RECREATIONAL PRODUCER","No","2025-11-10","2026-11-09",,,"Exempt from Public Disclosure","Josephine","Micro Tier II","Mixed",
"020-101330151EE","Legacy Gardens","LEGACY GARDENS LLC","RECREATIONAL PRODUCER","No","2026-07-22","2027-07-21",,,"Exempt from Public Disclosure","Clackamas","Tier I","Indoor",
"020-1016052FD14","Agricola","AGRICOLA COTTAGE GROVE, INC.","RECREATIONAL PRODUCER","Yes","2026-06-26","2026-12-02","2026-06-26",,"Exempt from Public Disclosure","Lane","Tier II","Indoor",
"020-1011504424F","Legends of CBD","LEGENDS OF CBD, LLC","RECREATIONAL PRODUCER","Yes","2025-03-10","2025-12-10","2025-03-10",,"Exempt from Public Disclosure","Lane","Micro Tier I","Indoor",
"020-10169544A3B","Focus North","FOCUS NORTH CAP, LLC","RECREATIONAL PRODUCER","No","2026-05-14","2027-05-13",,,"Exempt from Public Disclosure","Lane","Tier II","Indoor",
"020-10095646681","Rip City Roots, LLC","RIP CITY ROOTS, LLC","RECREATIONAL PRODUCER","No","2025-10-18","2026-10-17",,,"Exempt from Public Disclosure","Multnomah","Tier I","Indoor",
"020-10160754893","Culture Farms INC","CULTURE FARMS INC","RECREATIONAL PRODUCER","No","2026-05-15","2027-01-20",,,"Exempt from Public Disclosure","Washington","Tier II","Indoor",
"020-1011516F79F","West Coast Organics","WEST COAST ORGANICS LLC","RECREATIONAL PRODUCER","Yes","2026-02-05","2027-01-19","2026-02-05",,"Exempt from Public Disclosure","Curry","Tier II","Outdoor",
"020-10172552B16","Lofty","VERSION 3.0, LLC","RECREATIONAL PRODUCER","Yes","2024-01-16","2024-06-27","2024-06-27",,"Exempt from Public Disclosure","Lane","Micro Tier I","Indoor","Micro-Tier Processing Producer, Propagation Producer"
"020-1009569E707","E BLOSSOM","E. BLOSSOM LLC","RECREATIONAL PRODUCER","Yes","2024-04-23","2024-06-09",,,"Exempt from Public Disclosure","Jackson","Tier II","Outdoor",
"020-10146602629","Green T Farms","JV APPLEGATE LLC","RECREATIONAL PRODUCER","Yes","2023-11-12","2024-11-11","2024-03-01",,"Exempt from Public Disclosure","Lane","Tier II","Indoor",
"020-10095189359","Enchanted Harvest ","STELLER FARMS, LLC","RECREATIONAL PRODUCER","No","2026-07-20","2026-09-04",,,"Exempt from Public Disclosure","Multnomah","Micro Tier I","Indoor",
"020-101359685F8","RCJ Farms","RCJ VINEYARDS, LLC","RECREATIONAL PRODUCER","No","2026-04-28","2027-04-27",,,"Exempt from Public Disclosure","Jackson","Tier II","Mixed",
"020-10162668301","Pureleaf Farms LLC","EG CONSULTING LLC","RECREATIONAL PRODUCER","Yes","2026-03-21","2026-05-20","2026-03-21",,"Exempt from Public Disclosure","Jackson","Tier II","Outdoor",
"020-10084959923","Farmcanna Inc","FARMCANNA INC","RECREATIONAL PRODUCER","No","2026-05-30","2027-05-29",,,"Exempt from Public Disclosure","Clackamas","Tier II","Indoor",
"020-1009777D6D8","Forbidden Flower Farms","EDF INDUSTRIES LLC","RECREATIONAL PRODUCER","Yes","2024-12-16","2025-07-01","2024-12-16",,"Exempt from Public Disclosure","Jackson","Tier II","Mixed",
"020-10177511718","Exotics Only","JAYS INVESTMENTS LLC","RECREATIONAL PRODUCER","Yes","2024-05-28","2024-06-02",,,"Exempt from Public Disclosure","Jackson","Tier II","Indoor",
"020-100963355E5","Sweet Grass","SWEET GRASS, INC.","RECREATIONAL PRODUCER","Yes","2023-06-03","2024-06-02",,,"Exempt from Public Disclosure","Jackson","Tier II","Mixed","Medically Designated Canopy"
"020-1008906C6D8","Mike's Green Farm","MNG OP - 2581 DICK GEORGE ROAD 1 LLC","RECREATIONAL PRODUCER","No","2026-06-11","2027-06-10",,,"Exempt from Public Disclosure","Josephine","Tier II","Mixed",
"020-1011606B16A","Breaking Green Farms","STEPHAN JOSEPH FRANCIOSI","RECREATIONAL PRODUCER","No","2026-01-20","2027-01-19",,,"Exempt from Public Disclosure","Benton","Micro Tier II","Outdoor",
"020-10186787E0E","Woodburn Agriscience","WOODBURN AGRISCIENCE, LLC","RECREATIONAL PRODUCER","Yes","2026-04-06","2026-03-06","2026-03-02",,"Exempt from Public Disclosure","Marion","Tier II","Indoor",
"020-10098561576","Good Gardens, LLC","GOOD GARDENS, LLC","RECREATIONAL PRODUCER","No","2025-12-03","2026-12-02",,,"Exempt from Public Disclosure","Linn","Tier II","Indoor",
"020-10162841067","Nectar Markets, LLC","NECTAR MARKETS, LLC","RECREATIONAL PRODUCER","No","2026-03-13","2026-04-12",,,"Exempt from Public Disclosure","Jackson","Tier II","Outdoor",
"020-101473956E6","Paradise Hill, LLC","PARADISE HILL, LLC","RECREATIONAL PRODUCER","No","2026-04-30","2027-04-29",,,"Exempt from Public Disclosure","Jackson","Tier II","Outdoor",
"020-100978092EF","Applegate Botanicals","APPLEGATE BOTANICALS LLC","RECREATIONAL PRODUCER","No","2026-03-15","2027-03-14",,,"Exempt from Public Disclosure","Josephine","Tier II","Outdoor",
"020-10138197EC2","Juicy Jackson","JUICY JACKSON LLC","RECREATIONAL PRODUCER","No","2026-06-26","2026-11-07",,,"Exempt from Public Disclosure","Josephine","Tier II","Outdoor",
"020-10089163C5B","Farm Solutions DGP","MNG RE - 2581 DICK GEORGE ROAD LLC","RECREATIONAL PRODUCER","No","2026-05-12","2027-02-15",,,"Exempt from Public Disclosure","Josephine","Tier II","Outdoor",
"020-10147652700","Cannabilt Farms","CANNABILT FARMS, LLC","RECREATIONAL PRODUCER","No","2025-11-20","2026-11-19",,,"Exempt from Public Disclosure","Clackamas","Tier II","Indoor","Propagation Producer"
"020-10098986CD4","Highland Provisions","KUSH ORIGINALS LLC","RECREATIONAL PRODUCER","Yes","2024-06-21","2024-11-18","2024-06-24",,"Exempt from Public Disclosure","Deschutes","Tier II","Indoor",
"020-10142371A49","AP Farms","AP FARMS, LLC","RECREATIONAL PRODUCER","Yes","2024-03-27","2025-03-26","2024-07-18",,"Exempt from Public Disclosure","Yamhill","Tier I","Indoor",
"020-10090868CEB","Happy Valley Cannabis","HAPPY VALLEY AGRICULTURE, LLC","RECREATIONAL PRODUCER","Yes","2024-08-06","2025-08-05",,,"Exempt from Public Disclosure","Polk","Tier II","Mixed",
"020-1014911BAA6","JMS Cultivation LLC","JMS CULTIVATION LLC","RECREATIONAL PRODUCER","Yes","2024-08-08","2025-08-04","2024-08-21",,"Exempt from Public Disclosure","Jackson","Tier II","Outdoor",
"020-10100244471","Gold Bar Farms LLC","GOLD BAR FARMS, LLC","RECREATIONAL PRODUCER","Yes","2025-09-11","2026-03-11","2025-09-11",,"Exempt from Public Disclosure","Josephine","Micro Tier I","Indoor",
"020-1014352BF17","Green Bodhi","GRNBDI LLC","RECREATIONAL PRODUCER","Yes","2025-05-12","2025-09-09","2025-05-12",,"Exempt from Public Disclosure","Washington","Tier I","Indoor",
"020-10099085920","Three Flavors Farms LLC","THREE FLAVORS FARMS LLC","RECREATIONAL PRODUCER","No","2026-03-07","2027-03-06",,,"Exempt from Public Disclosure","Marion","Micro Tier I","Indoor",
"020-1015280E3A4","LT Industries LLC","LT INDUSTRIES LLC","RECREATIONAL PRODUCER","No","2026-05-27","2026-10-20",,,"Exempt from Public Disclosure","Lane","Micro Tier I","Indoor","Micro-Tier Processing Producer, Propagation Producer"
"020-101012923A0","Lower Left Organics","LOWER LEFT LLC","RECREATIONAL PRODUCER","No","2025-06-19","2026-06-18",,,"Exempt from Public Disclosure","Jackson","Tier II","Mixed",
"020-10150891F3B","Buddies Cannabis","COOK INVESTMENTS NORTHWEST OREGON, LLC","RECREATIONAL PRODUCER","No","2026-07-27","2026-10-27",,,"Exempt from Public Disclosure","Jackson","Tier II","Outdoor",
"020-10099807D7C","Dutch House","DUTCH HOUSE, LLC","RECREATIONAL PRODUCER","No","2025-10-11","2026-10-10",,,"Exempt from Public Disclosure","Jackson","Tier II","Outdoor",
"020-10155102F1E","Sacred Herb Farms of Oregon","SACRED HERB MEDICINALS INC","RECREATIONAL PRODUCER","Yes","2026-02-03","2026-08-22","2026-02-03",,"Exempt from Public Disclosure","Jackson","Tier I","Mixed",
"020-101023390C6","Sky High Farms","TIM AND TOBIN'S FARM COMPANY","RECREATIONAL PRODUCER","No","2025-11-16","2026-11-15",,,"Exempt from Public Disclosure","Josephine","Tier II","Outdoor","Medically Designated Canopy"
"020-101529766D3","Quantum Oregon","HAPPY HOLLOW FARMS, INC","RECREATIONAL PRODUCER","No","2025-10-19","2026-10-18",,,"Exempt from Public Disclosure","Clackamas","Tier II","Mixed",
"020-10101186F44","Savage Skunk Farms","SAVAGE SKUNK FARMS LLC","RECREATIONAL PRODUCER","No","2026-04-29","2027-04-28",,,"Exempt from Public Disclosure","Josephine","Tier I","Outdoor",
"020-1015647CAFC","Millerville Farms at Holland Ranch","MILLERVILLE FARMS LLC","RECREATIONAL PRODUCER","No","2025-11-24","2026-11-23",,,"Exempt from Public Disclosure","Josephine","Tier II","Outdoor",
"020-10102644013","Shoreview","SHOREVIEW VENTURES LLC","RECREATIONAL PRODUCER","No","2026-02-09","2027-02-08",,,"Exempt from Public Disclosure","Lane","Tier II","Mixed","Propagation Producer"
"020-1015342A6B1","Bountiful Earth LLC","BOUNTIFUL EARTH LLC","RECREATIONAL PRODUCER","Yes","2026-04-03","2027-02-08","2026-04-03",,"Exempt from Public Disclosure","Jackson","Micro Tier I","Outdoor",
"020-1009269DFE9","Harem","BFF LLC","RECREATIONAL PRODUCER","Yes","2025-09-25","2026-07-29","2025-09-25",,"Exempt from Public Disclosure","Yamhill","Micro Tier II","Indoor","Micro-Tier Processing Producer"
"020-10165525BE2","Cascade Chronic","MOTO PERPETUO FARM LLC","RECREATIONAL PRODUCER","Yes","2026-06-26","2026-07-01","2026-06-26",,"Exempt from Public Disclosure","Jackson","Tier II","Outdoor",
"020-1011624DC23","Calvin's Greens","STICKY ICKY FIELDS LLC","RECREATIONAL PRODUCER","No","2026-06-01","2027-03-23",,,"Exempt from Public Disclosure","Josephine","Tier II","Outdoor",
"020-101895533E4","Rados","RADOS, LLC","RECREATIONAL PRODUCER","No","2026-05-31","2027-05-30",,,"Exempt from Public Disclosure","Jackson","Tier II","Outdoor",
"020-10157756307","Rogue Reserve","WJ ENTERPRISES LLC","RECREATIONAL PRODUCER","Yes","2025-05-06","2025-11-12","2025-05-06",,"Exempt from Public Disclosure","Lane","Tier II","Mixed",
"020-1010396C698","The Herb Company LLC","THE HERB COMPANY LLC","RECREATIONAL PRODUCER","Yes","2024-08-01","2025-06-03","2024-08-02",,"Exempt from Public Disclosure","Josephine","Tier I","Mixed",
"020-1011832D8E1","AP Solutions","GREEN LIFE SOLUTIONS LLC","RECREATIONAL PRODUCER","Yes","2024-01-09","2024-01-13",,,"Exempt from Public Disclosure","Washington","Micro Tier I","Indoor",
"020-10207746BA3","Pin Farms","SINA JALALI","RECREATIONAL PRODUCER","No","2026-06-15","2027-06-14",,,"Exempt from Public Disclosure","Josephine","Tier II","Outdoor",
"020-1015798DB8A","PNW Operator LLC","PNW OPERATOR LLC","RECREATIONAL PRODUCER","No","2026-01-31","2027-01-30",,,"Exempt from Public Disclosure","Josephine","Tier II","Outdoor","Propagation Producer"
"020-10104818295","BuddaFly Organics","BUDDAFLY ORGANICS LLC","RECREATIONAL PRODUCER","Yes","2023-07-15","2024-07-14",,,"Exempt from Public Disclosure","Lane","Micro Tier I","Outdoor",
"020-10118347E2B","Rogue Farmer","ROGUE FARMER AT THREE PINES, LLC","RECREATIONAL PRODUCER","Yes","2026-05-25","2026-07-21","2026-05-25",,"Exempt from Public Disclosure","Josephine","Tier II","Outdoor",
"020-10213892188","Kwondren, LLC","KWONDREN, LLC","RECREATIONAL PRODUCER","No","2026-08-25","2027-08-24",,,"Exempt from Public Disclosure","Marion","Tier I","Indoor",
"020-1015954B32F","Green Fire Gardens","GREEN FIRE GARDENS, LLC","RECREATIONAL PRODUCER","No","2025-09-17","2026-09-16",,,"Exempt from Public Disclosure","Lincoln","Tier I","Indoor",
"020-101660692CE","Steven D Hanlin","STEVE D HANLIN","RECREATIONAL PRODUCER","No","2026-04-21","2027-04-20",,,"Exempt from Public Disclosure","Jackson","Micro Tier I","Outdoor",
"020-1015960061C","Flower Family Farms","845 SUGAR LLC","RECREATIONAL PRODUCER","No","2026-09-23","2027-09-22",,,"Exempt from Public Disclosure","Multnomah","Tier II","Indoor",
"020-10104632CE8","Vertical Extent, Inc.","VERTICAL EXTENT, INC.","RECREATIONAL PRODUCER","Yes","2025-09-10","2026-05-02","2025-09-10",,"Exempt from Public Disclosure","Clackamas","Tier II","Indoor",
"020-100934847F6","AGFO LLC","AGFO LLC","RECREATIONAL PRODUCER","No","2026-06-21","2027-06-20",,,"Exempt from Public Disclosure","Josephine","Tier II","Mixed",
"020-1010626BA99","BC Farms, LLC","BC FARMS, LLC","RECREATIONAL PRODUCER","No","2025-07-28","2026-07-27",,,"Exempt from Public Disclosure","Jackson","Tier II","Mixed",
"020-101599718A9","Oso Verde Farms ","OSO VERDE, LLC","RECREATIONAL PRODUCER","No","2025-12-09","2026-12-08",,,"Exempt from Public Disclosure","Jackson","Tier II","Mixed","Propagation Producer"
"020-10121312D0D","Loud N' Tasty, LLC","ESMERALDA MARTINEZ","RECREATIONAL PRODUCER","No","2025-12-07","2026-12-06",,,"Exempt from Public Disclosure","Marion","Tier II","Indoor",
"020-1010861DB85","Sow Canna II","SOW CANNA II LLC","RECREATIONAL PRODUCER","No","2026-04-19","2027-04-18",,,"Exempt from Public Disclosure","Jackson","Tier II","Outdoor",
"020-1009368E1E1","TrueCare Farms","TRUECARE, INC.","RECREATIONAL PRODUCER","No","2026-07-19","2027-07-18",,,"Exempt from Public Disclosure","Jackson","Tier II","Outdoor",
"020-1009493A41B","5500 Farms","EVERGREEN NATURAL HARVEST LLC","RECREATIONAL PRODUCER","Yes","2025-10-23","2026-08-11","2025-10-23",,"Exempt from Public Disclosure","Marion","Tier I","Indoor",
"020-10107889638","Ground Up Farms","GROUND UP FARMS LLC","RECREATIONAL PRODUCER","No","2026-03-05","2027-03-04",,,"Exempt from Public Disclosure","Josephine","Tier II","Outdoor",
"020-10160028A60","Gorilla Gods Garden LLC","GORILLA GODS GARDEN LLC","RECREATIONAL PRODUCER","No","2026-01-19","2027-01-18",,,"Exempt from Public Disclosure","Josephine","Tier II","Mixed",
"020-1016642CC7F","Blue Bear Farms","BLUE BEAR FARMS, LLC","RECREATIONAL PRODUCER","No","2025-08-30","2026-08-29",,,"Exempt from Public Disclosure","Linn","Micro Tier II","Indoor","Micro-Tier Processing Producer"
"020-1011172A6A3","Silver Leaf Cannabis Company","SILVER LEAF SPRINGS, LLC","RECREATIONAL PRODUCER","Yes","2025-09-03","2026-01-12","2025-09-03",,"Exempt from Public Disclosure","Jackson","Tier II","Indoor",
"020-100956355CD","the green room northwest llc","THE GREEN ROOM NORTHWEST LLC","RECREATIONAL PRODUCER","Yes","2026-03-18","2026-10-18","2026-03-18",,"Exempt from Public Disclosure","Jackson","Micro Tier I","Indoor",
"020-10109581B1B","La Bomba Farmz","GS CANBY LLC","RECREATIONAL PRODUCER","No","2026-02-16","2027-02-15",,,"Exempt from Public Disclosure","Clackamas","Tier II","Indoor",
"020-1016168D8BF","The Beaver State Cannabis Company ","OSO VERDE, LLC","RECREATIONAL PRODUCER","No","2026-03-09","2027-03-08",,,"Exempt from Public Disclosure","Jackson","Tier II","Outdoor",
"020-10165317E77","DGC PNW","DGC PNW LLC","RECREATIONAL PRODUCER","No","2026-04-07","2027-04-06",,,"Exempt from Public Disclosure","Polk","Micro Tier II","Indoor",
"020-1016668CF95","Kizmet Cannabis","SIDHU & SONS, LLC","RECREATIONAL PRODUCER","Yes","2024-05-21","2024-06-17",,,"Exempt from Public Disclosure","Jackson","Micro Tier I","Indoor",
"020-10113239020","Pot For Planet","TWO RUFFIN BROTHERS LLC","RECREATIONAL PRODUCER","No","2025-12-04","2026-12-03",,,"Exempt from Public Disclosure","Deschutes","Tier I","Indoor",
"020-10122633AAA","Green Thumb Farm","GREEN THUMB FARM, LLC","RECREATIONAL PRODUCER","No","2025-06-01","2026-05-31",,,"Exempt from Public Disclosure","Washington","Micro Tier I","Indoor",
"020-100959257D9","Elysian Winds, CS, LLC","EAST WINDS CS, LLC","RECREATIONAL PRODUCER","No","2026-04-19","2027-04-18",,,"Exempt from Public Disclosure","Multnomah","Tier I","Indoor",
"020-1011296C476","Cascade Pure LLC","CASCADE PURE LLC","RECREATIONAL PRODUCER","Yes","2024-04-10","2024-09-17","2024-09-16",,"Exempt from Public Disclosure","Deschutes","Micro Tier II","Indoor",
"020-1016173C978","ROOTS GRASS CANNABIS","CAPT D LLC","RECREATIONAL PRODUCER","No","2026-05-06","2027-05-05",,,"Exempt from Public Disclosure","Jackson","Tier II","Outdoor",
"020-1016712BC12","DNG VENTURES, LLC","DNG VENTURES, LLC","RECREATIONAL PRODUCER","No","2025-11-08","2026-11-07",,,"Exempt from Public Disclosure","Josephine","Tier II","Outdoor",
"020-10168825801","Grown Rogue - Airport","GROWN ROGUE GARDENS LLC","RECREATIONAL PRODUCER","No","2026-06-18","2026-11-11",,,"Exempt from Public Disclosure","Jackson","Tier II","Indoor",
"020-10114490B15","Merry Things Farms","MERRY THINGS FARMS","RECREATIONAL PRODUCER","Yes","2024-07-18","2024-07-10","2024-07-22",,"Exempt from Public Disclosure","Lane","Micro Tier I","Indoor",
"020-1012269F592","Chubby Cat Cannabis","HILLSBORO CULTIVATION LLC","RECREATIONAL PRODUCER","Yes","2026-07-17","2027-06-28","2026-07-17",,"Exempt from Public Disclosure","Washington","Tier II","Indoor",
"020-10097828F4F","Eugreen Farms","EUGREEN FARMS LLC","RECREATIONAL PRODUCER","No","2025-06-29","2026-06-28",,,"Exempt from Public Disclosure","Lane","Tier II","Indoor",
"020-10162228240","Pineapple Grow","PINEAPPLE GROW LLC","RECREATIONAL PRODUCER","Yes","2025-02-01","2026-01-31",,,"Exempt from Public Disclosure","Jackson","Tier II","Outdoor",
"020-10169742301","Decibel Farms","DECIBEL FARMS INC.","RECREATIONAL PRODUCER","No","2026-06-29","2027-06-28",,,"Exempt from Public Disclosure","Jackson","Tier II","Outdoor",
"020-10124115F10","Eat More Rice LLC","EAT MORE RICE LLC","RECREATIONAL PRODUCER","No","2026-02-08","2027-02-07",,,"Exempt from Public Disclosure","Jackson","Tier II","Outdoor",
"020-1009833F0C2","Roots Rock LLC","ROOTS ROCK LLC","RECREATIONAL PRODUCER","No","2026-07-31","2027-07-30",,,"Exempt from Public Disclosure","Lane","Tier I","Indoor",
"020-1016254BA9E","The Highest Xpectation","THE HIGHEST XPECTATIONS LLC","RECREATIONAL PRODUCER","No","2026-03-20","2026-07-20",,,"Exempt from Public Disclosure","Yamhill","Tier II","Indoor","Propagation Producer"
"020-10170680E09","Rogue Family Gardens LLC","ROGUE FAMILY GARDENS LLC","RECREATIONAL PRODUCER","No","2026-07-09","2027-07-08",,,"Exempt from Public Disclosure","Jackson","Tier II","Outdoor",
"020-1011533358F","High Guys LLC","HIGH GUYS LLC","RECREATIONAL PRODUCER","No","2026-05-24","2027-05-23",,,"Exempt from Public Disclosure","Josephine","Micro Tier II","Outdoor","Propagation Producer"
"020-1009932F7D4","Livetia Farms","PYSOLA INDUSTRIES LLC","RECREATIONAL PRODUCER","No","2026-08-28","2027-08-27",,,"Exempt from Public Disclosure","Jackson","Tier II","Indoor",
"020-101628614F5","Nectar Markets LLC","NECTAR MARKETS, LLC","RECREATIONAL PRODUCER","No","2026-04-16","2027-04-15",,,"Exempt from Public Disclosure","Jackson","Tier II","Outdoor",
"020-1017127471E","Self Made Cannabis Company","SELF MADE FARMS, LLC","RECREATIONAL PRODUCER","No","2026-08-10","2027-08-09",,,"Exempt from Public Disclosure","Josephine","Tier II","Outdoor",
"020-1011741D889","GlennAnne Farms","ANN MARIE CHURCH","RECREATIONAL PRODUCER","Yes","2024-07-31","2025-03-02","2024-07-31",,"Exempt from Public Disclosure","Clackamas","Tier I","Mixed","Propagation Producer"
"020-10100306547","Summary","SUMMARY LLC","RECREATIONAL PRODUCER","No","2026-08-22","2027-08-21",,,"Exempt from Public Disclosure","Jackson","Tier II","Mixed",
"020-1017017FBA8","Selma Project One","SELMA PROJECT ONE LLC","RECREATIONAL PRODUCER","Yes","2025-11-29","2026-07-06","2025-11-29",,"Exempt from Public Disclosure","Josephine","Tier II","Outdoor",
"020-1017296D9BB","BG3 Productions","BG3 PRODUCTIONS, LLC","RECREATIONAL PRODUCER","No","2026-08-11","2027-08-10",,,"Exempt from Public Disclosure","Jackson","Tier II","Outdoor",
"020-1011781CEB8","Ganja Girl Products","AIMS AG, LLC","RECREATIONAL PRODUCER","Yes","2026-07-17","2027-05-05","2026-07-17",,"Exempt from Public Disclosure","Clackamas","Tier I","Indoor",
"020-1012446C642","Sugar Tree Farm #5","SUGAR TREE FARM LLC","RECREATIONAL PRODUCER","No","2026-02-13","2027-02-12",,,"Exempt from Public Disclosure","Jackson","Tier II","Outdoor",
"020-1017514E72B","13th & Central LLC","13TH & CENTRAL LLC","RECREATIONAL PRODUCER","No","2026-04-07","2027-04-06",,,"Exempt from Public Disclosure","Jackson","Tier II","Outdoor",
"020-1017523E17F","Zen Pharm","COWBOY GRASS LLC","RECREATIONAL PRODUCER","No","2026-04-20","2026-11-09",,,"Exempt from Public Disclosure","Josephine","Tier II","Mixed",
"020-101179080AC","Praceena Gardens LLC","PRACEENA GARDENS LLC","RECREATIONAL PRODUCER","No","2026-07-23","2027-07-22",,,"Exempt from Public Disclosure","Clackamas","Tier II","Mixed","Propagation Producer"
"020-10126988E59","Peak Life Cannabis","CRYSTAL CANOPY CULTIVATORS LLC","RECREATIONAL PRODUCER","Yes","2025-01-16","2026-01-02","2025-01-16",,"Exempt from Public Disclosure","Deschutes","Tier I","Indoor",
"020-10178077964","SNS Producer 2 LLC","SNS PRODUCER 2 LLC","RECREATIONAL PRODUCER","Yes","2025-11-14","2026-10-12","2025-11-14",,"Exempt from Public Disclosure","Lane","Tier II","Outdoor",
"020-10182244B38","Next Level Gardens","NEXT LEVEL GARDENS LLC","RECREATIONAL PRODUCER","No","2025-12-20","2026-12-19",,,"Exempt from Public Disclosure","Lane","Micro Tier I","Indoor",
"020-10119024F2F","Trichome Jungle","TRICHOME JUNGLE LLC","RECREATIONAL PRODUCER","Yes","2023-12-28","2024-12-27",,,"Exempt from Public Disclosure","Polk","Tier I","Indoor",
"020-1012878689F","Organic Theory LLC","ORGANIC THEORY LLC","RECREATIONAL PRODUCER","Yes","2024-07-12","2025-02-23","2024-07-16",,"Exempt from Public Disclosure","Tillamook","Micro Tier II","Indoor",
"020-1021954036C","Mogowi","MOGOWI, LLC","RECREATIONAL PRODUCER","No","2026-05-17","2027-05-16",,,"Exempt from Public Disclosure","Clackamas","Tier II","Indoor","Propagation Producer"
"020-1018299842A","Pacha Gardens","PACHA GARDENS LLC","RECREATIONAL PRODUCER","No","2026-03-07","2027-03-06",,,"Exempt from Public Disclosure","Jackson","Tier II","Outdoor",
"020-1016806B1A9","Moon Lite Canopy","MOON LITE CANOPY LLC","RECREATIONAL PRODUCER","Yes","2024-10-15","2025-05-30","2025-05-30",,"Exempt from Public Disclosure","Clackamas","Tier I","Indoor",
"020-1010097836A","17 Farms LLC","17 FARMS LLC","RECREATIONAL PRODUCER","Yes","2026-01-05","2026-01-30","2026-01-05",,"Exempt from Public Disclosure","Washington","Tier I","Indoor",
"020-10129428434","Project 13 Corporation","PROJECT 13 CORPORATION","RECREATIONAL PRODUCER","Yes","2026-07-15","2027-01-18","2026-07-15",,"Exempt from Public Disclosure","Clackamas","Tier II","Outdoor",
"020-1018289AA6C","My Design Gardens","MY DESIGN GARDENS, LLC","RECREATIONAL PRODUCER","Yes","2024-10-14","2025-03-21","2024-10-14",,"Exempt from Public Disclosure","Jackson","Tier II","Outdoor",
"020-101840189A7","Inner Rhythm, LLC","INNER RHYTHM, LLC","RECREATIONAL PRODUCER","No","2026-03-22","2027-03-21",,,"Exempt from Public Disclosure","Clackamas","Tier II","Indoor",
"020-101029336F5","Anita's Gardens ","ANITA'S GARDEN LLC","RECREATIONAL PRODUCER","No","2026-01-13","2027-01-12",,,"Exempt from Public Disclosure","Columbia","Micro Tier I","Indoor",
"020-10129808448","Kaken Farms","KAKEN FARMS LLC","RECREATIONAL PRODUCER","No","2025-11-29","2026-11-28",,,"Exempt from Public Disclosure","Josephine","Tier II","Outdoor",
"020-1018323891B","FLOREKULTURE","PRESSURE, LLC","RECREATIONAL PRODUCER","Yes","2026-02-16","2027-02-15",,,"Exempt from Public Disclosure","Deschutes","Tier I","Indoor",
"020-10190986353","Nectar","NECTAR MARKETS, LLC","RECREATIONAL PRODUCER","No","2026-04-19","2027-04-18",,,"Exempt from Public Disclosure","Jackson","Tier II","Outdoor",
"020-1017097932B","Southern Oregon Cannabis","SOC VENTURES LLC","RECREATIONAL PRODUCER","Yes","2025-03-10","2025-09-14","2025-03-10",,"Exempt from Public Disclosure","Jackson","Tier II","Outdoor",
"020-10138402858","Boring Glory LLC","BORING GLORY LLC","RECREATIONAL PRODUCER","No","2025-07-22","2026-07-21",,,"Exempt from Public Disclosure","Multnomah","Tier I","Indoor",
"020-1018397756B","CJ Operator","AUGUSTO ARANHA","RECREATIONAL PRODUCER","No","2026-05-06","2027-05-05",,,"Exempt from Public Disclosure","Josephine","Tier II","Outdoor","Propagation Producer"
"020-1019490C085","Sunshine Hospitality","SUNSHINE HOSPITALITY, LLC","RECREATIONAL PRODUCER","Yes","2023-07-26","2024-07-25",,,"Exempt from Public Disclosure","Josephine","Tier I","Outdoor",
"020-101712660DD","Self Made Cannabis Company","SELF MADE FARMS, LLC","RECREATIONAL PRODUCER","No","2026-06-01","2027-06-01",,,"Exempt from Public Disclosure","Jackson","Tier II","Outdoor",
"020-1014202A271","Mothership Farms Inc.","MOTHERSHIP FARMS INC","RECREATIONAL PRODUCER","Yes","2026-02-03","2026-06-19","2026-02-03",,"Exempt from Public Disclosure","Marion","Tier I","Indoor",
"020-10184682023","Wildman Genetics","WILDMAN GENETICS LLC","RECREATIONAL PRODUCER","No","2026-03-22","2027-03-21",,,"Exempt from Public Disclosure","Jackson","Tier II","Outdoor",
"020-10198253A70","CPC Gardens","CPC GARDENS 83/21 LLC","RECREATIONAL PRODUCER","No","2026-08-03","2027-08-02",,,"Exempt from Public Disclosure","Jackson","Tier II","Indoor",
"020-10171361D1B","Green Dragon Gardens","GREEN DRAGON GARDENS LLC","RECREATIONAL PRODUCER","Yes","2026-03-16","2026-07-27","2026-03-16",,"Exempt from Public Disclosure","Clackamas","Tier I","Indoor",
"020-10144987F62","Deez Nugz","CDM, LLC","RECREATIONAL PRODUCER","Yes","2025-01-28","2025-10-06","2025-01-28",,"Exempt from Public Disclosure","Clackamas","Tier I","Mixed",
"020-10186453B1B","Silver Leaf Cannabis Company ","SILVER LEAF SPRINGS, LLC","RECREATIONAL PRODUCER","Yes","2025-06-26","2026-02-21","2025-06-26",,"Exempt from Public Disclosure","Jackson","Tier II","Outdoor",
"020-10200202722","Humble","HUMBLE2 LLC","RECREATIONAL PRODUCER","No","2026-01-28","2026-04-28",,,"Exempt from Public Disclosure","Jackson","Tier II","Outdoor",
"020-1017218B573","HUG Farms","FIRST RUN LLC","RECREATIONAL PRODUCER","No","2026-08-20","2027-08-19",,,"Exempt from Public Disclosure","Josephine","Tier I","Outdoor",
"020-10145593209","Richardson Gap Farm","RICHARDSON GAP FARM LLC","RECREATIONAL PRODUCER","Yes","2025-10-27","2026-08-17","2025-10-27",,"Exempt from Public Disclosure","Linn","Micro Tier I","Indoor",
"020-101870443ED","Flowers of the Sun LLC","FLOWERS OF THE SUN LLC","RECREATIONAL PRODUCER","No","2026-04-22","2027-04-21",,,"Exempt from Public Disclosure","Josephine","Tier II","Outdoor",
"020-1021124C907","VMA LLC","VMA LLC","RECREATIONAL PRODUCER","No","2026-09-12","2027-09-11",,,"Exempt from Public Disclosure","Josephine","Tier II","Outdoor",
"020-10103008ED4","Happy Trees ","HAPPY TREE GARDENS LLC","RECREATIONAL PRODUCER","Yes","2023-12-21","2024-12-20",,,"Exempt from Public Disclosure","Washington","Micro Tier II","Indoor",
"020-10121674321","Crooks Creek Cannabis, LLC","CROOKS CREEK CANNABIS, LLC","RECREATIONAL PRODUCER","No","2026-03-17","2027-03-16",,,"Exempt from Public Disclosure","Josephine","Tier II","Outdoor",
"020-1022102A819","GG93","GG93 LLC","RECREATIONAL PRODUCER","Yes","2025-12-11","2026-10-05","2025-12-11",,"Exempt from Public Disclosure","Jackson","Micro Tier I","Indoor",
"020-1018710FCC4","Essentials Cannabis Co.","FIVE STAR HOLDINGS LLC","RECREATIONAL PRODUCER","No","2026-01-05","2027-01-04",,,"Exempt from Public Disclosure","Marion","Tier I","Indoor",
"020-1021468EA9D","Southern Oregon Cannabis","SOUTHERN OREGON TREASURE LLC","RECREATIONAL PRODUCER","Yes","2024-09-08","2025-09-07",,,"Exempt from Public Disclosure","Jackson","Tier II","Mixed",
"020-101226527AF","Hillsboro Technologies LLC","HILLSBORO TECHNOLOGIES LLC","RECREATIONAL PRODUCER","Yes","2024-10-29","2025-10-28",,,"Exempt from Public Disclosure","Washington","Tier I","Indoor",
"020-1022663895C","Williams Wonder Farms ","WJ HOLDINGS LLC","RECREATIONAL PRODUCER","No","2026-01-10","2027-01-09",,,"Exempt from Public Disclosure","Jackson","Tier II","Outdoor",
"020-1018938EBF6","Polaris Management ","GOLDEN POLARIS MANAGEMENT LLC","RECREATIONAL PRODUCER","No","2026-06-08","2027-06-07",,,"Exempt from Public Disclosure","Josephine","Tier II","Indoor",
"020-10217560457","A1 Cultivation","A1 CULTIVATION LLC","RECREATIONAL PRODUCER","No","2025-12-29","2026-12-28",,,"Exempt from Public Disclosure","Multnomah","Tier II","Indoor",
"020-1012445BC4C","Sugar Tree Farm #4","SUGAR TREE FARM LLC","RECREATIONAL PRODUCER","No","2026-02-13","2027-02-12",,,"Exempt from Public Disclosure","Jackson","Tier II","Outdoor",
"020-1022728E121","Frost Factory","IRON LUNG FF, LLC","RECREATIONAL PRODUCER","No","2025-12-27","2026-12-26",,,"Exempt from Public Disclosure","Clackamas","Tier I","Indoor",
"020-1019072C7F6","Lake Selmac ","LAKE SELMAC ESTATES LLC","RECREATIONAL PRODUCER","No","2025-10-28","2026-10-27",,,"Exempt from Public Disclosure","Josephine","Tier II","Outdoor",
"020-1021944C4FD","Lone Pine Agro ","LONE PINE AGRO LLC","RECREATIONAL PRODUCER","No","2025-09-22","2026-09-21",,,"Exempt from Public Disclosure","Jackson","Tier II","Outdoor",
"020-10124904DCC","Indrovation","INDROVATION LLC","RECREATIONAL PRODUCER","No","2026-06-04","2027-06-03",,,"Exempt from Public Disclosure","Jackson","Tier II","Mixed",
"020-10231461029","SkyHigh Boyz","TJARM MANAGEMENT SERVICES LLC","RECREATIONAL PRODUCER","No","2026-02-28","2027-02-27",,,"Exempt from Public Disclosure","Multnomah","Tier II","Indoor",
"020-101992649DA","213 Farms","213 FARMS LLC","RECREATIONAL PRODUCER","Yes","2025-11-21","2026-07-28","2025-11-21",,"Exempt from Public Disclosure","Clackamas","Micro Tier I","Indoor",
"020-1021987BA45","TieDie Farms","TIEDIE FARMS LLC","RECREATIONAL PRODUCER","Yes","2024-11-26","2025-09-22","2024-11-26",,"Exempt from Public Disclosure","Josephine","Tier II","Outdoor",
"020-1012704B6B1","BUDDLIEBUDDYFARMS, LLC","BUDDLIEBUDDYFARMS, LLC","RECREATIONAL PRODUCER","Yes","2023-06-23","2024-06-22",,,"Exempt from Public Disclosure","Jackson","Tier II","Outdoor",
"020-1023435A273","Jackpot Farms","JACKPOT FARMS LLC","RECREATIONAL PRODUCER","No","2025-09-25","2026-09-24",,,"Exempt from Public Disclosure","Jackson","Tier II","Outdoor",
"020-10200600F03","Avitas ","AVITAS OREGON HOLDINGS LLC","RECREATIONAL PRODUCER","No","2026-08-25","2027-08-14",,,"Exempt from Public Disclosure","Marion","Tier II","Indoor",
"020-10221698834","GG93","GG93 LLC","RECREATIONAL PRODUCER","Yes","2025-11-14","2026-10-19","2025-11-14",,"Exempt from Public Disclosure","Multnomah","Micro Tier I","Indoor",
"020-1012771F012","Oregon Cannabis Collective","OCC OUTDOOR CULTIVATION, LLC","RECREATIONAL PRODUCER","Yes","2026-07-06","2026-08-23","2026-07-06",,"Exempt from Public Disclosure","Josephine","Tier II","Outdoor",
"020-1023442992C","Oregon Happy Farm LLC","OREGON HAPPY FARM LLC","RECREATIONAL PRODUCER","Yes","2023-04-19","2024-04-18",,,"Exempt from Public Disclosure","Washington","Tier I","Mixed",
"020-1023624FDF0","The Folks Stash","JOCO FOLKS LLC","RECREATIONAL PRODUCER","No","2025-10-10","2026-10-09",,,"Exempt from Public Disclosure","Josephine","Tier II","Outdoor",
"020-1021142D590","Resource Safety","RESOURCE SAFETY LLC","RECREATIONAL PRODUCER","Yes","2025-05-20","2025-07-18","2025-05-20",,"Exempt from Public Disclosure","Jackson","Tier II","Indoor",
"020-102217759E9","Oregon Farms","OREGON FARMS LLC","RECREATIONAL PRODUCER","Yes","2023-11-22","2024-11-21",,,"Exempt from Public Disclosure","Jackson","Tier II","Outdoor",
"020-10149684087","BULL MOON","BULL MOON OREGON LLC","RECREATIONAL PRODUCER","No","2026-05-18","2027-05-17",,,"Exempt from Public Disclosure","Clackamas","Tier II","Indoor",
"020-1011435F844","Beaux's Buds LLC","BEAUX'S BUDS LLC","RECREATIONAL PRODUCER","No","2026-05-16","2027-05-15",,,"Exempt from Public Disclosure","Jackson","Tier II","Mixed",
"020-101042338F8","West and East Consulting Inc.","WEST AND EAST CONSULTING INC","RECREATIONAL PRODUCER","No","2026-03-31","2027-03-30",,,"Exempt from Public Disclosure","Jackson","Tier II","Outdoor",
"020-1015054B26B","GreenGrow","LEVI C VANNOY, JR.","RECREATIONAL PRODUCER","Yes","2024-05-02","2024-06-01","2024-05-02",,"Exempt from Public Disclosure","Deschutes","Micro Tier II","Indoor",
"020-101732632C4","Growing Up","GROWING UP LLC","RECREATIONAL PRODUCER","No","2025-10-27","2026-10-26",,,"Exempt from Public Disclosure","Clackamas","Tier I","Indoor",
"020-1011511EB52","West Coast Organics","WEST COAST ORGANICS LLC","RECREATIONAL PRODUCER","Yes","2026-06-03","2027-02-16","2026-06-03",,"Exempt from Public Disclosure","Curry","Tier II","Outdoor",
"020-1021607AF1B","Chronic Fields","CHRONIC FIELDS LLC","RECREATIONAL PRODUCER","No","2026-06-01","2026-09-21",,,"Exempt from Public Disclosure","Josephine","Tier II","Outdoor",
"020-10153266896","Headrush Hill Farms","HEADRUSH HILL FARMS LLC","RECREATIONAL PRODUCER","Yes","2025-11-06","2025-11-12","2025-11-06",,"Exempt from Public Disclosure","Clackamas","Tier I","Indoor",
"020-101752721DF","Highly Cultivated","THE FIRE LAB LLC","RECREATIONAL PRODUCER","No","2025-09-30","2026-09-29",,,"Exempt from Public Disclosure","Jackson","Tier II","Indoor",
"020-10115646B44","Oregonic Farms","OREGONIC FARMS LLC","RECREATIONAL PRODUCER","No","2026-04-02","2027-04-01",,,"Exempt from Public Disclosure","Columbia","Tier II","Indoor",
"020-1021609DA13","Half Baked Farms","HALF BAKED FARMS LLC","RECREATIONAL PRODUCER","No","2026-06-22","2026-09-20",,,"Exempt from Public Disclosure","Josephine","Tier II","Outdoor",
"020-1015332CF2D","Heavy Lids","LFC FARMS LLC","RECREATIONAL PRODUCER","Yes","2025-07-29","2026-07-28",,,"Exempt from Public Disclosure","Lane","Tier II","Outdoor",
"020-1017571CD57","Benson Arbor","NOAH DAVID LEVINE","RECREATIONAL PRODUCER","No","2026-07-02","2027-02-15",,,"Exempt from Public Disclosure","Jackson","Tier II","Outdoor",
"020-1011595A5AC","Slow Hand Craft Cannabis","ALBERT BISAILLON","RECREATIONAL PRODUCER","No","2026-04-12","2027-04-11",,,"Exempt from Public Disclosure","Washington","Tier I","Indoor",
"020-10216832CE3","New Breed Seed","NEW BREED SEED LLC","RECREATIONAL PRODUCER","No","2026-08-03","2027-08-07",,,"Exempt from Public Disclosure","Lane","Tier II","Outdoor",
"020-1015412E19B","Wingman Farms","RYAN ANDERSON","RECREATIONAL PRODUCER","Yes","2026-07-06","2026-10-20","2026-07-06",,"Exempt from Public Disclosure","Yamhill","Tier II","Indoor",
"020-1017672F95A","Argay","ARGAY INDUSTRIES, LLC","RECREATIONAL PRODUCER","Yes","2024-08-05","2025-05-10","2024-08-06",,"Exempt from Public Disclosure","Multnomah","Tier I","Indoor",
"020-101172236B2","BBA Grovers, Inc","BBA GROVERS INC","RECREATIONAL PRODUCER","Yes","2025-06-22","2026-06-21",,,"Exempt from Public Disclosure","Josephine","Tier II","Outdoor",
"020-1021936E543","Cultivate Jo","MNG OP-2581 DICK GEORGE ROAD 2 LLC","RECREATIONAL PRODUCER","No","2026-06-22","2026-09-22",,,"Exempt from Public Disclosure","Josephine","Tier II","Mixed",
"020-101551681E5","Lavandula Canna","LAVANDULA CANNA LLC","RECREATIONAL PRODUCER","No","2026-04-09","2027-04-08",,,"Exempt from Public Disclosure","Jackson","Tier II","Mixed",
"020-10177511718","Exotics Only","JAYS INVESTMENTS LLC","RECREATIONAL PRODUCER","No","2026-07-08","2027-06-02",,,"Exempt from Public Disclosure","Jackson","Tier II","Indoor",
"020-1018003618D","Altered Investments LLC","ALTERED INVESTMENTS LLC","RECREATIONAL PRODUCER","No","2026-07-29","2026-12-22",,,"Exempt from Public Disclosure","Jackson","Tier II","Outdoor",
"020-10119552597","Thunderbird Ranch","MICHAEL F REED","RECREATIONAL PRODUCER","Yes","2025-08-19","2026-03-09","2025-08-19",,"Exempt from Public Disclosure","Clackamas","Micro Tier I","Indoor",
"020-10219385945","Mike's Green Farm","MNG OP - 2581 DICK GEORGE ROAD 1 LLC","RECREATIONAL PRODUCER","No","2026-06-22","2026-09-27",,,"Exempt from Public Disclosure","Josephine","Tier II","Outdoor",
"020-1015535427E","Wee Farms","WEE PRODUCTIONS LLC","RECREATIONAL PRODUCER","No","2026-01-08","2026-11-12",,,"Exempt from Public Disclosure","Clackamas","Tier II","Indoor",
"020-10180073EE4","Your Highness Cultivar","OREGON AG AND DISTRIBUTION, LLC","RECREATIONAL PRODUCER","No","2025-12-23","2026-12-22",,,"Exempt from Public Disclosure","Baker","Tier I","Indoor",
"020-10119818101","Emerald Farms LLC","EMERALD FARMS LLC","RECREATIONAL PRODUCER","No","2026-08-27","2027-08-26",,,"Exempt from Public Disclosure","Polk","Micro Tier I","Indoor",
"020-1021985698F","SJT Agriculture","SJT AGRICULTURE LLC","RECREATIONAL PRODUCER","No","2026-06-01","2026-09-26",,,"Exempt from Public Disclosure","Josephine","Tier II","Outdoor",
"020-101554730A0","Eleven Eleven","EPITOME ACQUISITION LLC","RECREATIONAL PRODUCER","No","2026-07-08","2027-02-24",,,"Exempt from Public Disclosure","Josephine","Tier II","Outdoor",
"020-1018335A84B","Quality Group","QUALITY GROUP, LLC","RECREATIONAL PRODUCER","No","2026-04-13","2027-04-12",,,"Exempt from Public Disclosure","Jackson","Tier II","Outdoor",
"020-10121239D6D","Baho Buds","AJS INDUSTRIES, LLC","RECREATIONAL PRODUCER","No","2025-12-11","2026-12-10",,,"Exempt from Public Disclosure","Coos","Tier II","Indoor",
"020-10220260AF1","Picnic Oregon","PICNIC OREGON LLC","RECREATIONAL PRODUCER","No","2025-11-29","2026-11-28",,,"Exempt from Public Disclosure","Clackamas","Tier I","Indoor",
"020-1015589B474","Virgin Cannabis","NEW FRONTIER LLC","RECREATIONAL PRODUCER","No","2025-10-29","2026-10-28",,,"Exempt from Public Disclosure","Deschutes","Tier II","Indoor",
"020-101840189A7","Inner Rhythm, LLC","INNER RHYTHM, LLC","RECREATIONAL PRODUCER","No","2024-03-22","2025-03-21",,,"Exempt from Public Disclosure","Clackamas","Tier II","Indoor",
"020-1012206F069","Conscious Cultivators","CONSCIOUS CULTIVATORS INC.","RECREATIONAL PRODUCER","No","2026-07-14","2027-07-13",,,"Exempt from Public Disclosure","Lane","Tier II","Indoor",
"020-1022106D152","Good Luck Farms ","GOOD LUCK FARMS LLC","RECREATIONAL PRODUCER","No","2026-07-26","2027-07-25",,,"Exempt from Public Disclosure","Josephine","Tier II","Mixed",
"020-1015610245C","Pacific Green Growers","MCP INVESTORS, LLC","RECREATIONAL PRODUCER","Yes","2024-12-18","2024-10-20","2024-12-18",,"Exempt from Public Disclosure","Lane","Micro Tier II","Indoor","Medically Designated Canopy, Propagation Producer"
"020-1018963B7B8","Basalo","BASALO, LLC","RECREATIONAL PRODUCER","No","2026-08-20","2026-05-30",,,"Exempt from Public Disclosure","Jackson","Tier II","Outdoor",
"020-10123367F5C","Oregon Cultivation LLC","OREGON CULTIVATION, LLC","RECREATIONAL PRODUCER","Yes","2026-05-05","2026-07-27","2026-05-05",,"Exempt from Public Disclosure","Washington","Tier I","Indoor","Propagation Producer"
"020-1022246EB9C","Gas Station Genetics","GAS STATION INC","RECREATIONAL PRODUCER","Yes","2026-07-29","2027-03-02","2026-07-29",,"Exempt from Public Disclosure","Yamhill","Micro Tier II","Mixed","Propagation Producer"
"020-1015804FCEA","Moon Lite Inc","MOON LITE INC","RECREATIONAL PRODUCER","No","2026-02-18","2027-02-08",,,"Exempt from Public Disclosure","Multnomah","Micro Tier I","Indoor",
"020-1019142EC79","Heritage Farms","HERITAGE FARMS LLC","RECREATIONAL PRODUCER","No","2026-06-29","2027-06-14",,,"Exempt from Public Disclosure","Jackson","Tier II","Mixed",
"020-1010425654C","Bella Erba","2829 APPLEGATE PRODUCTS LLC","RECREATIONAL PRODUCER","No","2025-12-14","2026-12-13",,,"Exempt from Public Disclosure","Jackson","Tier II","Outdoor",
"020-1022287118A","Hidden Hills Cannabis","HIDDEN HILLS CANNABIS, LLC","RECREATIONAL PRODUCER","Yes","2025-10-08","2025-10-26","2025-10-08",,"Exempt from Public Disclosure","Deschutes","Micro Tier II","Indoor",
"020-101293751D8","Hotbox Farms","HOTBOX FARMS LLC","RECREATIONAL PRODUCER","No",,"2026-09-16",,,"Exempt from Public Disclosure","Lincoln","Micro Tier II","Indoor",
"020-1012963BA15","Cajun Land and Investments","VOODOO GROWERS, LLC","RECREATIONAL PRODUCER","Yes","2025-08-13","2026-08-12",,,"Exempt from Public Disclosure","Jackson","Tier II","Outdoor",
"020-1010466CD3E","Best Buds Distributors, Inc.","BEST BUDS DISTRIBUTORS, INC.","RECREATIONAL PRODUCER","Yes","2025-09-15","2026-01-20","2025-09-15",,"Exempt from Public Disclosure","Clackamas","Tier II","Indoor",
"020-10124150735","The Humble Farm Company LLC","THE HUMBLE FARM COMPANY, LLC","RECREATIONAL PRODUCER","Yes","2025-04-22","2026-02-09","2025-04-22",,"Exempt from Public Disclosure","Washington","Micro Tier II","Indoor",
"020-10224117F9B","Top Notch Greens LLC","TOP NOTCH GREENS LLC","RECREATIONAL PRODUCER","No","2026-01-24","2027-01-23",,,"Exempt from Public Disclosure","Jackson","Tier II","Outdoor",
"020-10129738E80","Cajun Land and Investments ","VOODOO GROWERS, LLC","RECREATIONAL PRODUCER","Yes","2025-08-13","2026-08-12",,,"Exempt from Public Disclosure","Jackson","Tier II","Outdoor",
"020-1019812EB79","Rhizosphere","RHIZOSPHERE LLC","RECREATIONAL PRODUCER","No","2026-05-30","2027-05-29",,,"Exempt from Public Disclosure","Multnomah","Micro Tier II","Indoor",
"020-10124742001","Redbarn Gardens ","REDBARN GARDENS 2 LLC","RECREATIONAL PRODUCER","No","2026-02-10","2027-02-09",,,"Exempt from Public Disclosure","Douglas","Tier II","Mixed",
"020-10224694689","Crawn Co","JCSF HOLDINGS LLC","RECREATIONAL PRODUCER","Yes","2025-12-23","2025-12-28","2025-12-23",,"Exempt from Public Disclosure","Marion","Tier II","Indoor","Propagation Producer"
"020-1013043459E","JD&E Holdings, LLC","JD&E HOLDINGS, LLC","RECREATIONAL PRODUCER","No","2025-08-12","2026-08-11",,,"Exempt from Public Disclosure","Jackson","Tier II","Outdoor",
"020-10200202722","Humble","HUMBLE2 LLC","RECREATIONAL PRODUCER","Yes","2024-04-25","2024-04-28",,,"Exempt from Public Disclosure","Jackson","Tier II","Outdoor",
"020-1012499AA2A","Bend Cannabis Company","BEND CANNABIS COMPANY","RECREATIONAL PRODUCER","Yes","2025-12-01","2026-06-21","2025-12-01",,"Exempt from Public Disclosure","Deschutes","Tier I","Indoor",
"020-1022512F162","XxoticTreez Farm LLC","XXOTICTREEZ FARM LLC","RECREATIONAL PRODUCER","Yes","2026-06-06","2026-12-07","2026-06-06",,"Exempt from Public Disclosure","Jackson","Tier II","Indoor",
"020-101309593A9","Farmory","FARMORY CO.","RECREATIONAL PRODUCER","No","2025-12-06","2026-12-05",,,"Exempt from Public Disclosure","Clackamas","Tier I","Indoor",
"020-1020110BCD2","Cruise Control","J.T.W. III LLC","RECREATIONAL PRODUCER","No","2026-05-31","2027-05-30",,,"Exempt from Public Disclosure","Yamhill","Tier II","Indoor",
"020-101268595D6","Ironwood","LOS VERDES AMIGOS LLC","RECREATIONAL PRODUCER","No","2026-04-09","2027-05-25",,,"Exempt from Public Disclosure","Clackamas","Tier I","Indoor",
"020-10225185564","Williams Wonder Farms","WJ HOLDINGS LLC","RECREATIONAL PRODUCER","No","2025-12-27","2026-12-26",,,"Exempt from Public Disclosure","Josephine","Tier II","Outdoor",
"020-101457546EB","Savage Cannabis","SAVAGE TNT INCORPORATED","RECREATIONAL PRODUCER","No","2026-01-24","2027-01-23",,,"Exempt from Public Disclosure","Yamhill","Micro Tier I","Indoor",
"020-1021104D50A","Northern Oak Farms","NORTHERN OAK GARDENS LLC","RECREATIONAL PRODUCER","Yes","2025-07-21","2026-02-20","2025-07-21",,"Exempt from Public Disclosure","Josephine","Tier II","Outdoor",
"020-1012858DABD","Bolt Mountain Cannabis","GREEN PASSION LLC","RECREATIONAL PRODUCER","No","2026-07-20","2027-07-19",,,"Exempt from Public Disclosure","Josephine","Tier II","Outdoor",
"020-1022546D38A","Coastal High Ways LLC","COASTAL HIGH WAYS LLC","RECREATIONAL PRODUCER","Yes","2024-07-22","2024-12-12","2024-07-30",,"Exempt from Public Disclosure","Coos","Tier I","Mixed",
"020-1014670A749","The Garden","BERYL INDUSTRIES LLC","RECREATIONAL PRODUCER","No","2025-11-16","2026-11-15",,,"Exempt from Public Disclosure","Lane","Tier I","Indoor",
"020-1021124C907","VMA LLC","VMA LLC","RECREATIONAL PRODUCER","No","2025-09-12","2026-09-11",,,"Exempt from Public Disclosure","Josephine","Tier II","Outdoor",
"020-10128973615","Cheeze Factory","KGB TRIM, LLC","RECREATIONAL PRODUCER","No","2026-01-14","2027-01-13",,,"Exempt from Public Disclosure","Deschutes","Tier I","Indoor",
"020-101292180C0","Chalula Farms","CHALULA FARMS, LLC","RECREATIONAL PRODUCER","No","2025-12-02","2026-12-01",,,"Exempt from Public Disclosure","Josephine","Tier II","Outdoor",
"020-102257329CE","Black Wolf Cannabis","DANCING SHIVA GARDENS LLC","RECREATIONAL PRODUCER","No","2025-12-08","2026-12-07",,,"Exempt from Public Disclosure","Jackson","Tier II","Outdoor",
"020-10151057D40","EK Industries LLC","EK INDUSTRIES LLC","RECREATIONAL PRODUCER","Yes","2025-05-06","2026-05-05",,,"Exempt from Public Disclosure","Lane","Tier II","Indoor",
"020-1021599ECD3","Brave Hearts","BRAVE HEARTS LLC","RECREATIONAL PRODUCER","No","2025-12-01","2026-11-30",,,"Exempt from Public Disclosure","Marion","Micro Tier I","Indoor","Micro-Tier Processing Producer"
"020-1022318A3D3","Chase The High Gardens","CHASE THE HIGH GARDENS LLC","RECREATIONAL PRODUCER","No","2026-03-31","2027-03-30",,,"Exempt from Public Disclosure","Josephine","Tier II","Outdoor",
"020-1015954B32F","Green Fire Gardens","GREEN FIRE GARDENS, LLC","RECREATIONAL PRODUCER","No","2026-09-17","2027-09-16",,,"Exempt from Public Disclosure","Lincoln","Tier I","Indoor",
"020-10108389A65","Monticello Farms Company","MONTICELLO FARMS COMPANY","RECREATIONAL PRODUCER","Yes","2025-02-28","2025-04-04","2025-02-28",,"Exempt from Public Disclosure","Clatsop","Tier I","Mixed",
"020-1021940D7B5","Half Baked Farms","HALF BAKED FARMS LLC","RECREATIONAL PRODUCER","No","2026-05-12","2026-09-21",,,"Exempt from Public Disclosure","Josephine","Tier II","Mixed",
"020-10223540CDA","Kingston Cannabis Company","KINGSTON CANNABIS COMPANY LLC","RECREATIONAL PRODUCER","No","2026-08-24","2026-12-21",,,"Exempt from Public Disclosure","Jackson","Tier II","Indoor",
"020-10159720F5C","Urban Canna","JT DELANGE LLC","RECREATIONAL PRODUCER","No","2026-06-22","2026-11-11",,,"Exempt from Public Disclosure","Lane","Tier II","Indoor",
"020-1015594BC6A","Refinery Manufacturing","REFINERY MANUFACTURING LLC","RECREATIONAL PRODUCER","Yes","2026-07-22","2026-12-15","2026-07-22",,"Exempt from Public Disclosure","Washington","Tier I","Outdoor",
"020-10225407048","Stardust Cultivation","INTERGALACTIC HOLDINGS LLC","RECREATIONAL PRODUCER","Yes","2026-03-25","2026-11-09","2026-03-25",,"Exempt from Public Disclosure","Clackamas","Tier I","Indoor",
"020-10227157C36","Big Jar Farms LLC","BIG JAR FARMS LLC","RECREATIONAL PRODUCER","No","2026-05-07","2027-04-02",,,"Exempt from Public Disclosure","Josephine","Tier I","Indoor",
"020-10160598491","Sky Valley Organics","SKY VALLEY ORGANICS LLC","RECREATIONAL PRODUCER","No","2026-03-12","2027-03-11",,,"Exempt from Public Disclosure","Josephine","Tier II","Outdoor",
"020-1015899B20F","Hotbox Farms","HOTBOX FARMS LLC","RECREATIONAL PRODUCER","No","2026-08-17","2027-08-16",,,"Exempt from Public Disclosure","Umatilla","Tier I","Indoor",
"020-10225864355","New Frontier LLC","NEW FRONTIER LLC","RECREATIONAL PRODUCER","No","2025-12-29","2026-12-28",,,"Exempt from Public Disclosure","Deschutes","Tier II","Indoor",
"020-10230876A5C","Z & L Partners","Z & L PARTNERS LLC","RECREATIONAL PRODUCER","Yes","2026-01-08","2026-02-09","2026-01-08",,"Exempt from Public Disclosure","Jackson","Tier II","Mixed",
"020-10161366DFD","Green Gear Solutions LLC","GREEN GEAR SOLUTIONS LLC","RECREATIONAL PRODUCER","Yes","2026-08-03","2026-12-17","2026-08-03",,"Exempt from Public Disclosure","Multnomah","Tier I","Indoor",
"020-10160241AE2","Flowers City","FLOWERS CITY, LLC","RECREATIONAL PRODUCER","No","2026-03-16","2027-03-15",,,"Exempt from Public Disclosure","Jackson","Tier II","Outdoor",
"020-1022601C55B","Wonder Gardens LLC","WONDER GARDENS LLC","RECREATIONAL PRODUCER","No","2026-03-18","2027-01-23",,,"Exempt from Public Disclosure","Josephine","Tier II","Mixed",
"020-10232347208","Terra Australis","TERRA AUSTRALIS LLC","RECREATIONAL PRODUCER","No","2025-09-14","2026-09-13",,,"Exempt from Public Disclosure","Polk","Tier II","Outdoor",
"020-1016146BBAD","High Tech Farms, LLC","HIGH TECH FARMS LLC","RECREATIONAL PRODUCER","No","2025-12-11","2026-12-10",,,"Exempt from Public Disclosure","Lane","Tier II","Indoor","Propagation Producer"
"020-1016403F9FE","Evil Woman Cannabis Company","EMERALD CITY VENTURES, LLC","RECREATIONAL PRODUCER","Yes","2024-10-02","2025-03-31","2024-10-02",,"Exempt from Public Disclosure","Hood River","Tier I","Mixed",
"020-101662624F3","Dr. Jolly's Industries LLC","DR. JOLLY'S LLC","RECREATIONAL PRODUCER","Yes","2025-07-16","2026-03-31","2025-07-16",,"Exempt from Public Disclosure","Deschutes","Tier I","Indoor",
"020-102271719BE","Treasure Valley Cannabis Company","TREASURE VALLEY CANNABIS COMPANY, LLC","RECREATIONAL PRODUCER","No","2026-03-19","2027-01-02",,,"Exempt from Public Disclosure","Jackson","Tier II","Outdoor",
"020-1023858E558","ETO Roots","ETO LLC","RECREATIONAL PRODUCER","No","2026-05-26","2027-05-25",,,"Exempt from Public Disclosure","Josephine","Tier II","Outdoor",
"020-10162340254","Galaxy Odyssey","GALAXY ODYSSEY LLC","RECREATIONAL PRODUCER","Yes","2024-03-04","2025-03-03","2024-08-19",,"Exempt from Public Disclosure","Clackamas","Tier I","Indoor",
"020-10129350DBA","Beach Bums Cannabis Company","BEACH BUMS CANNABIS COMPANY LLC","RECREATIONAL PRODUCER","Yes","2024-10-16","2024-05-05","2024-10-17",,"Exempt from Public Disclosure","Lincoln","Tier I","Indoor",
"020-1022994A143","Flangas Farms","FLANGAS FARMS LLC","RECREATIONAL PRODUCER","Yes","2025-02-08","2025-07-12","2025-02-08",,"Exempt from Public Disclosure","Jackson","Tier II","Outdoor",
"020-10238912A7F","Arnold Ln LOT 1","ROGUE FARMER QC2, LLC","RECREATIONAL PRODUCER","Yes","2026-05-04","2026-06-07","2026-05-04",,"Exempt from Public Disclosure","Jackson","Tier II","Outdoor",
"020-10162593172","QJ Lucky Farms","QJ LUCKY FARM LLC","RECREATIONAL PRODUCER","No","2025-12-22","2026-12-21",,,"Exempt from Public Disclosure","Jackson","Tier II","Outdoor",
"020-10129396BE9","Paul Farms","PAUL FARMS, LLC","RECREATIONAL PRODUCER","No","2025-11-29","2026-11-28",,,"Exempt from Public Disclosure","Josephine","Tier II","Outdoor",
"020-1023158B6F8","Long River Investment LLC","LONG RIVER INVESTMENT LLC","RECREATIONAL PRODUCER","Yes","2025-05-22","2026-03-13","2025-05-22",,"Exempt from Public Disclosure","Lane","Tier II","Indoor",
"020-10239372CD1","PURPLE PARADISE LLC","PURPLE PARADISE LLC","RECREATIONAL PRODUCER","No","2026-06-05","2027-06-04",,,"Exempt from Public Disclosure","Josephine","Tier II","Outdoor",
"020-101628371CF","Nectar Markets, LLC","NECTAR MARKETS, LLC","RECREATIONAL PRODUCER","No","2026-03-13","2026-04-15",,,"Exempt from Public Disclosure","Jackson","Tier II","Outdoor",
"020-10130146E37","Canna-Creek Farm, LLC","CANNA-CREEK FARM, LLC","RECREATIONAL PRODUCER","No","2026-04-29","2026-12-19",,,"Exempt from Public Disclosure","Jackson","Tier II","Outdoor",
"020-1023630D90A","JoCo Green","BUCK CANYON FARMS, LLC","RECREATIONAL PRODUCER","No","2026-07-27","2027-07-26",,,"Exempt from Public Disclosure","Josephine","Tier II","Outdoor",
"020-10226696861","Rainier Growing","RAINIER GROWING LLC","RECREATIONAL PRODUCER","Yes","2025-02-26","2025-11-30","2025-02-26",,"Exempt from Public Disclosure","Columbia","Tier II","Indoor",
"020-10162858F9E","Nectar Markets, LLC","NECTAR MARKETS, LLC","RECREATIONAL PRODUCER","No","2026-06-16","2026-04-12",,,"Exempt from Public Disclosure","Jackson","Tier II","Outdoor",
"020-1013638A377","White Label Farms","OREGON ESSENTIALS, LLC","RECREATIONAL PRODUCER","No","2026-01-11","2027-01-10",,,"Exempt from Public Disclosure","Lane","Micro Tier I","Indoor",
"020-10236345F5F","JoCo Green","BUCK CANYON FARMS, LLC","RECREATIONAL PRODUCER","No","2025-09-01","2026-08-31",,,"Exempt from Public Disclosure","Josephine","Tier II","Indoor",
"020-10227886FB1","Coffer","COFFER, LLC","RECREATIONAL PRODUCER","No","2026-01-03","2027-01-02",,,"Exempt from Public Disclosure","Jackson","Tier II","Outdoor",
"020-1016783BF06","RiteKind","RITEKIND PRODUCTIONS LLC","RECREATIONAL PRODUCER","Yes","2026-06-30","2027-05-16","2026-06-30",,"Exempt from Public Disclosure","Jackson","Tier II","Outdoor",
"020-10138050BE8","Atrium Farms","ATRIUM GROUP LLC","RECREATIONAL PRODUCER","Yes","2025-12-18","2026-04-01","2025-12-18",,"Exempt from Public Disclosure","Clackamas","Tier II","Indoor",
"020-10238361B3C","Alternative Systems LLC","ALTERNATIVE SYSTEMS LLC","RECREATIONAL PRODUCER","No","2026-06-15","2027-06-14",,,"Exempt from Public Disclosure","Jackson","Tier II","Outdoor",
"020-1023210CFF8","Cece Ranch","CE CE RANCH LLC","RECREATIONAL PRODUCER","No","2026-08-25","2027-08-24",,,"Exempt from Public Disclosure","Jackson","Tier II","Outdoor",
"020-102342347BF","Ripped City ","SKFOSTER LLC","RECREATIONAL PRODUCER","No","2026-06-01","2027-05-31",,,"Exempt from Public Disclosure","Multnomah","Tier I","Indoor",
"020-1016816D727","Derby's Farm ","JCB FARMS, LLC","RECREATIONAL PRODUCER","No","2026-04-02","2027-04-01",,,"Exempt from Public Disclosure","Yamhill","Tier II","Mixed",
"020-1014306CB31","Lin 666 LLC","LIN666LLC","RECREATIONAL PRODUCER","No","2026-02-14","2027-02-13",,,"Exempt from Public Disclosure","Clackamas","Tier I","Indoor",
"020-1023911E813","WTX68 LLC","WTX68 LLC","RECREATIONAL PRODUCER","Yes","2025-06-26","2025-09-05","2025-06-26",,"Exempt from Public Disclosure","Jackson","Micro Tier I","Indoor",
"020-1023498A2C2","Flyte Co","FLYTE CO LLC","RECREATIONAL PRODUCER","No","2026-03-21","2027-03-20",,,"Exempt from Public Disclosure","Deschutes","Micro Tier II","Indoor","Micro-Tier Processing Producer"
"020-101698443D4","Duck Tails ","DUCK TAILS, LLC","RECREATIONAL PRODUCER","No","2026-06-10","2027-06-09",,,"Exempt from Public Disclosure","Lincoln","Tier II","Indoor",
"020-10152038360","Treasure Valley Cannabis Company","TREASURE VALLEY CANNABIS COMPANY, LLC","RECREATIONAL PRODUCER","No","2026-07-02","2026-12-08",,,"Exempt from Public Disclosure","Jackson","Tier II","Outdoor",
"020-10239233083","Columbia Gorge Group","COLUMBIA GORGE GROUP LLC","RECREATIONAL PRODUCER","Yes","2024-12-11","2025-07-27","2024-12-11",,"Exempt from Public Disclosure","Lane","Tier II","Indoor",
"020-1023804566D","Pin Farms ","SINA JALALI","RECREATIONAL PRODUCER","No","2026-06-23","2027-06-22",,,"Exempt from Public Disclosure","Jackson","Tier II","Outdoor",
"020-1017154EFBA","Arnold Ln LOT 2","ROGUE FARMER IH LLC","RECREATIONAL PRODUCER","Yes","2026-05-04","2026-10-07","2026-05-04",,"Exempt from Public Disclosure","Jackson","Tier II","Outdoor",
"020-10153229B75","Quantum Oregon","HAPPY HOLLOW FARMS, INC","RECREATIONAL PRODUCER","No","2026-08-18","2027-08-17",,,"Exempt from Public Disclosure","Clackamas","Tier II","Mixed",
"020-1023979381B","Dragon Ladies Flower ","CHA GREEN FARM LLC","RECREATIONAL PRODUCER","No","2026-08-26","2027-06-20",,,"Exempt from Public Disclosure","Jackson","Tier II","Outdoor",
"020-1016675D1D4","Winberry Farms","HALO WINBERRY HOLDINGS, LLC","RECREATIONAL PRODUCER","Yes","2024-12-20","2025-04-27","2024-12-20",,"Exempt from Public Disclosure","Lane","Micro Tier I","Indoor",
"020-10231672EC3","Enjoy Fun Life","ENJOY FUN LIFE LLC","RECREATIONAL PRODUCER","No","2026-07-14","2027-02-27",,,"Exempt from Public Disclosure","Clackamas","Tier II","Indoor",
"020-1015454F766","Green Bird Farm","GREEN BIRD FARM LLC","RECREATIONAL PRODUCER","No","2026-01-14","2027-01-13",,,"Exempt from Public Disclosure","Multnomah","Tier II","Outdoor",
"020-1024055640C","NO TOMATO, LLC","NO TOMATO, LLC","RECREATIONAL PRODUCER","No","2026-07-11","2027-07-10",,,"Exempt from Public Disclosure","Josephine","Tier II","Outdoor",
"020-10167359E3F","Southern Oregon Cannabis","SOC VENTURES LLC","RECREATIONAL PRODUCER","Yes","2025-03-10","2025-03-25","2025-03-10",,"Exempt from Public Disclosure","Jackson","Tier II","Mixed",
"020-10232561A59","Jeff Extractz","JEFF EXTRACTZ LLC","RECREATIONAL PRODUCER","No","2026-03-05","2027-03-08",,,"Exempt from Public Disclosure","Josephine","Tier II","Outdoor",
"020-1015597BBF9","Nectar Stick","COLVER MANAGEMENT LLC","RECREATIONAL PRODUCER","No","2026-02-22","2027-02-21",,,"Exempt from Public Disclosure","Jackson","Tier II","Outdoor",
"020-10240837D3D","Canna Dank Farms","CANNA DANK FARMS LLC","RECREATIONAL PRODUCER","Yes","2025-02-08","2025-07-09","2025-02-08",,"Exempt from Public Disclosure","Jackson","Tier II","Outdoor",
"020-10168088C6E","Terra Fern Farms","TERRA FERN FARMS LLC","RECREATIONAL PRODUCER","No","2026-06-16","2027-06-15",,,"Exempt from Public Disclosure","Clackamas","Tier I","Indoor","Propagation Producer"
"020-10232663FA8","DHT Holdings LLC ","DHT HOLDINGS LLC","RECREATIONAL PRODUCER","Yes","2025-04-17","2026-04-16","2025-05-05",,"Exempt from Public Disclosure","Jackson","Tier II","Outdoor",
"020-10155980151","Aurora 99","AURORA 99 FARMS LLC","RECREATIONAL PRODUCER","Yes","2026-05-05","2027-01-26","2026-05-05",,"Exempt from Public Disclosure","Clackamas","Tier I","Indoor",
"020-10240873DA2","DooDool Tallah","DOODOOL TALLAH, LLC","RECREATIONAL PRODUCER","Yes","2024-11-27","2025-07-16","2024-11-27",,"Exempt from Public Disclosure","Jackson","Tier II","Outdoor",
"020-10241255BD9","Major League Flower","ANDREWS & CASHETTA HOLDINGS LLC","RECREATIONAL PRODUCER","No","2026-08-15","2027-08-14",,,"Exempt from Public Disclosure","Josephine","Tier II","Mixed",
"020-1017019453A","Disartana Green, LLC","DISARTANA GREEN, LLC","RECREATIONAL PRODUCER","Yes","2023-06-21","2024-05-10","2024-05-10",,"Exempt from Public Disclosure","Josephine","Tier II","Mixed",
"020-1023292F5F1","3MF","3MF LLC","RECREATIONAL PRODUCER","No","2026-05-08","2027-05-07",,,"Exempt from Public Disclosure","Josephine","Tier II","Outdoor",
"020-1016063ED1B","Golden Creek Organic","GOLDEN CREEK ORGANIC LLC","RECREATIONAL PRODUCER","No","2026-02-09","2027-02-08",,,"Exempt from Public Disclosure","Josephine","Tier II","Outdoor","Propagation Producer"
"020-10238692FB1","Virgin Leaf","NEW FRONTIER LLC","RECREATIONAL PRODUCER","No","2026-06-29","2027-06-28",,,"Exempt from Public Disclosure","Deschutes","Tier II","Indoor",
"020-1017350AC19","Golden Eagle Ranch","GOLDEN EAGLE RANCH, LLC","RECREATIONAL PRODUCER","No","2026-03-02","2027-03-01",,,"Exempt from Public Disclosure","Jackson","Tier II","Mixed",
"020-1023301F064","5150 Cannabis","51/50 FARM LLC","RECREATIONAL PRODUCER","No","2026-03-30","2027-03-29",,,"Exempt from Public Disclosure","Tillamook","Tier I","Indoor",
"020-10239915A31","Rocky Mtn Farms","ROCKY MTN DISPENSARY INC","RECREATIONAL PRODUCER","No","2026-06-26","2027-06-25",,,"Exempt from Public Disclosure","Grant","Tier I","Mixed",
"020-1024075FC02","Buddha Leaf Farms","BUDDHA LEAF FARMS LLC","RECREATIONAL PRODUCER","No","2025-11-01","2026-10-31",,,"Exempt from Public Disclosure","Jackson","Tier II","Outdoor",
"020-1017378683D","CBDiscovery","STICKY HILL FARM LLC","RECREATIONAL PRODUCER","Yes","2026-05-12","2027-02-17","2026-05-12",,"Exempt from Public Disclosure","Lane","Micro Tier I","Indoor",
"020-1023337FB1E","Arlington Acres","ARLINGTON ACRES LLC","RECREATIONAL PRODUCER","No","2026-08-09","2027-08-08",,,"Exempt from Public Disclosure","Jackson","Tier II","Outdoor",
"020-10161115A8A","Oregon Genetics ","PACIFIC COMMERCIAL HOLDINGS LLC","RECREATIONAL PRODUCER","Yes","2025-01-20","2025-10-18","2025-01-20",,"Exempt from Public Disclosure","Yamhill","Tier II","Indoor",
"020-102407792DE","Talia Tallah Farms","TALIA TALLAH FARMS LLC","RECREATIONAL PRODUCER","Yes","2024-12-03","2025-08-14","2024-12-03",,"Exempt from Public Disclosure","Jackson","Tier II","Outdoor",
"020-101740495C0","Doinkz","SCMP, LLC","RECREATIONAL PRODUCER","Yes","2024-11-21","2025-09-16","2024-11-21",,"Exempt from Public Disclosure","Multnomah","Tier I","Indoor",
"020-10233930CE0","Piff Stixs","BAILEY HILL PROPERTIES LLC","RECREATIONAL PRODUCER","No","2026-04-15","2027-03-22",,,"Exempt from Public Disclosure","Lane","Tier II","Indoor",
"020-1016185356C","Herban Tribe","MPSC INDUSTRIES, LLC","RECREATIONAL PRODUCER","Yes","2024-09-02","2025-09-01",,,"Exempt from Public Disclosure","Lane","Tier II","Indoor",
"020-102409901DE","Caveman Family Farms LLC","CAVEMAN FAMILY FARMS LLC","RECREATIONAL PRODUCER","No","2026-07-27","2027-07-26",,,"Exempt from Public Disclosure","Jackson","Tier II","Mixed",
"020-1017065A230","Sunny Valley Farm 2","SUNNY VALLEY FARM 2 LLC","RECREATIONAL PRODUCER","No","2025-10-08","2026-10-07",,,"Exempt from Public Disclosure","Josephine","Tier II","Outdoor",
"020-1011005CEAC","ATC ENTERPRISE, LLC","ATC ENTERPRISE, LLC","RECREATIONAL PRODUCER","Yes","2025-10-31","2025-12-09","2025-10-31",,"Exempt from Public Disclosure","Clackamas","Tier II","Outdoor",
"020-1024138F67B","Om Canna LLC","OM CANNA LLC","RECREATIONAL PRODUCER","No","2026-07-13","2027-07-12",,,"Exempt from Public Disclosure","Josephine","Tier II","Indoor",
"020-1016210E0A2","Family Exotics","FAMILY EXOTICS 2 LLC","RECREATIONAL PRODUCER","No","2026-01-07","2027-01-06",,,"Exempt from Public Disclosure","Jackson","Tier II","Mixed",
"020-101719677E7","Gud Gardens","GUD CULTURES LLC","RECREATIONAL PRODUCER","No","2026-06-24","2027-04-27",,,"Exempt from Public Disclosure","Josephine","Tier II","Mixed","Propagation Producer"
"020-1017485B1A1","Folia","IKJC ENTERPRISES, LLC","RECREATIONAL PRODUCER","No","2026-03-29","2027-03-28",,,"Exempt from Public Disclosure","Jackson","Tier II","Outdoor",
"020-10234154D94","Valley Cannabis CO ","HAPPY BUSH FARMS LLC","RECREATIONAL PRODUCER","Yes","2025-01-21","2025-06-06","2025-01-21",,"Exempt from Public Disclosure","Lane","Tier I","Indoor",
"020-1023467C443","Ameh","AMEH, LLC","RECREATIONAL PRODUCER","Yes","2025-02-08","2025-08-08","2025-02-08",,"Exempt from Public Disclosure","Jackson","Tier II","Outdoor",
"020-101623361C6","Premier Farm","PREMIER FARM CORPORATION","RECREATIONAL PRODUCER","Yes","2024-03-21","2025-03-01","2024-05-15",,"Exempt from Public Disclosure","Clackamas","Tier II","Indoor",
"020-10172092D92","SOCO Farms LLC","SOCO FARMS LLC","RECREATIONAL PRODUCER","No","2026-01-21","2026-10-25",,,"Exempt from Public Disclosure","Jackson","Tier II","Mixed",
"020-10174868CEE","Kore Cannabis","KORE CANNABIS, LLC","RECREATIONAL PRODUCER","No","2025-11-29","2026-11-28",,,"Exempt from Public Disclosure","Clackamas","Tier II","Mixed",
"020-1023531DA67","Pac House Exoticz ","PHE LLC","RECREATIONAL PRODUCER","No","2026-06-21","2027-06-20",,,"Exempt from Public Disclosure","Josephine","Tier II","Outdoor",
"020-10243703DD9","Ganja Goddess","GANJA GODDESS I LLC","RECREATIONAL PRODUCER","No","2026-07-05","2027-07-04",,,"Exempt from Public Disclosure","Jackson","Tier II","Outdoor",
"020-1017310A250","Halo Ceremony House","ANM PRODUCER 6 LLC","RECREATIONAL PRODUCER","Yes","2025-01-23","2025-10-27","2025-01-23",,"Exempt from Public Disclosure","Jackson","Micro Tier I","Indoor",
"020-1017536E1E8","Gorge Grown llc ","GORGE GROWN LLC","RECREATIONAL PRODUCER","No","2026-08-25","2026-11-28",,,"Exempt from Public Disclosure","Hood River","Tier II","Mixed",
"020-10236345F5F","JoCo Green","BUCK CANYON FARMS, LLC","RECREATIONAL PRODUCER","No","2026-09-01","2027-08-31",,,"Exempt from Public Disclosure","Josephine","Tier II","Indoor",
"020-10244560C01","Happy Flower LLC","HAPPY FLOWER LLC","RECREATIONAL PRODUCER","No","2026-07-10","2027-07-09",,,"Exempt from Public Disclosure","Jackson","Tier II","Outdoor",
"020-1024260677E","High Vibes Ranch ","HIGH VIBES RANCH LLC","RECREATIONAL PRODUCER","No","2026-08-25","2027-08-24",,,"Exempt from Public Disclosure","Jackson","Tier II","Outdoor",
"020-10112054705","Meraki Gardens","SJJD CONSULTING LLC","RECREATIONAL PRODUCER","No","2026-05-27","2026-10-21",,,"Exempt from Public Disclosure","Multnomah","Tier II","Indoor",
"020-10241465FFE","Fengyuan","FENGYUAN LLC","RECREATIONAL PRODUCER","No","2026-08-20","2027-09-26",,,"Exempt from Public Disclosure","Columbia","Tier II","Indoor",
"020-10162878284","Nectar Markets, LLC","NECTAR MARKETS, LLC","RECREATIONAL PRODUCER","No","2026-03-13","2026-04-12",,,"Exempt from Public Disclosure","Jackson","Tier II","Outdoor",
"020-1024266DEB0","H20Rganics LLC","H20RGANICS LLC","RECREATIONAL PRODUCER","No","2026-07-06","2027-07-05",,,"Exempt from Public Disclosure","Jackson","Tier II","Outdoor",
"020-10175182DED","Psychonaut Oregon, LLC","PSYCHONAUT OREGON, LLC","RECREATIONAL PRODUCER","Yes","2024-12-07","2024-12-01","2024-12-07",,"Exempt from Public Disclosure","Josephine","Tier II","Mixed",
"020-1024272F653","Botanikos","BOTANIKOS LLC","RECREATIONAL PRODUCER","No","2025-10-23","2026-10-22",,,"Exempt from Public Disclosure","Clackamas","Tier I","Indoor",
"020-1016483B771","Green Hornets","GREEN HORNETS LLC","RECREATIONAL PRODUCER","No","2026-03-15","2027-03-14",,,"Exempt from Public Disclosure","Jackson","Tier II","Outdoor",
"020-1024318DE75","Apollo Farm","APOLLO FARM CORPORATION","RECREATIONAL PRODUCER","No","2026-06-27","2027-06-26",,,"Exempt from Public Disclosure","Washington","Tier II","Indoor",
"020-1018154C368","Engineered Exotics West","ROBERT BYRD","RECREATIONAL PRODUCER","Yes","2024-10-30","2024-12-26","2024-11-01",,"Exempt from Public Disclosure","Multnomah","Tier I","Indoor",
"020-1024330074F","JoCo Bros","JOCO BRO LLC","RECREATIONAL PRODUCER","No","2026-01-24","2027-01-23",,,"Exempt from Public Disclosure","Josephine","Tier II","Outdoor",
"020-1016546481F","WeGrowGreen, LLC","WEGROWGREEN, LLC","RECREATIONAL PRODUCER","No","2026-05-11","2027-05-10",,,"Exempt from Public Disclosure","Josephine","Tier II","Indoor",
"020-1024386ABDD","Ganja Goddess","GANJA GODDESS I LLC","RECREATIONAL PRODUCER","No","2025-08-29","2026-08-28",,,"Exempt from Public Disclosure","Jackson","Tier II","Indoor",
"020-1018421A10A","Diva Land LLC","DIVA LAND LLC","RECREATIONAL PRODUCER","No","2025-10-28","2026-10-27",,,"Exempt from Public Disclosure","Josephine","Tier II","Mixed",
"020-10186318460","717 Lombard LLC","717 LOMBARD LLC","RECREATIONAL PRODUCER","No","2026-04-08","2027-04-07",,,"Exempt from Public Disclosure","Multnomah","Tier II","Indoor",
"020-10243527F0D","Black Sheep Cultivation","EXOTICS ONLY INC","RECREATIONAL PRODUCER","No","2025-11-15","2026-11-14",,,"Exempt from Public Disclosure","Washington","Tier I","Indoor",
"020-1024554E1B6","Stalwart","STALWART LLC","RECREATIONAL PRODUCER","No","2026-07-27","2027-07-26",,,"Exempt from Public Disclosure","Jackson","Tier II","Outdoor",
"020-1024410A152","Old Growth Organics LLC","OLD GROWTH ORGANICS LLC","RECREATIONAL PRODUCER","No","2026-07-07","2027-07-06",,,"Exempt from Public Disclosure","Jackson","Tier II","Outdoor",
"020-101871992C1","High Tech Farms 2.0","HIGH TECH FARMS 2.0 LLC","RECREATIONAL PRODUCER","No","2026-03-17","2027-03-16",,,"Exempt from Public Disclosure","Lane","Tier I","Indoor",
"020-1024500A957","Arcane Agriculture","ARCANE AGRICULTURE, LLC","RECREATIONAL PRODUCER","Yes","2026-03-03","2026-07-26","2026-03-03",,"Exempt from Public Disclosure","Jackson","Tier II","Outdoor",
"020-10252654B42","Iris Farm LLC","IRIS FARM LLC","RECREATIONAL PRODUCER","No","2025-11-17","2026-11-16",,,"Exempt from Public Disclosure","Jackson","Tier II","Mixed",
"020-1024420EA85","Summit Valley LLC","SUMMIT VALLEY LLC","RECREATIONAL PRODUCER","Yes","2025-05-14","2025-07-17","2025-05-14",,"Exempt from Public Disclosure","Jackson","Tier II","Outdoor",
"020-101872211B1","K2 Sunrise LLC","K2 SUNRISE LLC","RECREATIONAL PRODUCER","Yes","2024-10-31","2025-06-12","2024-10-31",,"Exempt from Public Disclosure","Clackamas","Tier II","Indoor",
"020-1024506D5D4","Lady Thistlehawk","LADY THISTLEHAWK LLC","RECREATIONAL PRODUCER","Yes","2024-10-30","2025-08-27","2024-10-31",,"Exempt from Public Disclosure","Multnomah","Micro Tier I","Indoor",
"020-10257963E3D","Golden Eagle Ranch LLC","GOLDEN EAGLE RANCH, LLC","RECREATIONAL PRODUCER","No","2026-02-22","2027-02-21",,,"Exempt from Public Disclosure","Jackson","Tier II","Mixed",
"020-1024573CCE1","GreenWaves LLC","GREENWAVES LLC","RECREATIONAL PRODUCER","No","2025-12-08","2026-12-07",,,"Exempt from Public Disclosure","Washington","Tier I","Indoor",
"020-10189446F42","Big Z","JOHN ZOGHEB","RECREATIONAL PRODUCER","No","2026-05-17","2027-05-16",,,"Exempt from Public Disclosure","Jackson","Tier II","Indoor",
"020-1024545A5D1","Solray Enterprises Inc","SOLRAY ENTERPRISE, INC","RECREATIONAL PRODUCER","Yes","2024-05-02","2024-08-15","2024-05-02",,"Exempt from Public Disclosure","Multnomah","Micro Tier I","Outdoor",
"020-10557","WIN CHEN LLC","WIN CHEN LLC","RECREATIONAL PRODUCER","No","2026-02-25","2027-02-24",,,"Exempt from Public Disclosure","Clackamas","Tier II","Indoor",
"020-1024581D5E4","Humble ","HUMBLE1 LLC","RECREATIONAL PRODUCER","No","2026-07-08","2026-09-05",,,"Exempt from Public Disclosure","Josephine","Tier II","Outdoor",
"020-101907840E8","North Star Wealth, LLC","NORTH STAR WEALTH, LLC","RECREATIONAL PRODUCER","Yes","2026-04-21","2026-07-04","2026-04-21",,"Exempt from Public Disclosure","Josephine","Tier II","Outdoor",
"020-1024599BEC5","Long River Investment LLC ","LONG RIVER INVESTMENT LLC","RECREATIONAL PRODUCER","No","2025-09-25","2026-08-30",,,"Exempt from Public Disclosure","Washington","Tier II","Indoor",
"020-11064","JetLeaf","SOC VENTURES LLC","RECREATIONAL PRODUCER","No","2026-03-10","2027-03-09",,,"Exempt from Public Disclosure","Jackson","Tier II","Mixed",
"020-10193217E9C","Kaprikorn ","KAPRIKORN LLC","RECREATIONAL PRODUCER","No","2026-05-09","2027-05-08",,,"Exempt from Public Disclosure","Lane","Tier II","Indoor",
"020-1011370C15B","Win68 LLC","WIN68 LLC","RECREATIONAL PRODUCER","Yes","2026-01-13","2026-08-11","2026-01-13",,"Exempt from Public Disclosure","Clackamas","Tier II","Indoor",
"020-10246853FD0","Rebel Ranch","REBEL RANCH LLC","RECREATIONAL PRODUCER","No","2025-10-16","2026-09-28",,,"Exempt from Public Disclosure","Josephine","Tier II","Mixed",
"020-11092","Elite Consulting","ELITE CONSULTING LLC","RECREATIONAL PRODUCER","Yes","2026-05-29","2027-03-10","2026-05-29",,"Exempt from Public Disclosure","Jackson","Tier II","Outdoor",
"020-10212701F3D","Smoky Flower Farm","SMOKY FLOWER FARM, LLC","RECREATIONAL PRODUCER","No","2026-08-02","2027-08-01",,,"Exempt from Public Disclosure","Washington","Tier II","Outdoor",
"020-1011416E335","Western Pastures","WESTERN PASTURES INC.","RECREATIONAL PRODUCER","Yes","2025-01-28","2025-04-06","2025-01-28",,"Exempt from Public Disclosure","Josephine","Tier II","Mixed","Propagation Producer"
"020-1017841627D","Nectar","NECTAR MARKETS, LLC","RECREATIONAL PRODUCER","No","2026-07-09","2027-02-14",,,"Exempt from Public Disclosure","Josephine","Tier II","Outdoor",
"020-1023781F3EC","Bobsled Farms LLC","BOBSLED FARMS LLC","RECREATIONAL PRODUCER","No","2026-04-28","2027-04-27",,,"Exempt from Public Disclosure","Jackson","Tier II","Outdoor",
"020-12532","SOFF","SOFF LLC","RECREATIONAL PRODUCER","No","2026-05-05","2027-04-16",,,"Exempt from Public Disclosure","Josephine","Tier II","Outdoor",
"020-10114202732","Plane Tree","PLANE TREE ESTATES LLC","RECREATIONAL PRODUCER","No","2026-08-24","2027-03-07",,,"Exempt from Public Disclosure","Josephine","Tier II","Outdoor",
"020-10166785558","Bristlecone","BRISTLECONE LLC","RECREATIONAL PRODUCER","No","2025-11-18","2026-11-17",,,"Exempt from Public Disclosure","Jackson","Tier II","Outdoor",
"020-10248260601","Rogue Farmer","WILDFLOWER HOLDINGS LLC","RECREATIONAL PRODUCER","Yes","2025-05-13","2025-10-22","2025-05-13",,"Exempt from Public Disclosure","Josephine","Tier II","Outdoor",
"020-13042","GREEN LEAF FARM LLC","GREEN LEAF FARM LLC","RECREATIONAL PRODUCER","No","2026-04-28","2027-04-27",,,"Exempt from Public Disclosure","Polk","Tier II","Indoor",
"020-10219082606","Shivas Garden","SHIVAS GARDEN, INC.","RECREATIONAL PRODUCER","Yes","2026-07-14","2026-09-05","2026-07-14",,"Exempt from Public Disclosure","Clackamas","Tier II","Indoor",
"020-1016730FF94","DooDool Tallah","DOODOOL TALLAH, LLC","RECREATIONAL PRODUCER","Yes","2024-11-12","2025-06-15","2024-11-12",,"Exempt from Public Disclosure","Jackson","Tier II","Outdoor",
"020-10249786817","Win Sun Growers","WIN SUN LLC","RECREATIONAL PRODUCER","No","2025-11-27","2026-11-26",,,"Exempt from Public Disclosure","Clackamas","Tier II","Indoor",
"020-13670","Just J's LLC ; SITE LLC","JUST J'S LLC || SITE LLC","RECREATIONAL PRODUCER","No","2026-05-21","2027-05-11",,,"Exempt from Public Disclosure","Jackson","Tier II","Outdoor",
"020-10220981032","GG93","GG93 LLC","RECREATIONAL PRODUCER","Yes","2025-12-10","2026-09-26","2025-12-10",,"Exempt from Public Disclosure","Lane","Micro Tier I","Indoor",
"020-1016813BC16","Benson Arbor","ARBOR FARMS LLC","RECREATIONAL PRODUCER","No","2026-07-02","2027-04-19",,,"Exempt from Public Disclosure","Jackson","Tier II","Outdoor","Propagation Producer"
"020-1025036C250","Mahalo Growing Company ","MAHALO GROWING COMPANY LLC","RECREATIONAL PRODUCER","Yes","2026-05-11","2027-01-02","2026-05-11",,"Exempt from Public Disclosure","Josephine","Tier II","Outdoor",
"020-14062","The Ark Greens LLC","THE ARK GREENS LLC","RECREATIONAL PRODUCER","Yes","2025-05-20","2026-05-19",,,"Exempt from Public Disclosure","Jackson","Tier II","Outdoor",
"020-102216734FC","Coastal Cultivation LLC","COASTAL CULTIVATION LLC","RECREATIONAL PRODUCER","No","2025-11-18","2026-11-17",,,"Exempt from Public Disclosure","Curry","Micro Tier II","Indoor",
"020-1016889B8BC","Highly Elevated INC","HIGHLY ELEVATED INC","RECREATIONAL PRODUCER","No","2026-06-09","2027-06-08",,,"Exempt from Public Disclosure","Yamhill","Tier II","Indoor",
"020-102508211B7","Lochness Corral","LOCHNESS CORRAL LLC","RECREATIONAL PRODUCER","Yes","2026-07-14","2026-12-14","2026-07-14",,"Exempt from Public Disclosure","Lane","Tier II","Outdoor",
"020-14530","Bonilla Farms ","BONILLA FARMS LLC","RECREATIONAL PRODUCER","No","2026-05-29","2027-05-28",,,"Exempt from Public Disclosure","Jackson","Tier II","Outdoor",
"020-10222815D9B","Lofty","SUM LLC","RECREATIONAL PRODUCER","No","2026-05-29","2026-10-10",,,"Exempt from Public Disclosure","Lane","Tier I","Mixed",
"020-1016900A0AC","Sunny Valley Farm","SUNNY VALLEY FARM LLC","RECREATIONAL PRODUCER","No","2025-10-08","2026-10-07",,,"Exempt from Public Disclosure","Josephine","Tier II","Indoor",
"020-102512043DB","Gold Angel LLC","GOLD ANGEL LLC","RECREATIONAL PRODUCER","No","2026-05-27","2026-11-14",,,"Exempt from Public Disclosure","Josephine","Tier II","Outdoor",
"020-14684","Happy Family LLC","HAPPY FAMILY LLC","RECREATIONAL PRODUCER","No","2026-06-02","2027-06-01",,,"Exempt from Public Disclosure","Lane","Tier II","Indoor",
"020-16033","ZFire","ZFIRE LLC","RECREATIONAL PRODUCER","No","2026-07-02","2027-07-01",,,"Exempt from Public Disclosure","Josephine","Tier II","Outdoor",
"020-1022522C5C3","CK Enterprise LLC","CK ENTERPRISE LLC","RECREATIONAL PRODUCER","No","2025-12-28","2026-12-27",,,"Exempt from Public Disclosure","Clackamas","Tier II","Outdoor",
"020-10170386AF2","Selma Project Two","SELMA PROJECT TWO LLC","RECREATIONAL PRODUCER","Yes","2025-10-09","2026-06-07","2025-10-09",,"Exempt from Public Disclosure","Josephine","Tier II","Outdoor",
"020-1025237EA9D","Piff Stixs","WEST 7TH PROMOTIONS LLC","RECREATIONAL PRODUCER","No","2026-04-10","2026-12-14",,,"Exempt from Public Disclosure","Lane","Tier I","Indoor",
"020-17990","PB&J Flowers","PB&J FLOWERS, LLC","RECREATIONAL PRODUCER","No","2025-08-19","2026-08-18",,,"Exempt from Public Disclosure","Jackson","Tier II","Outdoor",
"020-102259709F8","AAA Exclusive LLC","AAA EXCLUSIVE LLC","RECREATIONAL PRODUCER","Yes","2024-04-21","2024-06-25","2024-06-25",,"Exempt from Public Disclosure","Josephine","Tier II","Outdoor",
"020-10173444DBD","Self Made Cannabis Company","CSSM MARKETING, LLC","RECREATIONAL PRODUCER","No","2026-08-06","2027-08-05",,,"Exempt from Public Disclosure","Jackson","Tier II","Outdoor",
"020-10255501C08","Golden Stallion","GOLDEN STALLION ENTERPRISE LLC","RECREATIONAL PRODUCER","No","2026-04-30","2027-01-21",,,"Exempt from Public Disclosure","Washington","Tier II","Indoor",
"020-18843","RP GROUP LLC","RP GROUP LLC","RECREATIONAL PRODUCER","No","2026-09-11","2027-09-10",,,"Exempt from Public Disclosure","Clackamas","Tier II","Indoor",
"020-10229234E4A","Hydrogro","HYDROPLANTING LLC","RECREATIONAL PRODUCER","No","2026-01-20","2027-01-19",,,"Exempt from Public Disclosure","Marion","Tier II","Indoor",
"020-10174644701","ZaZa","ZAZA LLC","RECREATIONAL PRODUCER","No","2026-08-27","2026-10-27",,,"Exempt from Public Disclosure","Lane","Tier I","Indoor",
"020-1025632E261","American Logistic Group LLC ","AMERICAN LOGISTIC GROUP LLC","RECREATIONAL PRODUCER","Yes","2025-01-22","2025-01-24","2025-01-22",,"Exempt from Public Disclosure","Josephine","Tier II","Outdoor",
"020-19227","Dabbin Dank","DABBIN DANK LLC","RECREATIONAL PRODUCER","No","2025-09-22","2026-09-21",,,"Exempt from Public Disclosure","Grant","Tier I","Indoor",
"020-10230711419","Takilma Farm ","BIG JAR FARMS LLC","RECREATIONAL PRODUCER","No","2026-07-15","2027-06-27",,,"Exempt from Public Disclosure","Josephine","Tier II","Outdoor",
"020-10174721590","Fantastic River Farm ","FANTASTIC RIVER FARM INC","RECREATIONAL PRODUCER","No","2026-04-22","2026-11-16",,,"Exempt from Public Disclosure","Jackson","Tier II","Mixed",
"020-10258700998","YC Farm, LLC","YC FARM, LLC","RECREATIONAL PRODUCER","No","2026-02-11","2027-03-03",,,"Exempt from Public Disclosure","Jackson","Tier II","Outdoor",
"020-10238877E58","Merkaba Farm","MERKABA FARMS LLC","RECREATIONAL PRODUCER","No","2025-07-14","2026-07-13",,,"Exempt from Public Disclosure","Benton","Tier II","Outdoor",
"020-10116742A00","ADG Farms, LLC","ADG FARMS, LLC","RECREATIONAL PRODUCER","Yes","2026-02-07","2026-02-23","2026-02-07",,"Exempt from Public Disclosure","Yamhill","Tier I","Mixed",
"020-10248876619","Casagrande","CASAGRANDE OR LLC","RECREATIONAL PRODUCER","No","2025-11-30","2026-11-29",,,"Exempt from Public Disclosure","Jackson","Tier II","Outdoor",
"020-101805314A5","Silver Leaf Springs, LLC","SILVER LEAF SPRINGS, LLC","RECREATIONAL PRODUCER","Yes","2025-06-26","2026-01-05","2025-06-26",,"Exempt from Public Disclosure","Jackson","Tier II","Outdoor",
"020-1024219CB4C","Prism","PRISM FARMS LLC","RECREATIONAL PRODUCER","No","2025-08-07","2026-08-06",,,"Exempt from Public Disclosure","Marion","Micro Tier I","Indoor",
"020-19312","Life's A Garden LLC","LIFE'S A GARDEN LLC","RECREATIONAL PRODUCER","No","2025-09-23","2026-09-22",,,"Exempt from Public Disclosure","Jackson","Tier II","Outdoor",
"020-1024985A034","Sub-Zero NW ","SUB-ZERO NW LLC","RECREATIONAL PRODUCER","No","2025-11-07","2026-11-06",,,"Exempt from Public Disclosure","Lane","Tier II","Mixed",
"020-1018193BA49","YW Cultivation LLC","YW CULTIVATION LLC","RECREATIONAL PRODUCER","Yes","2025-01-08","2025-11-14","2025-01-08",,"Exempt from Public Disclosure","Jackson","Tier II","Outdoor",
"020-1018378CC82","Emerald Green Farm","EMERALD GREEN FARM LLC","RECREATIONAL PRODUCER","No","2026-02-28","2027-02-27",,,"Exempt from Public Disclosure","Polk","Tier II","Indoor","Propagation Producer"
"020-102424440AF","Duron Farms LLC","DURON FARMS LLC","RECREATIONAL PRODUCER","No","2026-08-10","2027-08-09",,,"Exempt from Public Disclosure","Josephine","Tier II","Outdoor",
"020-19781","Grow Farm Inc","GROW FARM INC","RECREATIONAL PRODUCER","No","2025-10-08","2026-10-07",,,"Exempt from Public Disclosure","Josephine","Tier II","Outdoor",
"020-10174955388","Rolen Stone Farms","RSF ENTERPRISES LLC","RECREATIONAL PRODUCER","Yes","2026-06-02","2027-02-07","2026-06-02",,"Exempt from Public Disclosure","Jackson","Tier II","Mixed",
"020-1018682B20A","FA Ranch, LLC","FA RANCH, LLC","RECREATIONAL PRODUCER","Yes","2026-01-22","2026-03-03","2026-01-22",,"Exempt from Public Disclosure","Josephine","Tier II","Outdoor",
"020-1024442E669","West Coast Craft","WEST COAST CRAFT, LLC","RECREATIONAL PRODUCER","Yes","2026-06-10","2026-09-19","2026-06-10",,"Exempt from Public Disclosure","Jackson","Tier II","Mixed",
"020-19903","Highway Supply Company LLC","HIGHWAY SUPPLY COMPANY LLC","RECREATIONAL PRODUCER","No","2025-10-11","2026-10-10",,,"Exempt from Public Disclosure","Josephine","Tier II","Outdoor",
"020-1017843BA09","TN Agro","TN AGRO LLC","RECREATIONAL PRODUCER","No","2026-06-07","2027-06-06",,,"Exempt from Public Disclosure","Josephine","Tier II","Outdoor",
"020-10189362226","Shangri La Farms ","SHANGRI LA PRODUCTIONS LLC","RECREATIONAL PRODUCER","No","2026-05-17","2027-05-16",,,"Exempt from Public Disclosure","Jackson","Tier II","Mixed",
"020-10246172C5D","Urban Pharms","URBAN PHARMS LLC","RECREATIONAL PRODUCER","Yes","2025-08-09","2026-08-08",,,"Exempt from Public Disclosure","Jackson","Tier II","Outdoor",
"020-19967","Hapy Kitchen","MCCM SCIENTIFIC LLC","RECREATIONAL PRODUCER","Yes","2026-04-07","2026-10-14","2026-04-07","1721267-8","Exempt from Public Disclosure","Jackson","Micro Tier I","Indoor",
"020-1018120752F","Herbal Dynamics","ECLIPSE INDUSTRIES LLC","RECREATIONAL PRODUCER","No","2026-01-25","2027-01-24",,,"Exempt from Public Disclosure","Lane","Micro Tier II","Indoor",
"020-101905776EA","High Clearance Grow","RIVERGLASS SHOP LLC","RECREATIONAL PRODUCER","No","2026-04-08","2027-04-07",,,"Exempt from Public Disclosure","Yamhill","Tier II","Outdoor",
"020-1024625B9A9","Pac House Exoticz ","PHE LLC","RECREATIONAL PRODUCER","No","2026-07-28","2027-07-27",,,"Exempt from Public Disclosure","Josephine","Tier II","Outdoor",
"020-20411","TJ's By the Bridge","TJ'S BY THE BRIDGE LLC ","RECREATIONAL PRODUCER","No","2025-10-29","2026-10-27",,,"Exempt from Public Disclosure","Multnomah","Tier I","Indoor",
"020-10184707DA2","Remedy River","LITTLE APPLEGATE GOLD, LLC","RECREATIONAL PRODUCER","No","2026-03-22","2027-03-21",,,"Exempt from Public Disclosure","Jackson","Tier II","Outdoor",
"020-10190943E5D","Nectar","NECTAR MARKETS, LLC","RECREATIONAL PRODUCER","No","2026-04-08","2027-04-07",,,"Exempt from Public Disclosure","Jackson","Tier II","Outdoor",
"020-10247413905","Kaladonia","KALADONIA LLC","RECREATIONAL PRODUCER","Yes","2025-12-26","2026-12-04","2025-12-26",,"Exempt from Public Disclosure","Jackson","Tier II","Outdoor",
"020-20609","Mayway LLC","MAYWAY LLC ","RECREATIONAL PRODUCER","No","2025-11-03","2026-11-02",,"Applied ","Exempt from Public Disclosure","Deschutes","Tier I","Indoor",
"020-10187211077","Silver Leaf Cannabis Company","SILVER LEAF SPRINGS, LLC","RECREATIONAL PRODUCER","Yes","2025-12-27","2026-05-03","2025-12-27",,"Exempt from Public Disclosure","Jackson","Tier II","Indoor",
"020-1019435877E","Apis Hyve LLC","APIS HYVE LLC","RECREATIONAL PRODUCER","No","2026-07-26","2027-07-25",,,"Exempt from Public Disclosure","Lane","Tier II","Indoor",
"020-102484134E3","Freedom Life Plus","FREEDOM LIFE PLUS LLC","RECREATIONAL PRODUCER","No","2025-09-21","2026-09-20",,,"Exempt from Public Disclosure","Clackamas","Tier II","Indoor","Propagation Producer"
"020-21336","VAN CLEEF BEE LLC","VAN CLEEF BEE LLC","RECREATIONAL PRODUCER","No","2025-11-19","2026-11-18",,,"Exempt from Public Disclosure","Jackson","Tier II","Outdoor",
"020-10191940908","Summary","SUMMARY LLC","RECREATIONAL PRODUCER","No","2026-07-05","2027-07-04",,,"Exempt from Public Disclosure","Jackson","Tier II","Outdoor",
"020-1020562314E","Creekside Cannabis","APPLEROCK LLC","RECREATIONAL PRODUCER","Yes","2023-07-08","2024-07-07",,,"Exempt from Public Disclosure","Jackson","Tier II","Outdoor",
"020-1021069EF04","High Quality Flora","SEASONAL PRODUCE LLC","RECREATIONAL PRODUCER","Yes","2025-11-13","2026-07-27","2025-11-13",,"Exempt from Public Disclosure","Jackson","Tier II","Indoor",
"020-1024873027C","South City ","SOUTH CITY LLC","RECREATIONAL PRODUCER","No","2024-12-05","2025-12-04",,,"Exempt from Public Disclosure","Jackson","Tier II","Mixed",
"020-21582","Noyer Creek Gardens LLC","NOYER CREEK GARDENS LLC","RECREATIONAL PRODUCER","No","2025-12-01","2026-11-30",,"01898746-5","Exempt from Public Disclosure","Clackamas","Tier II","Indoor",
"020-1023118B04E","Rev Farms","REV222 LLC","RECREATIONAL PRODUCER","No","2026-05-02","2027-05-01",,,"Exempt from Public Disclosure","Josephine","Tier I","Mixed",
"020-10211027768","Willamette Valley Greens LLC","WILLAMETTE VALLEY GREENS LLC","RECREATIONAL PRODUCER","No","2026-05-09","2027-05-08",,,"Exempt from Public Disclosure","Clackamas","Tier II","Indoor",
"020-102519670AF","Nectar Stick","COLVER MANAGEMENT LLC","RECREATIONAL PRODUCER","No","2026-01-05","2027-01-04",,,"Exempt from Public Disclosure","Jackson","Tier II","Outdoor",
"020-22217","YH Trading LLC","YH TRADING LLC","RECREATIONAL PRODUCER","No","2025-12-28","2026-12-27",,,"Exempt from Public Disclosure","Clackamas","Tier II","Indoor",
"020-10197443235","QUANTUM FARMS","QUANTUM FARMS LLC","RECREATIONAL PRODUCER","Yes","2024-11-12","2025-06-13","2024-11-12",,"Exempt from Public Disclosure","Jackson","Tier II","Outdoor",
"020-1021306CCA9","Pear Bear","PEAR BEAR, LLC","RECREATIONAL PRODUCER","No","2025-09-08","2026-09-07",,,"Exempt from Public Disclosure","Jackson","Tier II","Indoor",
"020-1025750A650","Diamond Elite, LLC","DIAMOND ELITE LLC","RECREATIONAL PRODUCER","No","2026-03-05","2027-03-04",,,"Exempt from Public Disclosure","Josephine","Tier I","Outdoor",
"020-22417","Applegate Growers LLC","APPLEGATE GROWERS LLC","RECREATIONAL PRODUCER","No","2026-07-20","2027-01-06",,,"Exempt from Public Disclosure","Jackson","Tier II","Outdoor",
"020-1019870C7ED","Gud Gardens","GUD CULTURES LLC","RECREATIONAL PRODUCER","No","2026-06-24","2027-06-12",,,"Exempt from Public Disclosure","Josephine","Tier II","Mixed",
"020-1021456B662","World Healing","WORLD HEALING LLC","RECREATIONAL PRODUCER","No","2026-08-02","2027-08-01",,,"Exempt from Public Disclosure","Multnomah","Micro Tier II","Indoor",
"020-10258317E54","Highly Indigenous","HIGHLY INDIGENOUS LLC","RECREATIONAL PRODUCER","No","2026-03-14","2027-03-13",,,"Exempt from Public Disclosure","Lane","Micro Tier II","Indoor",
"020-24396","Haze Farms","RA4D HOLDINGS LLC","RECREATIONAL PRODUCER","No","2026-03-10","2027-03-09",,,"Exempt from Public Disclosure","Jackson","Tier II","Outdoor","Propagation Producer"
"020-10199300265","Paradise Farms","A LITTLE BIT OF PARADISE FARMS LLC","RECREATIONAL PRODUCER","No","2026-07-13","2026-09-22",,,"Exempt from Public Disclosure","Jackson","Tier II","Mixed",
"020-1021560DD32","Arboretum Farms","BRITTLEEN INVESTMENTS, LLC","RECREATIONAL PRODUCER","Yes","2025-04-28","2025-07-27","2025-04-28",,"Exempt from Public Disclosure","Yamhill","Tier II","Indoor",
"020-12815","Evolea LLC","EVOLEA LLC","RECREATIONAL PRODUCER","No","2026-04-23","2027-04-22",,,"Exempt from Public Disclosure","Yamhill","Tier I","Indoor",
"020-24764","DA FENG 2 LLC","DA FENG 2 LLC","RECREATIONAL PRODUCER","No","2026-03-23","2027-03-22",,,"Exempt from Public Disclosure","Clackamas","Tier II","Indoor",
"020-1021288EB3B","Rose Enterprises","ROSE ENTERPRISES LLC","RECREATIONAL PRODUCER","No","2026-06-27","2027-06-26",,,"Exempt from Public Disclosure","Lane","Tier II","Indoor",
"020-10216241DAC","McKinley Farms LLC","MCKINLEY FARMS LLC","RECREATIONAL PRODUCER","Yes","2025-03-28","2025-03-31","2025-03-28",,"Exempt from Public Disclosure","Coos","Tier I","Outdoor",
"020-15221","Tillamook Farm","WENGROUP LLC","RECREATIONAL PRODUCER","No","2025-06-12","2026-06-11",,,"Exempt from Public Disclosure","Tillamook","Tier II","Indoor",
"020-24806","3 Jay","HIGH DESERT FLOWER, INC.","RECREATIONAL PRODUCER","No","2026-03-25","2027-03-24",,,"Exempt from Public Disclosure","Clackamas","Tier I","Indoor",
"020-10249956D14","Newberg Magnificent LLC","NEWBERG MAGNIFICENT LLC","RECREATIONAL PRODUCER","No","2026-05-27","2026-10-05",,,"Exempt from Public Disclosure","Yamhill","Tier II","Indoor",
"020-10251349D70","Hui Cleaning ","HUI CLEANING, LLC","RECREATIONAL PRODUCER","No","2025-11-03","2026-11-02",,,"Exempt from Public Disclosure","Jackson","Tier II","Outdoor",
"020-10260401A94","Green Briar Gardens LLC","GREEN BRIAR GARDENS LLC","RECREATIONAL PRODUCER","No","2026-03-06","2027-03-05",,,"Exempt from Public Disclosure","Clackamas","Tier I","Indoor",
"020-1023128294C","ROGUE VALLEY FARM LLC","ROGUE VALLEY FARM LLC","RECREATIONAL PRODUCER","No","2026-08-10","2027-05-23",,,"Exempt from Public Disclosure","Jackson","Micro Tier I","Outdoor",
"020-1011832D8E1","AP Solutions","GREEN LIFE SOLUTIONS LLC","RECREATIONAL PRODUCER","Yes","2024-07-23","2025-01-13","2024-07-24",,"Exempt from Public Disclosure","Washington","Micro Tier I","Indoor",
"020-1025243EB42","Sasquatch Corral","SASQUATCH CORRAL LLC","RECREATIONAL PRODUCER","Yes","2026-06-29","2026-12-19","2026-06-29",,"Exempt from Public Disclosure","Lane","Tier II","Outdoor",
"020-11667","High Coup","HIGH COUP LLC","RECREATIONAL PRODUCER","Yes","2026-03-09","2026-03-25","2026-03-09",,"Exempt from Public Disclosure","Josephine","Tier II","Outdoor",
"020-10119019F1B","Portland Cultivation LLC","PORTLAND CULTIVATION LLC","RECREATIONAL PRODUCER","Yes","2025-03-10","2025-08-22","2025-03-10",,"Exempt from Public Disclosure","Washington","Tier I","Indoor",
"020-102160580FD","Gallana","GALLANA, LLC","RECREATIONAL PRODUCER","No","2026-05-12","2026-09-22",,,"Exempt from Public Disclosure","Josephine","Tier II","Outdoor",
"020-1025263573E","Three Pines LLC","THREE PINES LLC","RECREATIONAL PRODUCER","No","2026-02-12","2027-02-11",,,"Exempt from Public Disclosure","Josephine","Tier II","Outdoor",
"020-11757","So Grown Farms ","SO GROWN FARMS LLC","RECREATIONAL PRODUCER","No","2026-05-13","2027-03-27",,,"Exempt from Public Disclosure","Jackson","Tier II","Outdoor",
"020-15472","42 North Farms","42 NORTH INDUSTRIES LLC","RECREATIONAL PRODUCER","No","2026-06-18","2027-06-17",,,"Exempt from Public Disclosure","Josephine","Micro Tier I","Indoor",
"020-1021791DE23","Grown with Love Farms ","GROWN WITH LOVE FARMS CORPORATION","RECREATIONAL PRODUCER","Yes","2024-03-25","2024-11-15",,,"Exempt from Public Disclosure","Lane","Micro Tier I","Indoor",
"020-102527973A9","The Heights Co","WAHLBAR ENTERPRISES LLC","RECREATIONAL PRODUCER","No","2025-12-05","2026-12-04",,,"Exempt from Public Disclosure","Multnomah","Tier I","Indoor",
"020-12741","LIVE WELL FARMS LLC","LIVE WELL FARMS LLC","RECREATIONAL PRODUCER","No","2026-04-22","2027-04-21",,,"Exempt from Public Disclosure","Josephine","Tier II","Outdoor",
"020-16835","Redwood Green Farming LLC","REDWOOD GREEN FARMING LLC","RECREATIONAL PRODUCER","No","2026-07-21","2027-07-20",,,"Exempt from Public Disclosure","Josephine","Tier II","Outdoor",
"020-10221946222","Eclectic Cannabis","PROGRESSIVE PLANT RESEARCH, INC","RECREATIONAL PRODUCER","No","2025-10-28","2026-10-27",,,"Exempt from Public Disclosure","Washington","Tier II","Mixed",
"020-1025364F91B","Chalice Farms","APCO, LLC","RECREATIONAL PRODUCER","No","2026-08-26","2026-12-27",,,"Exempt from Public Disclosure","Washington","Tier II","Indoor",
"020-13028","Winway Management Group","WINWAY MANAGEMENT GROUP LLC","RECREATIONAL PRODUCER","No","2026-04-28","2027-04-27",,,"Exempt from Public Disclosure","Lane","Tier I","Indoor",
"020-17305","DCC ENTERPRISE LLC","DCC ENTERPRISE LLC","RECREATIONAL PRODUCER","No","2026-07-31","2027-07-30",,,"Exempt from Public Disclosure","Multnomah","Tier II","Indoor",
"020-10222208668","KGA Cannabis","KGACANNABIS LLC","RECREATIONAL PRODUCER","No","2025-08-30","2026-08-29",,,"Exempt from Public Disclosure","Josephine","Tier II","Mixed",
"020-1025480212D","Volcanic Roots LLC","VOLCANIC ROOTS LLC","RECREATIONAL PRODUCER","Yes","2025-11-03","2026-02-11","2025-11-03",,"Exempt from Public Disclosure","Deschutes","Tier II","Indoor",
"020-13726","Rogue Farmer","ROGUE FARMER AT UPPER RIVER, LLC","RECREATIONAL PRODUCER","No","2026-05-13","2027-05-12",,,"Exempt from Public Disclosure","Josephine","Tier II","Outdoor",
"020-18037","3000 Crooks Creek LLC","3000 CROOKS CREEK LLC","RECREATIONAL PRODUCER","No","2026-08-20","2027-08-19",,,"Exempt from Public Disclosure","Josephine","Tier II","Outdoor",
"020-10224372031","Omni Solutions LLC","OMNI SOLUTIONS LLC","RECREATIONAL PRODUCER","Yes","2025-12-22","2025-09-21","2025-09-20",,"Exempt from Public Disclosure","Jackson","Tier II","Mixed",
"020-1022685C31D","Williams Wonder Farms ","WJ HOLDINGS LLC","RECREATIONAL PRODUCER","No","2026-01-11","2027-01-10",,,"Exempt from Public Disclosure","Jackson","Tier II","Outdoor",
"020-10255382AEE","T-Rex Corral LLC","T-REX CORRAL LLC","RECREATIONAL PRODUCER","Yes","2026-03-30","2027-01-10","2026-03-30",,"Exempt from Public Disclosure","Lane","Tier II","Outdoor",
"020-13778","SLICK GARDENS LLC","SLICK GARDENS LLC","RECREATIONAL PRODUCER","No","2026-05-13","2027-05-12",,,"Exempt from Public Disclosure","Clackamas","Tier II","Mixed",
"020-18333","178th NE Investment","178TH NE INVESTMENT LLC","RECREATIONAL PRODUCER","No","2026-08-28","2027-08-27",,,"Exempt from Public Disclosure","Multnomah","Tier II","Indoor",
"020-26820","ACATR","ACATR LLC","RECREATIONAL PRODUCER","No","2026-05-07","2027-05-06",,,"Exempt from Public Disclosure","Multnomah","Tier II","Indoor",
"020-1021989A32C","Chronic Fields","CHRONIC FIELDS LLC","RECREATIONAL PRODUCER","No","2026-08-12","2026-09-21",,,"Exempt from Public Disclosure","Josephine","Tier II","Mixed",
"020-10123161C24","Str8 Fyre","STR8 FYRE LLC","RECREATIONAL PRODUCER","No","2025-06-12","2026-06-11",,,"Exempt from Public Disclosure","Linn","Tier II","Mixed",
"020-18357","YW ENTERPRISES LLC","YW ENTERPRISES LLC","RECREATIONAL PRODUCER","No","2026-08-28","2027-08-27",,,"Exempt from Public Disclosure","Lane","Tier II","Indoor",
"020-27021","Entourage","CBDISCOVERY LLC","RECREATIONAL PRODUCER","No","2026-05-12","2027-05-11",,,"Exempt from Public Disclosure","Lane","Micro Tier I","Indoor",
"020-10219913DD3","Grizzly Agriculture","GRIZZLY AGRICULTURE LLC","RECREATIONAL PRODUCER","No","2026-05-19","2026-09-27",,,"Exempt from Public Disclosure","Josephine","Tier II","Outdoor",
"020-13899","Golden Cave LLC","GOLDEN CAVE LLC","RECREATIONAL PRODUCER","No","2026-05-15","2027-05-14",,,"Exempt from Public Disclosure","Josephine","Tier II","Outdoor",
"020-18782","Oregon Verde LLC","OREGON VERDE LLC","RECREATIONAL PRODUCER","No","2026-06-16","2026-09-08",,,"Exempt from Public Disclosure","Jackson","Tier II","Outdoor",
"020-27028","Uptown Farms","UPTOWN FARMS LLC","RECREATIONAL PRODUCER","No","2026-05-12","2027-05-11",,,"Exempt from Public Disclosure","Jackson","Tier II","Outdoor",
"020-1022116F5A0","Andy Chen Farm","ROSE ENTERPRISES LLC","RECREATIONAL PRODUCER","Yes","2024-12-13","2025-12-07","2024-12-13",,"Exempt from Public Disclosure","Lane","Tier II","Indoor",
"020-102270790DF","New Riderz Garden","NEW RIDERZ DETROIT LAKE LLC","RECREATIONAL PRODUCER","No","2025-12-07","2026-12-06",,,"Exempt from Public Disclosure","Lane","Micro Tier II","Indoor","Micro-Tier Processing Producer"
"020-102313608D8","Eco Supreme","ECOSUPREME LLC","RECREATIONAL PRODUCER","No","2026-02-10","2027-02-09",,,"Exempt from Public Disclosure","Josephine","Tier II","Outdoor",
"020-1025644F24B","Jacks OGBG Farm","JACKS OGBG FARM LLC","RECREATIONAL PRODUCER","No","2026-08-12","2027-02-26",,,"Exempt from Public Disclosure","Jackson","Tier II","Outdoor",
"020-15047","ECW ENTERPRISES LLC","ECW ENTERPRISES LLC","RECREATIONAL PRODUCER","Yes","2026-07-21","2027-06-09","2026-07-21",,"Exempt from Public Disclosure","Clackamas","Tier II","Indoor",
"020-18782","Oregon Verde LLC","OREGON VERDE LLC","RECREATIONAL PRODUCER","No","2026-09-09","2027-09-08",,,"Exempt from Public Disclosure","Jackson","Tier II","Outdoor",
"020-10123198481","NW Production Laboratories LLC","NW PRODUCTION LABORATORIES LLC","RECREATIONAL PRODUCER","Yes","2024-11-21","2025-06-07","2024-11-21",,"Exempt from Public Disclosure","Washington","Tier I","Indoor",
"020-10257008768","Tannerite Farm ","TANNERITE FARM LLC","RECREATIONAL PRODUCER","No","2026-03-02","2027-02-19",,,"Exempt from Public Disclosure","Josephine","Tier II","Mixed",
"020-15838","Alternative Systems LLC","ALTERNATIVE SYSTEMS LLC","RECREATIONAL PRODUCER","No","2026-06-26","2027-06-25",,,"Exempt from Public Disclosure","Jackson","Tier II","Outdoor",
"020-18822","Noble Magnificent A","NOBLE MAGNIFICENT INC","RECREATIONAL PRODUCER","No","2026-05-27","2026-09-09",,,"Exempt from Public Disclosure","Clackamas","Tier II","Indoor",
"020-10236020B84","Joint Venture Cannabis","VO ALLIANCE AGRICULTURE, LLC","RECREATIONAL PRODUCER","Yes","2025-01-17","2025-04-27","2025-01-17",,"Exempt from Public Disclosure","Lane","Tier II","Mixed",
"020-102363262A7","JoCo Green","BUCK CANYON FARMS, LLC","RECREATIONAL PRODUCER","No","2026-07-27","2027-07-26",,,"Exempt from Public Disclosure","Josephine","Tier II","Outdoor",
"020-10597","Sunshine Rainier","SUNSHINE RAINIER LLC","RECREATIONAL PRODUCER","No","2026-02-26","2027-02-25",,,"Exempt from Public Disclosure","Columbia","Tier II","Indoor",
"020-15970","The Ark Greens LLC","THE ARK GREENS LLC","RECREATIONAL PRODUCER","No","2026-06-30","2027-06-29",,,"Exempt from Public Disclosure","Jackson","Tier II","Outdoor",
"020-18822","Noble Magnificent A","NOBLE MAGNIFICENT INC","RECREATIONAL PRODUCER","No","2026-09-10","2027-09-09",,,"Exempt from Public Disclosure","Clackamas","Tier II","Indoor",
"020-1023637BE3A","Trichome Farms ","TTF CONSULTING LLC","RECREATIONAL PRODUCER","No","2026-03-29","2027-03-28",,,"Exempt from Public Disclosure","Yamhill","Tier II","Indoor",
"020-12905","Boom Boom Farms LLC","BOOM BOOM FARMS, LLC","RECREATIONAL PRODUCER","No","2026-08-10","2027-04-24",,,"Exempt from Public Disclosure","Jackson","Tier II","Outdoor",
"020-1022755615D","KJD Consulting and Construction LLC","KJD CONSULTING AND CONSTRUCTION LLC","RECREATIONAL PRODUCER","Yes","2026-04-06","2026-01-18","2026-04-06",,"Exempt from Public Disclosure","Jackson","Tier II","Outdoor",
"020-19227","Dabbin Dank","DABBIN DANK LLC","RECREATIONAL PRODUCER","No","2026-09-22","2027-09-21",,,"Exempt from Public Disclosure","Grant","Tier I","Indoor",
"020-10238779A1B","Indica Farm","INDICA FARM LLC","RECREATIONAL PRODUCER","No","2026-05-23","2027-05-22",,,"Exempt from Public Disclosure","Jackson","Tier II","Mixed",
"020-13391","So Grown Farms","SO GROWN FARMS LLC","RECREATIONAL PRODUCER","No","2026-05-05","2027-05-04",,,"Exempt from Public Disclosure","Jackson","Tier II","Outdoor",
"020-102282087E4","Stairway","STAIRWAY HOLDING INC","RECREATIONAL PRODUCER","No","2025-11-30","2026-11-29",,,"Exempt from Public Disclosure","Clackamas","Tier II","Indoor",
"020-21433","Hoodland Green","HOODLAND FIELDS LLC","RECREATIONAL PRODUCER","No","2026-06-16","2026-11-20",,,"Exempt from Public Disclosure","Clackamas","Tier I","Indoor",
"020-1023898EA27","Oregon Exotics LLC","OREGON EXOTICS LLC","RECREATIONAL PRODUCER","No","2026-05-03","2027-05-02",,,"Exempt from Public Disclosure","Jackson","Tier II","Outdoor",
"020-14884","Farmsofcj ","FARMSOFCJ LLC","RECREATIONAL PRODUCER","No","2026-06-06","2027-06-05",,,"Exempt from Public Disclosure","Josephine","Tier II","Outdoor",
"020-10230774DBA","Ganja Goddess I","GANJA GODDESS I LLC","RECREATIONAL PRODUCER","No","2026-04-18","2027-04-17",,,"Exempt from Public Disclosure","Jackson","Tier II","Indoor",
"020-21573","8650 HWY 234 Lot 2 Gold HIll OR 97525","K FARM LLC","RECREATIONAL PRODUCER","Yes","2026-06-30","2026-11-28","2026-06-30",,"Exempt from Public Disclosure","Jackson","Tier II","Outdoor",
"020-1024003826C","Tatted Princess Gardens","TATTED PRINCESS GARDENS LLC","RECREATIONAL PRODUCER","Yes","2024-12-03","2025-06-13","2024-12-03",,"Exempt from Public Disclosure","Jackson","Tier II","Outdoor",
"020-14885","Rong Bao Consultant Inc ","RONG BAO CONSULTANTS INC","RECREATIONAL PRODUCER","No","2026-06-06","2027-06-05",,,"Exempt from Public Disclosure","Jackson","Tier II","Mixed",
"020-1023185C611","Stamps Ag","STAMPS AGRICULTURE LLC","RECREATIONAL PRODUCER","Yes","2025-10-06","2026-02-06","2025-10-06",,"Exempt from Public Disclosure","Clackamas","Tier I","Indoor",
"020-22100","BOBO Enterprises LLC","BOBO ENTERPRISES LLC","RECREATIONAL PRODUCER","No","2026-06-05","2026-12-17",,,"Exempt from Public Disclosure","Clackamas","Tier I","Indoor",
"020-10240177A4B","Big Smokes","LVPRODUCTIONS, LLC","RECREATIONAL PRODUCER","No","2026-06-14","2027-06-13",,,"Exempt from Public Disclosure","Clackamas","Tier I","Indoor",
"020-15060","Leah Farm","LEAH FARM LLC","RECREATIONAL PRODUCER","No","2026-06-10","2027-06-09",,,"Exempt from Public Disclosure","Jackson","Tier II","Outdoor",
"020-1023231BB51","SCB Productions, LLC","SCB PRODUCTIONS LLC","RECREATIONAL PRODUCER","Yes","2026-06-03","2026-06-05","2026-06-03",,"Exempt from Public Disclosure","Josephine","Tier II","Outdoor",
"020-22165","Valley Green Farms","VALLEY GREEN FARMS LLC","RECREATIONAL PRODUCER","No","2026-07-20","2026-12-22",,,"Exempt from Public Disclosure","Jackson","Tier II","Mixed",
"020-22173","Grant Coleman LLC","GRANT COLEMAN LLC","RECREATIONAL PRODUCER","No","2025-12-23","2026-12-22",,,"Exempt from Public Disclosure","Lane","Micro Tier II","Indoor",
"020-1024079DB15","Tatted Princess Gardens LLC","TATTED PRINCESS GARDENS LLC","RECREATIONAL PRODUCER","Yes","2024-11-12","2025-06-13","2024-11-12",,"Exempt from Public Disclosure","Jackson","Tier II","Outdoor",
"020-15176","Phat Dawg Pharms","PHAT DAWG PHARMS LLC","RECREATIONAL PRODUCER","Yes","2026-06-08","2026-06-11","2026-06-08",,"Exempt from Public Disclosure","Josephine","Tier II","Outdoor",
"020-10224576227","Stash Mountain","OREGON INDUSTRIES, LLC","RECREATIONAL PRODUCER","No","2026-07-22","2026-11-06",,,"Exempt from Public Disclosure","Josephine","Tier II","Mixed",
"020-22304","LUCKY LADY ENTERPRISE 2 LLC","LUCKY LADY ENTERPRISE 2 LLC","RECREATIONAL PRODUCER","No","2025-12-31","2026-12-30",,,"Exempt from Public Disclosure","Multnomah","Tier II","Indoor",
"020-10241963AB5","Pork Chop Ranch","PORK CHOP RANCH LLC","RECREATIONAL PRODUCER","No","2026-07-28","2027-07-27",,,"Exempt from Public Disclosure","Jackson","Tier II","Outdoor",
"020-17168","SHIPKA LLC","SHIPKA LLC","RECREATIONAL PRODUCER","No","2026-07-29","2027-07-28",,,"Exempt from Public Disclosure","Josephine","Tier II","Outdoor",
"020-10225020208","JDW & HP LLC","JDW & HP LLC","RECREATIONAL PRODUCER","No","2025-11-15","2026-11-14",,,"Exempt from Public Disclosure","Clackamas","Tier II","Indoor",
"020-16032","ZFire","ZFIRE LLC","RECREATIONAL PRODUCER","No","2026-07-02","2027-07-01",,,"Exempt from Public Disclosure","Josephine","Tier II","Outdoor",
"020-1012342B34E","FIELDER MOUNTAIN FARMS LLC","FIELDER MOUNTAIN FARMS LLC","RECREATIONAL PRODUCER","No","2025-10-20","2026-10-19",,,"Exempt from Public Disclosure","Jackson","Micro Tier II","Outdoor",
"020-28033","Black Sticky Mud Farm LLC","BLACK STICKY MUD FARM LLC","RECREATIONAL PRODUCER","No","2026-06-03","2027-06-02",,,"Exempt from Public Disclosure","Jackson","Tier II","Outdoor",
"020-1022719685C","Treasure Valley Cannabis Company","TREASURE VALLEY CANNABIS COMPANY, LLC","RECREATIONAL PRODUCER","No","2026-06-02","2027-01-02",,,"Exempt from Public Disclosure","Jackson","Tier II","Outdoor",
"020-16567","Eastern Flower","EASTERN FLOWER LLC","RECREATIONAL PRODUCER","No","2026-07-15","2027-07-14",,,"Exempt from Public Disclosure","Lane","Tier II","Indoor",
"020-22333","Yozos","BOCCE CLUB LLC","RECREATIONAL PRODUCER","No","2026-01-02","2027-01-01",,,"Exempt from Public Disclosure","Deschutes","Tier I","Indoor",
"020-28145","Rainbow Grow","RAINBOW GROW LLC","RECREATIONAL PRODUCER","No","2026-06-18","2027-06-03",,,"Exempt from Public Disclosure","Clackamas","Tier II","Indoor",
"020-1022810E3A4","Long River Investment LLC","LONG RIVER INVESTMENT LLC","RECREATIONAL PRODUCER","Yes","2025-08-27","2025-12-05","2025-08-27",,"Exempt from Public Disclosure","Lane","Tier I","Indoor",
"020-18487","Rossi Express LLC","ROSSI EXPRESS LLC ","RECREATIONAL PRODUCER","No","2026-09-03","2027-09-02",,"01891524-8","Exempt from Public Disclosure","Jackson","Tier II","Indoor",
"020-22610","Topps Reserve","TOPPS RESERVE LLC","RECREATIONAL PRODUCER","No","2026-01-13","2027-01-12",,,"Exempt from Public Disclosure","Clackamas","Tier II","Indoor",
"020-28363","JW PNW Farm Lot #4","JW PNW HOLDINGS AND RESERVE, LLC","RECREATIONAL PRODUCER","No","2026-06-10","2027-06-09",,,"Exempt from Public Disclosure","Jackson","Tier II","Outdoor",
"020-1022819F57E","Redline C LLC","REDLINE C LLC","RECREATIONAL PRODUCER","No","2025-12-21","2026-12-20",,,"Exempt from Public Disclosure","Lane","Tier I","Indoor",
"020-21117","12701 williams hwy grants pass OR, 97527","DEKUBETEDE LLC","RECREATIONAL PRODUCER","No","2026-06-29","2026-11-13",,,"Exempt from Public Disclosure","Josephine","Tier II","Outdoor",
"020-22618","Lyman Culture","LYMAN CULTURE LLC","RECREATIONAL PRODUCER","No","2026-04-23","2027-01-12",,,"Exempt from Public Disclosure","Deschutes","Tier II","Indoor",
"020-28612","HARVEST ARC LLC","HARVEST ARC LLC","RECREATIONAL PRODUCER","No","2026-06-16","2027-06-15",,,"Exempt from Public Disclosure","Clackamas","Tier II","Indoor",
"020-10233430CD3","Sugarpine Farms ","SUGARPINE FARMS LLC","RECREATIONAL PRODUCER","Yes","2025-01-31","2025-04-17","2025-01-31",,"Exempt from Public Disclosure","Deschutes","Tier I","Indoor",
"020-102342718F2","OG Gardens, LLC","OG GARDENS, LLC||OG LEASING, LLC","RECREATIONAL PRODUCER","Yes","2024-12-27","2024-11-12","2024-07-15",,"Exempt from Public Disclosure","Benton","Tier II","Outdoor",
"020-22639","HAPPY MAN ENTERPRISES LLC","HAPPY MAN ENTERPRISES LLC","RECREATIONAL PRODUCER","No","2026-01-14","2027-01-13",,,"Exempt from Public Disclosure","Multnomah","Tier II","Indoor",
"020-23399","820 Carpenter Hill Rd Lot E","ROGUE CUTS LLC","RECREATIONAL PRODUCER","No","2026-02-05","2027-02-04",,,"Exempt from Public Disclosure","Jackson","Tier II","Outdoor",
"020-29042","Rovers Holding","ROVERS HOLDING LLC","RECREATIONAL PRODUCER","No","2026-06-24","2027-06-23",,,"Exempt from Public Disclosure","Josephine","Tier II","Outdoor",
"020-102347905E8","Flangas Farms","FLANGAS FARMS LLC","RECREATIONAL PRODUCER","Yes","2025-02-08","2025-07-12","2025-02-08",,"Exempt from Public Disclosure","Jackson","Tier II","Outdoor",
"020-22947","Candy Cannabis LLC","CANDY CANNABIS LLC","RECREATIONAL PRODUCER","No","2026-03-26","2027-01-21",,,"Exempt from Public Disclosure","Josephine","Tier II","Outdoor",
"020-23445","Rogue Cuts - Lot G","ROGUE CUTS LLC","RECREATIONAL PRODUCER","No","2026-02-07","2027-02-06",,,"Exempt from Public Disclosure","Jackson","Tier II","Outdoor",
"020-19350","Next Generation Nurseries ","UPPA CREEK CO. LLC","RECREATIONAL PRODUCER","No","2026-06-01","2026-09-23",,,"Exempt from Public Disclosure","Benton","Tier II","Indoor","Propagation Producer"
"020-1023573A339","Family Innovation Farms, LLC","FAMILY INNOVATION FARMS, LLC","RECREATIONAL PRODUCER","Yes","2024-11-13","2025-06-08","2024-11-13",,"Exempt from Public Disclosure","Lane","Tier I","Indoor",
"020-23296","Zombieland - Lot D","ZOMBIELAND LLC","RECREATIONAL PRODUCER","No","2026-02-03","2027-02-02",,,"Exempt from Public Disclosure","Jackson","Tier II","Outdoor",
"020-23614","Blossom Rock LLC","BLOSSOM ROCK LLC","RECREATIONAL PRODUCER","No","2026-04-09","2027-02-10",,,"Exempt from Public Disclosure","Jackson","Tier II","Outdoor",
"020-20088","HUMBOLDT BOYZ LLC","HUMBOLDT BOYZ LLC","RECREATIONAL PRODUCER","Yes","2026-02-19","2026-10-16","2026-02-19",,"Exempt from Public Disclosure","Jackson","Tier II","Indoor",
"020-1023593503D","Billy Bones Cannabis Club","BILLY BONES CANNABIS CLUB, LLC","RECREATIONAL PRODUCER","No","2026-06-21","2027-06-20",,,"Exempt from Public Disclosure","Josephine","Tier II","Outdoor",
"020-23453","Kenneth Purple Garden","KENNETH PURPLE GARDEN LLC","RECREATIONAL PRODUCER","No","2026-02-09","2027-02-08",,,"Exempt from Public Disclosure","Lane","Tier II","Indoor",
"020-23835","Humboldt Boyz LLC || PGF Logistics LLC","HUMBOLDT BOYZ LLC || PGF LOGISTICS LLC","RECREATIONAL PRODUCER","No","2026-02-19","2027-02-18",,,"Exempt from Public Disclosure","Jackson","Tier II","Indoor",
"020-20336","Purpleline LLC","PURPLELINE LLC","RECREATIONAL PRODUCER","No","2026-04-20","2026-10-26",,,"Exempt from Public Disclosure","Lane","Tier II","Indoor",
"020-10235954466","MJ Green Land","MJ GREEN LAND LLC","RECREATIONAL PRODUCER","No","2026-06-13","2027-06-12",,,"Exempt from Public Disclosure","Jackson","Tier II","Outdoor",
"020-23734","Bigsby Farms","CSK OF OREGON LLC","RECREATIONAL PRODUCER","No","2026-02-17","2027-02-16",,,"Exempt from Public Disclosure","Josephine","Micro Tier I","Outdoor",
"020-23838","Leaf Petals Cannabis LLC Site 2","LEAF PETALS CANNABIS LLC","RECREATIONAL PRODUCER","No","2026-03-02","2027-02-18",,,"Exempt from Public Disclosure","Jackson","Tier II","Indoor",
"020-20559","Van Cleef Bee LLC","VAN CLEEF BEE LLC","RECREATIONAL PRODUCER","No","2025-11-01","2026-10-31",,,"Exempt from Public Disclosure","Jackson","Tier II","Outdoor",
"020-1023620B26B","The Folks Stash","JOCO FOLKS LLC","RECREATIONAL PRODUCER","No","2026-08-30","2027-08-29",,,"Exempt from Public Disclosure","Josephine","Tier II","Outdoor",
"020-23912","Cyber Canna","CYBER CANNA LLC","RECREATIONAL PRODUCER","No","2026-03-17","2027-02-22",,,"Exempt from Public Disclosure","Clackamas","Tier II","Indoor",
"020-23885","Rogue Cuts Lot I","ROGUE CUTS LLC","RECREATIONAL PRODUCER","No","2026-02-22","2027-02-21",,,"Exempt from Public Disclosure","Jackson","Tier II","Outdoor",
"020-20577","HARMONY RD","HARMONY RD LLC","RECREATIONAL PRODUCER","No","2026-02-26","2026-11-02",,,"Exempt from Public Disclosure","Yamhill","Tier II","Mixed",
"020-20696","JL GOLDEN HARVEST LLC","JL GOLDEN HARVEST LLC","RECREATIONAL PRODUCER","No","2025-11-05","2026-11-04",,,"Exempt from Public Disclosure","Clackamas","Tier II","Indoor",
"020-102367257BD","LeDomaine Farms","LE DOMAINE FARMS, LLC","RECREATIONAL PRODUCER","No","2026-06-12","2027-06-11",,,"Exempt from Public Disclosure","Josephine","Tier II","Outdoor",
"020-24294","Hotbox Farms, LLC","HOTBOX FARMS LLC","RECREATIONAL PRODUCER","No",,"2027-03-05",,,"Exempt from Public Disclosure","Multnomah","Micro Tier I","Indoor",
"020-24557","SOCO Farms 2","SOCO FARMS LLC","RECREATIONAL PRODUCER","No","2026-03-16","2027-03-15",,,"Exempt from Public Disclosure","Jackson","Tier II","Outdoor",
"020-21865","Blooming Field OR","BLOOMING FIELD OR LLC","RECREATIONAL PRODUCER","No","2026-05-18","2026-12-08",,,"Exempt from Public Disclosure","Clackamas","Tier II","Indoor",
"020-1023902DA08","Kashmir Gardens","GARDEN INDUSTRIES, LLC","RECREATIONAL PRODUCER","No","2026-05-04","2027-05-03",,,"Exempt from Public Disclosure","Marion","Tier I","Indoor",
"020-24611","ZOMBIELAND LLC","ZOMBIELAND LLC","RECREATIONAL PRODUCER","No","2026-03-18","2027-03-17",,,"Exempt from Public Disclosure","Jackson","Tier II","Outdoor",
"020-25451","Bright Stone LLC","BRIGHT STONE LLC","RECREATIONAL PRODUCER","No","2026-08-25","2027-04-07",,,"Exempt from Public Disclosure","Jackson","Tier II","Outdoor",
"020-22083","Axis Northwest ","AXIS NORTHWEST LLC","RECREATIONAL PRODUCER","No","2026-08-25","2026-12-17",,,"Exempt from Public Disclosure","Clackamas","Tier II","Indoor",
"020-1023962A5FE","Magic CBD LLC","MAGIC CBD LLC","RECREATIONAL PRODUCER","Yes","2025-06-22","2026-06-21",,,"Exempt from Public Disclosure","Clackamas","Tier II","Indoor",
"020-25123","820 Carpenter Hill lot K","ROGUE CUTS LLC","RECREATIONAL PRODUCER","No","2026-04-01","2027-03-31",,,"Exempt from Public Disclosure","Jackson","Tier II","Outdoor",
"020-25514","MiMi","MIMI GARDEN LLC","RECREATIONAL PRODUCER","No","2026-04-23","2027-04-08",,,"Exempt from Public Disclosure","Jackson","Tier II","Indoor",
"020-22214","PURPLE AND RED LLC","PURPLE AND RED LLC","RECREATIONAL PRODUCER","No","2026-07-30","2026-12-25",,,"Exempt from Public Disclosure","Washington","Tier I","Indoor",
"020-1024085CF61","My Design Gardens","MY DESIGN GARDENS, LLC","RECREATIONAL PRODUCER","Yes","2024-10-14","2025-07-26","2024-10-14",,"Exempt from Public Disclosure","Jackson","Tier II","Outdoor",
"020-25697","Honeybee One","HONEYBEE ONE LLC","RECREATIONAL PRODUCER","No","2026-04-15","2027-04-13",,,"Exempt from Public Disclosure","Lane","Tier II","Indoor",
"020-25615","Polaris Management Farm lot 1","GOLDEN POLARIS MANAGEMENT LLC","RECREATIONAL PRODUCER","No","2026-04-14","2027-04-12",,,"Exempt from Public Disclosure","Jackson","Tier II","Mixed",
"020-22386","LELAND FARM LLC","LELAND FARM LLC","RECREATIONAL PRODUCER","No","2026-01-06","2027-01-05",,,"Exempt from Public Disclosure","Clackamas","Tier II","Indoor",
"020-1024089AF32","Chase the Dream Farms","CHASE THE DREAM FARMS LLC","RECREATIONAL PRODUCER","Yes","2025-04-25","2025-08-27","2025-04-25",,"Exempt from Public Disclosure","Jackson","Tier II","Outdoor",
"020-27801","Blue and Yellow Farm #2","BLUE AND YELLOW LLC","RECREATIONAL PRODUCER","No","2026-05-28","2027-05-27",,,"Exempt from Public Disclosure","Jackson","Tier II","Outdoor",
"020-25836","Hashtag Farms LLC","HASHTAG FARMS LLC","RECREATIONAL PRODUCER","Yes","2026-08-24","2027-04-16","2026-08-24","41-2447477","Exempt from Public Disclosure","Josephine","Tier II","Outdoor",
"020-22615","W C WEST COAST FARM LLC","W C WEST COAST FARM LLC","RECREATIONAL PRODUCER","No","2026-01-20","2027-01-12",,,"Exempt from Public Disclosure","Clatsop","Tier II","Indoor",
"020-1024162383D","One Pine LLC","ONE PINE LLC","RECREATIONAL PRODUCER","No","2026-08-22","2027-08-21",,,"Exempt from Public Disclosure","Josephine","Tier II","Outdoor",
"020-28048","Thompson Creek","THOMPSON CREEK CULTIVATIONS LLC","RECREATIONAL PRODUCER","No","2026-06-03","2027-06-02",,"OR","Exempt from Public Disclosure","Jackson","Tier II","Mixed",
"020-27419","Rich8 Green Farm","RICH8 GREEN FARM LLC","RECREATIONAL PRODUCER","No","2026-05-20","2027-05-19",,,"Exempt from Public Disclosure","Clackamas","Tier II","Indoor",
"020-23311","Rongfa Co. LLC","RONGFA CO. LLC","RECREATIONAL PRODUCER","No","2026-02-03","2027-02-02",,,"Exempt from Public Disclosure","Marion","Tier I","Indoor",
"020-23404","Big Sunshine","BIG SUNSHINE LLC","RECREATIONAL PRODUCER","No","2026-03-30","2027-02-04",,,"Exempt from Public Disclosure","Jackson","Tier II","Outdoor",
"020-1024487991F","NW Kind","NWK SOUTH LLC","RECREATIONAL PRODUCER","No","2026-08-08","2027-08-07",,,"Exempt from Public Disclosure","Josephine","Tier II","Mixed",
"020-28245","AppleGate Growers Site 2","APPLEGATE GROWERS LLC","RECREATIONAL PRODUCER","No","2026-06-08","2027-06-07",,,"Exempt from Public Disclosure","Jackson","Tier II","Outdoor",
"020-27427","Wu's Farm","WU'S FARM LLC","RECREATIONAL PRODUCER","No","2026-06-03","2027-05-19",,,"Exempt from Public Disclosure","Clackamas","Tier II","Indoor",
"020-23706","Alter Farms","LIVING SOIL FARMS LLC","RECREATIONAL PRODUCER","No","2026-02-17","2027-02-16",,,"Exempt from Public Disclosure","Josephine","Tier II","Outdoor",
"020-10245250534","The Plant Department","THE PLANT DEPARTMENT LLC","RECREATIONAL PRODUCER","No","2026-08-15","2027-08-14",,,"Exempt from Public Disclosure","Josephine","Micro Tier II","Mixed",
"020-29277","J & Son Farms Site B","J & SON FARMS, LLC","RECREATIONAL PRODUCER","No","2026-06-30","2027-06-29",,,"Exempt from Public Disclosure","Jackson","Tier II","Outdoor",
"020-27636","Blacksea Farm ","BLACKSEA FARM LLC ","RECREATIONAL PRODUCER","No","2026-05-27","2027-05-25",,,"Exempt from Public Disclosure","Josephine","Tier II","Outdoor",
"020-29817","CULTIVEX LLC","CULTIVEX LLC","RECREATIONAL PRODUCER","No","2026-07-15","2027-07-14",,,"Exempt from Public Disclosure","Clackamas","Tier II","Indoor",
"020-102455651DC","Omni Brands","OMNI BRANDS LLC","RECREATIONAL PRODUCER","No","2026-03-23","2026-09-25",,,"Exempt from Public Disclosure","Jackson","Tier II","Outdoor",
"020-29396","Green Reaper","GREEN REAPER LLC","RECREATIONAL PRODUCER","No","2026-07-03","2027-07-02",,,"Exempt from Public Disclosure","Jackson","Tier II","Outdoor",
"020-27645","Sungrain Farm LLC","SUNGRAIN FARM LLC","RECREATIONAL PRODUCER","No","2026-08-20","2027-05-25",,,"Exempt from Public Disclosure","Clackamas","Tier II","Indoor",
"020-30048","ECW Enterprises","ECW ENTERPRISES LLC","RECREATIONAL PRODUCER","No","2026-07-22","2027-07-20",,,"Exempt from Public Disclosure","Clackamas","Tier II","Indoor",
"020-10247579221","New Resource Enterprise LLC","NEW RESOURCE ENTERPRISE LLC","RECREATIONAL PRODUCER","Yes","2025-11-19","2025-11-20","2025-11-19",,"Exempt from Public Disclosure","Jackson","Tier II","Outdoor",
"020-29690","Fortune Inn Farm LLC","FORTUNE INN FARM LLC","RECREATIONAL PRODUCER","No","2026-07-13","2027-07-12",,,"Exempt from Public Disclosure","Jackson","Tier II","Outdoor",
"020-28068","J Birds","J BIRDS LLC","RECREATIONAL PRODUCER","No","2026-06-03","2027-06-02",,,"Exempt from Public Disclosure","Jackson","Tier I","Indoor",
"020-3040","Bogart Farms LLC","BOGART FARMS LLC","RECREATIONAL PRODUCER","No","2026-04-04","2027-04-03",,,"Exempt from Public Disclosure","Josephine","Tier II","Outdoor",
"020-1024794FD66","Rogue Farmer","BUFFALO RANCH LLC","RECREATIONAL PRODUCER","Yes","2025-05-12","2026-01-09","2025-05-12",,"Exempt from Public Disclosure","Josephine","Tier II","Outdoor",
"020-29818","Progressive Farming LLC","PROGRESSIVE FARMING LLC","RECREATIONAL PRODUCER","No","2026-07-15","2027-07-14",,,"Exempt from Public Disclosure","Jackson","Tier II","Outdoor",
"020-28858","Moore FHC LLC","MOORE FHC LLC","RECREATIONAL PRODUCER","No","2026-06-22","2027-06-21",,,"Exempt from Public Disclosure","Multnomah","Micro Tier II","Indoor",
"020-30584","More Life Farms","MORE LIFE FARMS, LLC","RECREATIONAL PRODUCER","No","2026-08-04","2027-08-03",,,"Exempt from Public Disclosure","Jackson","Tier II","Outdoor",
"020-10249315E65","Eco Shadowbox","ECO SHADOWBOX LLC","RECREATIONAL PRODUCER","Yes","2025-10-11","2025-10-12","2025-10-11",,"Exempt from Public Disclosure","Josephine","Tier II","Outdoor",
"020-30506","Cultify/Humboldt Boyz","CULTIFY, LLC||HUMBOLDT BOYZ, LLC","RECREATIONAL PRODUCER","No","2026-08-03","2027-08-02",,,"Exempt from Public Disclosure","Josephine","Tier II","Indoor",
"020-29130","Blacksea Farm","BLACKSEA FARM LLC ","RECREATIONAL PRODUCER","No","2026-06-26","2027-06-25",,,"Exempt from Public Disclosure","Josephine","Tier II","Outdoor",
"020-3098","NorthWest HydroGrow, Inc.","NORTHWEST HYDROGROW, INC.","RECREATIONAL PRODUCER","No","2026-04-23","2027-04-22",,,"Exempt from Public Disclosure","Deschutes","Tier I","Indoor",
"020-3661","Hao Yang LLC","HAO YANG LLC","RECREATIONAL PRODUCER","No","2026-06-03","2027-06-02",,,"Exempt from Public Disclosure","Clackamas","Tier II","Indoor",
"020-102504490DA","MVP Cultivation ","MVP CULTIVATION LLC","RECREATIONAL PRODUCER","No","2026-06-22","2026-12-20",,,"Exempt from Public Disclosure","Josephine","Tier II","Outdoor",
"020-30712","Mac Buds LLC","MAC BUDS LLC","RECREATIONAL PRODUCER","No","2026-08-06","2027-08-05",,,"Exempt from Public Disclosure","Yamhill","Tier II","Indoor",
"020-29132","Liberty Freedom LLC Site 9","LIBERTY FREEDOM LLC","RECREATIONAL PRODUCER","No","2026-06-26","2027-06-25",,,"Exempt from Public Disclosure","Jackson","Tier II","Outdoor",
"020-3852","Luxuriant Trees","LUXURIANT TREES LLC","RECREATIONAL PRODUCER","No","2026-07-11","2027-07-10",,,"Exempt from Public Disclosure","Clackamas","Tier II","Mixed",
"020-10253212E89","Dulce Farms LLC ","DULCE FARMS LLC","RECREATIONAL PRODUCER","No","2026-01-23","2027-01-22",,,"Exempt from Public Disclosure","Jackson","Tier II","Mixed",
"020-30872","Dez Budz","DEZ BUDZ LLC","RECREATIONAL PRODUCER","No","2026-08-12","2027-08-11",,,"Exempt from Public Disclosure","Josephine","Tier II","Outdoor",
"020-29265","Cook Investments Northwest Oregon, LLC","COOK INVESTMENTS NORTHWEST OREGON, LLC","RECREATIONAL PRODUCER","No","2026-07-06","2027-06-29",,,"Exempt from Public Disclosure","Jackson","Tier II","Outdoor",
"020-3857","Nectar ","NECTAR MARKETS, LLC","RECREATIONAL PRODUCER","No","2026-07-12","2027-07-11",,,"Exempt from Public Disclosure","Jackson","Tier II","Outdoor",
"020-1025414F66B","P77","P77 LLC","RECREATIONAL PRODUCER","No","2026-01-29","2027-01-28",,,"Exempt from Public Disclosure","Polk","Tier II","Mixed",
"020-3147","Highway Supply Company","HIGHWAY SUPPLY COMPANY LLC","RECREATIONAL PRODUCER","No","2026-05-01","2027-04-30",,,"Exempt from Public Disclosure","Josephine","Tier II","Outdoor","Propagation Producer"
"020-29725","Brightfields Collective LLC","BRIGHTFIELDS COLLECTIVE LLC","RECREATIONAL PRODUCER","No","2026-07-14","2027-07-13",,,"Exempt from Public Disclosure","Jackson","Tier II","Outdoor",
"020-3882","HRP Holdings ","HRP HOLDINGS LLC","RECREATIONAL PRODUCER","No","2026-04-27","2026-07-22",,,"Exempt from Public Disclosure","Clackamas","Tier II","Outdoor",
"020-1023521C2D7","Kaprikorn","KAPRIKORN LLC","RECREATIONAL PRODUCER","No","2026-04-01","2027-03-07",,,"Exempt from Public Disclosure","Lane","Tier II","Indoor","Medically Designated Canopy"
"020-10247750C95","Sheridan Farm","WFY, INC.","RECREATIONAL PRODUCER","No","2025-11-15","2026-11-14",,,"Exempt from Public Disclosure","Yamhill","Tier II","Indoor",
"020-1012366FACD","Rovers Holding LLC","ROVERS HOLDING LLC","RECREATIONAL PRODUCER","Yes","2026-06-24","2027-03-09","2026-06-24",,"Exempt from Public Disclosure","Josephine","Tier II","Outdoor",
"020-23814","Walnut Industrial Park","SUNRISE FACILITY INC","RECREATIONAL PRODUCER","No","2026-04-07","2027-02-18",,,"Exempt from Public Disclosure","Washington","Tier I","Indoor",
"020-1023606937F","Joco Green","JOCO BRO LLC","RECREATIONAL PRODUCER","No","2026-08-09","2027-08-08",,,"Exempt from Public Disclosure","Josephine","Tier II","Outdoor",
"020-1025251BD83","Unicorn Corral","UNICORN CORRAL LLC","RECREATIONAL PRODUCER","Yes","2026-07-13","2026-12-19","2026-07-13",,"Exempt from Public Disclosure","Lane","Tier II","Outdoor",
"020-3182","The Fields","EMERALD FIELDS, INC.","RECREATIONAL PRODUCER","No","2026-05-06","2027-05-05",,,"Exempt from Public Disclosure","Josephine","Tier II","Outdoor",
"020-24290","A WHITE CROW LLC","A WHITE CROW LLC","RECREATIONAL PRODUCER","No","2026-03-06","2027-03-05",,,"Exempt from Public Disclosure","Josephine","Tier II","Outdoor",
"020-1023608331E","Joco Green","JOCO BRO LLC","RECREATIONAL PRODUCER","No","2026-08-09","2027-08-08",,,"Exempt from Public Disclosure","Josephine","Tier II","Outdoor",
"020-10253785AF6","Flower Prince Cannabis LLC","FLOWER PRINCE CANNABIS LLC","RECREATIONAL PRODUCER","Yes","2025-01-07","2026-01-08","2025-01-07",,"Exempt from Public Disclosure","Multnomah","Tier I","Indoor",
"020-3818","Humboldt Boyz","HUMBOLDT BOYZ LLC","RECREATIONAL PRODUCER","No","2026-07-03","2027-07-02",,,"Exempt from Public Disclosure","Jackson","Tier II","Outdoor",
"020-3845","Orland Farms","ORLAND FARMS, LLC","RECREATIONAL PRODUCER","Yes","2026-06-30","2026-07-10","2026-06-30",,"Exempt from Public Disclosure","Jackson","Tier II","Outdoor",
"020-24728","Pureleaf Farms LLC","PURELEAF FARMS LLC","RECREATIONAL PRODUCER","No","2026-03-21","2027-03-20",,,"Exempt from Public Disclosure","Jackson","Tier II","Outdoor",
"020-102364796A9","JoCo Green","BUCK CANYON FARMS, LLC","RECREATIONAL PRODUCER","No","2026-07-27","2027-07-26",,,"Exempt from Public Disclosure","Josephine","Tier II","Outdoor",
"020-1025444424A","Fire Dept. Cannabis","BROADWAY PROJECT, INC.","RECREATIONAL PRODUCER","Yes","2025-10-28","2025-11-26","2025-10-28",,"Exempt from Public Disclosure","Multnomah","Tier II","Indoor",
"020-1012401D433","Cascade Cultivars","OHANA GROWN LLC","RECREATIONAL PRODUCER","No","2025-09-30","2026-09-29",,,"Exempt from Public Disclosure","Deschutes","Tier II","Indoor",
"020-29741","Shivas Garden Inc","SHIVAS GARDEN, INC.","RECREATIONAL PRODUCER","No","2026-07-15","2027-07-13",,,"Exempt from Public Disclosure","Clackamas","Tier II","Indoor",
"020-3935","Einer Noch","EINER NOCH LLC","RECREATIONAL PRODUCER","No","2025-08-02","2026-08-01",,,"Exempt from Public Disclosure","Clackamas","Tier I","Indoor",
"020-1025949C20C","Enjoy Fun LIfe ","ENJOY FUN LIFE LLC","RECREATIONAL PRODUCER","Yes","2025-06-02","2026-02-28","2025-06-02",,"Exempt from Public Disclosure","Lane","Tier II","Indoor",
"020-1025410DCC6","Stacks ","KEMDA LLC","RECREATIONAL PRODUCER","No","2025-11-27","2026-11-26",,,"Exempt from Public Disclosure","Multnomah","Tier I","Indoor",
"020-29931","45th Parallel Farms","45TH PARALLEL FARMS LLC","RECREATIONAL PRODUCER","No","2026-07-17","2027-07-16",,,"Exempt from Public Disclosure","Polk","Tier II","Outdoor",
"020-3939","PDX GREENLAND","PDX GREENLAND LLC","RECREATIONAL PRODUCER","No","2026-08-05","2027-08-04",,,"Exempt from Public Disclosure","Multnomah","Tier II","Indoor",
"020-10367","Oregonic Farms LLC","OREGONIC FARMS LLC","RECREATIONAL PRODUCER","No","2026-02-20","2027-02-19",,,"Exempt from Public Disclosure","Columbia","Tier I","Indoor",
"020-10254537BFF","No Tomato, LLC","NO TOMATO, LLC","RECREATIONAL PRODUCER","No","2026-07-20","2026-12-04",,,"Exempt from Public Disclosure","Josephine","Tier II","Mixed",
"020-3019","Hazy Daze","HAZY DAYZ LLC","RECREATIONAL PRODUCER","No","2026-03-07","2027-03-06",,,"Exempt from Public Disclosure","Josephine","Tier II","Outdoor",
"020-5258","Dulce Farms LLC ","DULCE FARMS LLC","RECREATIONAL PRODUCER","No","2025-09-18","2026-09-17",,,"Exempt from Public Disclosure","Clackamas","Tier II","Mixed",
"020-10542","JDW","JDW LLC","RECREATIONAL PRODUCER","No","2026-02-25","2027-02-24",,,"Exempt from Public Disclosure","Yamhill","Tier II","Indoor",
"020-102555801B5","Tian","TIAN LE INC","RECREATIONAL PRODUCER","No","2026-02-01","2027-01-31",,,"Exempt from Public Disclosure","Washington","Tier I","Indoor",
"020-30246","Sunlight","SUNLIGHT LLC","RECREATIONAL PRODUCER","No","2026-07-27","2027-07-26",,,"Exempt from Public Disclosure","Clackamas","Tier II","Indoor",
"020-5562","Exotic Cross","EXOTIC CROSS LLC","RECREATIONAL PRODUCER","No","2026-06-23","2026-09-24",,,"Exempt from Public Disclosure","Josephine","Tier II","Outdoor",
"020-12531","SOFF","SOFF LLC","RECREATIONAL PRODUCER","No","2026-04-17","2027-04-16",,,"Exempt from Public Disclosure","Josephine","Tier II","Outdoor",
"020-1012765A0A7","MJ Farms, LLC","MJ FARMS, LLC","RECREATIONAL PRODUCER","No","2026-06-08","2027-06-07",,,"Exempt from Public Disclosure","Jackson","Tier II","Outdoor",
"020-3860","DSE LLC","DSE LLC","RECREATIONAL PRODUCER","No","2026-07-13","2027-07-12",,,"Exempt from Public Disclosure","Jackson","Tier II","Outdoor",
"020-24804","Zombieland LLC","ZOMBIELAND LLC","RECREATIONAL PRODUCER","No","2026-03-25","2027-03-24",,,"Exempt from Public Disclosure","Jackson","Tier II","Outdoor",
"020-1023725A8F0","New Side","NEW SIDE LLC","RECREATIONAL PRODUCER","No","2026-07-05","2027-07-04",,,"Exempt from Public Disclosure","Jackson","Tier II","Outdoor",
"020-10128649D3A","Viola Ridge","VIOLA PORTLAND, LLC","RECREATIONAL PRODUCER","Yes","2025-09-11","2026-05-06","2025-09-11",,"Exempt from Public Disclosure","Polk","Micro Tier I","Outdoor",
"020-13420","Evergreen Management OR LLC","EVERGREEN MANAGEMENT OR LLC","RECREATIONAL PRODUCER","No","2026-05-06","2027-05-05",,,"Exempt from Public Disclosure","Lane","Tier II","Indoor",
"020-3872","HM Exotics LLC","HM EXOTICS LLC","RECREATIONAL PRODUCER","No","2026-07-18","2027-07-17",,,"Exempt from Public Disclosure","Jackson","Tier II","Mixed",
"020-24850","Golden JMF","GOLDEN JMF LLC","RECREATIONAL PRODUCER","No","2026-08-20","2027-03-25",,,"Exempt from Public Disclosure","Washington","Tier II","Indoor",
"020-10238233D8C","WM Ranch ","WM RANCH, LLC","RECREATIONAL PRODUCER","No","2026-06-01","2027-05-31",,,"Exempt from Public Disclosure","Hood River","Tier II","Outdoor",
"020-10256403145","Lone Pine Agro LLC","LONE PINE AGRO LLC","RECREATIONAL PRODUCER","No","2026-03-12","2027-02-27",,,"Exempt from Public Disclosure","Josephine","Tier II","Outdoor",
"020-30599","Pacific Star Holdings, LLC","PACIFIC STAR HOLDINGS, LLC","RECREATIONAL PRODUCER","No","2026-08-05","2027-08-04",,,"Exempt from Public Disclosure","Jackson","Tier II","Outdoor",
"020-6844","Darryl's Oregon","DARRYLS OREGON LLC","RECREATIONAL PRODUCER","No","2025-10-30","2026-10-29",,,"Exempt from Public Disclosure","Jackson","Tier II","Mixed",
"020-1024071E352","Shady Coconut Farm and Gardens","SHADY COCONUT FARM AND GARDENS LLC","RECREATIONAL PRODUCER","No","2026-06-07","2027-06-06",,,"Exempt from Public Disclosure","Josephine","Tier II","Outdoor",
"020-10257160068","Gnome Grown Oregon ","GNOME GROWN LLC","RECREATIONAL PRODUCER","No","2026-02-28","2027-02-27",,,"Exempt from Public Disclosure","Clackamas","Tier II","Mixed",
"020-30817","Dez Budz","DEZ BUDZ LLC","RECREATIONAL PRODUCER","No","2026-08-11","2027-08-10",,,"Exempt from Public Disclosure","Josephine","Tier II","Outdoor",
"020-6928","Lemeng","LEMENG LLC","RECREATIONAL PRODUCER","No","2025-10-31","2026-10-30",,,"Exempt from Public Disclosure","Clackamas","Tier II","Indoor",
"020-10241801DCA","Black Label Farms","BLACK LABEL FARMS LLC","RECREATIONAL PRODUCER","No","2026-07-28","2027-07-27",,,"Exempt from Public Disclosure","Jackson","Tier II","Outdoor",
"020-1026016CCBD","Golden Seasons Enterprise ","GOLDEN SEASONS ENTERPRISE LLC","RECREATIONAL PRODUCER","Yes","2026-04-17","2027-03-05","2026-04-17",,"Exempt from Public Disclosure","Josephine","Tier II","Mixed",
"020-30911","T F GARDENS LLC","T F GARDENS LLC","RECREATIONAL PRODUCER","No","2026-08-13","2027-08-12",,,"Exempt from Public Disclosure","Multnomah","Tier II","Indoor",
"020-7301","Boom Boom Farms","BOOM BOOM FARMS, LLC","RECREATIONAL PRODUCER","No","2026-08-10","2026-11-11",,,"Exempt from Public Disclosure","Jackson","Tier II","Outdoor",
"020-1024288765A","Copco Airways ","COPCO AIRWAYS LLC","RECREATIONAL PRODUCER","No","2026-08-04","2027-08-03",,,"Exempt from Public Disclosure","Jackson","Tier II","Outdoor",
"020-12897","Fire Camp","FIRE CAMP LLC","RECREATIONAL PRODUCER","No","2026-04-24","2027-04-23",,"234153393","Exempt from Public Disclosure","Josephine","Tier I","Indoor",
"020-3099","NWHG","NORTHWEST HYDROGROW, INC.","RECREATIONAL PRODUCER","No","2026-04-23","2027-04-22",,,"Exempt from Public Disclosure","Deschutes","Tier I","Indoor",
"020-7895","Green Acers Farm, LLC","GREEN ACERS FARM LLC","RECREATIONAL PRODUCER","Yes","2026-08-04","2026-11-26","2026-08-04",,"Exempt from Public Disclosure","Lane","Tier II","Outdoor","Propagation Producer"
"020-1024426744D","Juice Brothers","JUICE BROTHERS LLC","RECREATIONAL PRODUCER","No","2026-07-20","2027-07-19",,,"Exempt from Public Disclosure","Jackson","Tier II","Outdoor",
"020-13920","Snow Mountain LLC","SNOW MOUNTAIN LLC","RECREATIONAL PRODUCER","No","2026-05-15","2027-05-14",,,"Exempt from Public Disclosure","Josephine","Tier II","Outdoor",
"020-3119","Red Sun","RED SUN LLC","RECREATIONAL PRODUCER","No","2026-04-24","2027-04-23",,,"Exempt from Public Disclosure","Multnomah","Tier II","Indoor",
"020-8304","Wolfgangs 488","OREGON WOLFGANGS, LLC","RECREATIONAL PRODUCER","Yes","2026-06-18","2026-12-06","2026-06-18",,"Exempt from Public Disclosure","Jackson","Tier II","Mixed",
"020-10244605725","EVERGREEN LIFE","EVERGREEN LIFE LLC","RECREATIONAL PRODUCER","No","2026-06-29","2026-10-22",,,"Exempt from Public Disclosure","Marion","Tier II","Indoor",
"020-14729","Stars River Farms","STARS RIVER FARMS LLC","RECREATIONAL PRODUCER","No","2026-06-03","2027-06-02",,,"Exempt from Public Disclosure","Josephine","Tier II","Indoor",
"020-17688","BuC-2 LLC","BUC-2 LLC","RECREATIONAL PRODUCER","No","2026-08-11","2027-08-10",,,"Exempt from Public Disclosure","Josephine","Tier II","Outdoor",
"020-3120","Rogue Farmz","ROGUE FARMZ LLC","RECREATIONAL PRODUCER","No","2026-04-24","2027-04-23",,,"Exempt from Public Disclosure","Jackson","Tier II","Outdoor",
"020-8510","M FARM LLC","M FARM LLC","RECREATIONAL PRODUCER","No","2025-12-16","2026-12-15",,,"Exempt from Public Disclosure","Clackamas","Tier II","Indoor",
"020-102453360AA","3CC","DAR SOLUTIONS LLC","RECREATIONAL PRODUCER","No","2025-09-14","2026-09-13",,,"Exempt from Public Disclosure","Jackson","Tier I","Indoor",
"020-4048","Safari","SAFARI LLC","RECREATIONAL PRODUCER","No","2026-08-15","2027-08-14",,,"Exempt from Public Disclosure","Josephine","Tier II","Outdoor",
"020-24957","T-Rex Corral","ALVADORE FARMS, LLC","RECREATIONAL PRODUCER","No","2026-03-30","2027-03-29",,,"Exempt from Public Disclosure","Lane","Tier II","Outdoor",
"020-13816","Imperial Gardens ","IMPERIAL GARDENS LLC","RECREATIONAL PRODUCER","No","2026-05-14","2027-05-13",,,"Exempt from Public Disclosure","Jackson","Tier II","Outdoor",
"020-1024563097D","BADMOON","BADMOON LLC","RECREATIONAL PRODUCER","Yes","2025-04-17","2025-10-23","2025-04-17",,"Exempt from Public Disclosure","Josephine","Tier II","Outdoor",
"020-4738","YNOT LLC","YNOT LLC","RECREATIONAL PRODUCER","No","2025-09-05","2026-09-04",,,"Exempt from Public Disclosure","Josephine","Tier II","Outdoor",
"020-25293","820 Carpenter Hill lot J","ZOMBIELAND LLC","RECREATIONAL PRODUCER","No","2026-04-07","2027-04-06",,,"Exempt from Public Disclosure","Jackson","Tier II","Outdoor",
"020-14232","Norther Lights Farm","NORTHER LIGHTS FARM LLC","RECREATIONAL PRODUCER","No","2026-06-16","2027-05-21",,,"Exempt from Public Disclosure","Josephine","Tier II","Outdoor",
"020-10245659DB3","BADMOON","BADMOON LLC","RECREATIONAL PRODUCER","Yes","2025-04-17","2025-10-23","2025-04-17",,"Exempt from Public Disclosure","Josephine","Tier II","Outdoor",
"020-4912","Village Green","EMERALD GREEN INC","RECREATIONAL PRODUCER","No","2026-09-09","2027-09-08",,,"Exempt from Public Disclosure","Jackson","Tier II","Outdoor",
"020-26131","Prosperity Global LLC","PROSPERITY GLOBAL LLC","RECREATIONAL PRODUCER","No","2026-04-23","2027-04-22",,,"Exempt from Public Disclosure","Lane","Tier II","Indoor",
"020-15636","Emerald Harvest Collective","BRAND CONSULTING LLC","RECREATIONAL PRODUCER","No","2025-06-30","2026-06-22",,,"Exempt from Public Disclosure","Clackamas","Tier II","Mixed",
"020-1024643D3A0","Palm ave ","PA HOLDINGS, LLC","RECREATIONAL PRODUCER","No","2025-09-14","2026-09-13",,,"Exempt from Public Disclosure","Josephine","Tier II","Mixed",
"020-5914","DALTON & WADE","DALTON & WADE LLC","RECREATIONAL PRODUCER","No","2025-10-03","2026-10-02",,,"Exempt from Public Disclosure","Jackson","Tier II","Outdoor",
"020-26884","Eight Dollar MTN ","EIGHT DOLLAR MTN LLC","RECREATIONAL PRODUCER","No","2026-05-08","2027-05-07",,,"Exempt from Public Disclosure","Josephine","Tier II","Mixed",
"020-15844","Almanac Ag","ATK LLC & JJCT LLC","RECREATIONAL PRODUCER","No","2026-06-26","2027-06-25",,,"Exempt from Public Disclosure","Jackson","Tier II","Outdoor",
"020-1024699C8CF","Sweet Dream Gardens LLC","SWEET DREAM GARDENS LLC","RECREATIONAL PRODUCER","Yes","2025-01-02","2025-11-19","2025-01-02",,"Exempt from Public Disclosure","Josephine","Micro Tier I","Indoor",
"020-6252","Boom Boom Farms LLC","BOOM BOOM FARMS, LLC","RECREATIONAL PRODUCER","No","2026-08-10","2026-10-13",,,"Exempt from Public Disclosure","Jackson","Tier II","Outdoor",
"020-27476","Forever Green ","FOREVER GREEN LLC ","RECREATIONAL PRODUCER","No","2026-05-21","2027-05-20",,,"Exempt from Public Disclosure","Jackson","Tier II","Outdoor",
"020-15846","Almanac Ag","ATK LLC & JJCT LLC","RECREATIONAL PRODUCER","No","2026-06-26","2027-06-25",,,"Exempt from Public Disclosure","Jackson","Tier II","Outdoor",
"020-1024816F4EA","Horseman Cannabis ","HORSEMAN DEVELOPMENT LLC","RECREATIONAL PRODUCER","No","2025-10-24","2026-10-23",,,"Exempt from Public Disclosure","Linn","Tier II","Mixed",
"020-6851","Miss Purple","MISS PURPLE LLC","RECREATIONAL PRODUCER","No","2025-10-30","2026-10-29",,,"Exempt from Public Disclosure","Jackson","Tier II","Outdoor",
"020-27876","Legacy Farms Oregon","LEGACY FARMS OREGON LLC","RECREATIONAL PRODUCER","No","2026-07-29","2027-05-29",,,"Exempt from Public Disclosure","Jackson","Tier II","Outdoor",
"020-28005","Lotus Exotics Farms ","LOTUS EXOTICS FARMS LLC","RECREATIONAL PRODUCER","No","2026-06-03","2027-06-02",,"01908238-7","Exempt from Public Disclosure","Josephine","Tier II","Outdoor",
"020-15933","Site 2 - Ebb & Flow","ASHLAND PRODUCTIONS LLC","RECREATIONAL PRODUCER","No","2026-06-30","2027-06-29",,,"Exempt from Public Disclosure","Jackson","Tier II","Outdoor",
"020-1024858781A","A Little Bit of Paradise Farms","A LITTLE BIT OF PARADISE FARMS LLC","RECREATIONAL PRODUCER","No","2026-07-13","2026-10-16",,,"Exempt from Public Disclosure","Jackson","Tier II","Indoor",
"020-7303","Boom Boom Farms LLC","BOOM BOOM FARMS, LLC","RECREATIONAL PRODUCER","No","2026-08-10","2026-11-11",,,"Exempt from Public Disclosure","Jackson","Tier II","Outdoor",
"020-28257","Liberty Freedom LLC ","LIBERTY FREEDOM LLC","RECREATIONAL PRODUCER","No","2026-06-08","2027-06-07",,,"Exempt from Public Disclosure","Jackson","Tier II","Outdoor",
"020-16469","AMBER BLOSSOM CANNABIS LLC","AMBER BLOSSOM CANNABIS LLC","RECREATIONAL PRODUCER","No","2026-07-12","2027-07-11",,,"Exempt from Public Disclosure","Jackson","Tier II","Outdoor",
"020-10250532CB2","Hotbox","HOTBOX FARMS LLC","RECREATIONAL PRODUCER","No",,"2027-01-29",,,"Exempt from Public Disclosure","Wasco","Tier II","Mixed",
"020-7676","YONGSHUN LLC","YONGSHUN LLC","RECREATIONAL PRODUCER","No","2026-07-17","2026-11-20",,,"Exempt from Public Disclosure","Clackamas","Micro Tier I","Indoor",
"020-28395","Althouse Creek","CJ PRODUCE LLC","RECREATIONAL PRODUCER","No","2026-06-10","2027-06-09",,,"Exempt from Public Disclosure","Josephine","Tier II","Outdoor",
"020-16639","Crooks Creek 3000 LLC","CROOKS CREEK 3000 LLC","RECREATIONAL PRODUCER","No","2026-07-16","2027-07-15",,,"Exempt from Public Disclosure","Josephine","Tier II","Outdoor",
"020-10251777982","Just J's","JUST J'S LLC","RECREATIONAL PRODUCER","No","2025-11-14","2026-11-13",,,"Exempt from Public Disclosure","Jackson","Tier II","Outdoor",
"020-8406","Lion Fire Craft Cannabis","MINIONS LLC","RECREATIONAL PRODUCER","Yes","2026-02-11","2026-12-10","2026-02-11",,"Exempt from Public Disclosure","Jackson","Micro Tier II","Indoor",
"020-29229","16464 Williams HWY SITE 2","BUC-2 LLC","RECREATIONAL PRODUCER","No","2026-06-30","2027-06-29",,,"Exempt from Public Disclosure","Josephine","Tier II","Outdoor",
"020-18487","Rossi Express LLC","ROSSI EXPRESS LLC ","RECREATIONAL PRODUCER","No","2025-09-03","2026-09-02",,"01891524-8","Exempt from Public Disclosure","Jackson","Tier II","Indoor",
"020-10252099405","Beech Creek Farm","BEECH CREEK FARM, LLC","RECREATIONAL PRODUCER","No","2026-02-27","2027-02-26",,,"Exempt from Public Disclosure","Grant","Tier II","Outdoor",
"020-8475","LCC Investments Enterprise","LCC INVESTMENTS ENTERPRISE LLC","RECREATIONAL PRODUCER","No","2025-12-13","2026-12-12",,,"Exempt from Public Disclosure","Linn","Tier II","Indoor",
"020-29262","Chase the dream 2","CHASE THE DREAM LLC","RECREATIONAL PRODUCER","No","2026-06-30","2027-06-29",,,"Exempt from Public Disclosure","Jackson","Tier II","Indoor",
"020-18516","Supreme Co. LLC","SUPREME CO. LLC","RECREATIONAL PRODUCER","No","2026-09-03","2027-09-02",,,"Exempt from Public Disclosure","Clackamas","Tier II","Indoor",
"020-102522928DD","Calyx Cultivation  ","THUROW PRODUCTIONS LLC","RECREATIONAL PRODUCER","No","2026-01-09","2027-01-08",,,"Exempt from Public Disclosure","Deschutes","Micro Tier II","Indoor",
"020-8975","GG LLC","GRAPE_GOD GARDENS LLC","RECREATIONAL PRODUCER","Yes","2025-01-08","2026-01-07",,,"Exempt from Public Disclosure","Polk","Tier II","Mixed",
"020-29446","Chase the Dream","CHASE THE DREAM LLC","RECREATIONAL PRODUCER","No","2026-07-06","2027-07-05",,,"Exempt from Public Disclosure","Jackson","Tier II","Outdoor",
"020-19071","NATURAL NINE ENTERPRISES 3 LLC","NATURAL NINE ENTERPRISES 3 LLC","RECREATIONAL PRODUCER","No","2025-09-17","2026-09-16",,,"Exempt from Public Disclosure","Marion","Tier II","Indoor",
"020-102582943AB","Rogue River Family Farms ","ROGUE RIVER FAMILY FARMS LLC","RECREATIONAL PRODUCER","No","2026-06-03","2027-03-06",,,"Exempt from Public Disclosure","Jackson","Tier II","Outdoor",
"020-9129","Purple Island","PURPLE ISLAND LLC","RECREATIONAL PRODUCER","No","2025-12-18","2027-01-12",,,"Exempt from Public Disclosure","Clackamas","Tier II","Indoor",
"020-29743","Alvadore Farms LLC","ALVADORE FARMS, LLC","RECREATIONAL PRODUCER","No","2026-07-14","2027-07-13",,,"Exempt from Public Disclosure","Lane","Tier II","Outdoor",
"020-29890","High Desert Flower 2","HIGH DESERT FLOWER, INC.","RECREATIONAL PRODUCER","No","2026-07-17","2027-07-16",,,"Exempt from Public Disclosure","Jackson","Tier II","Outdoor",
"020-19280","Douglas Brothers Farming Co.","DOUGLAS BROTHERS LLC","RECREATIONAL PRODUCER","No","2026-09-23","2027-09-22",,,"Exempt from Public Disclosure","Clackamas","Tier II","Indoor",
"020-10304","Rui Farm","RUI FARM LLC","RECREATIONAL PRODUCER","No","2026-02-18","2027-02-17",,,"Exempt from Public Disclosure","Jackson","Tier II","Outdoor",
"020-9187","JHK Holdings","JHK HOLDINGS LLC","RECREATIONAL PRODUCER","No","2026-01-15","2027-01-14",,,"Exempt from Public Disclosure","Jackson","Tier I","Indoor",
"020-3000","SURE BITE INDUSTRIES LLC","SURE BITE INDUSTRIES LLC","RECREATIONAL PRODUCER","No","2026-03-21","2027-03-20",,,"Exempt from Public Disclosure","Lincoln","Micro Tier II","Indoor",
"020-19693","YC Agriculture LLC","YC AGRICULTURE LLC","RECREATIONAL PRODUCER","No","2025-10-06","2026-10-05",,,"Exempt from Public Disclosure","Clackamas","Tier II","Indoor",
"020-10587","Olives Forest LLC","OLIVES FOREST LLC","RECREATIONAL PRODUCER","No","2026-02-25","2027-02-24",,,"Exempt from Public Disclosure","Jackson","Tier II","Outdoor",
"020-9338","Piff Stixs","GRIMES VENTURES LLC","RECREATIONAL PRODUCER","No","2026-07-17","2027-01-20",,,"Exempt from Public Disclosure","Lane","Tier I","Indoor",
"020-30296","Summary","SUMMARY LLC","RECREATIONAL PRODUCER","No","2026-07-28","2027-07-27",,,"Exempt from Public Disclosure","Jackson","Tier II","Outdoor",
"020-20367","Wu's Farm","WU'S FARM LLC","RECREATIONAL PRODUCER","Yes","2026-05-20","2026-10-26","2026-05-20",,"Exempt from Public Disclosure","Clackamas","Tier II","Indoor",
"020-10700","Flawless Farms","FLAWLESS FARMS LLC","RECREATIONAL PRODUCER","No","2026-02-27","2027-02-26",,,"Exempt from Public Disclosure","Lane","Tier II","Indoor",
"020-9620","Dazana LLC","DAZANA LLC","RECREATIONAL PRODUCER","Yes","2026-02-23","2027-01-28","2026-02-23",,"Exempt from Public Disclosure","Clackamas","Tier II","Indoor",
"020-30368","Dexter and Ranch LLC","DEXTER AND RANCH LLC","RECREATIONAL PRODUCER","No","2026-07-29","2027-07-28",,,"Exempt from Public Disclosure","Jackson","Tier II","Outdoor",
"020-20576","MJ Stars LLC","MJ STARS LLC","RECREATIONAL PRODUCER","No","2025-11-03","2026-11-02",,"OR","Exempt from Public Disclosure","Clackamas","Tier II","Indoor",
"020-11039","Super K","SUPER K LLC","RECREATIONAL PRODUCER","No","2026-03-10","2027-03-09",,,"Exempt from Public Disclosure","Clackamas","Tier II","Indoor",
"020-9681","Sunshine Leaf","SUNSHINE LEAF LLC","RECREATIONAL PRODUCER","No","2026-01-30","2027-01-29",,,"Exempt from Public Disclosure","Clackamas","Tier II","Indoor",
"020-30487","GREEN FORTUNE LLC","GREEN FORTUNE LLC","RECREATIONAL PRODUCER","No","2026-07-31","2027-07-30",,,"Exempt from Public Disclosure","Multnomah","Tier II","Indoor",
"020-21051","Desert Stoned LLC","DESERT STONED LLC","RECREATIONAL PRODUCER","No","2026-08-12","2026-11-12",,,"Exempt from Public Disclosure","Jackson","Tier II","Outdoor",
"020-11063","JetLeaf","SOC VENTURES LLC","RECREATIONAL PRODUCER","No","2026-03-10","2027-03-09",,,"Exempt from Public Disclosure","Jackson","Tier II","Outdoor",
"030-1000621D09A","Sky High Farms","TIM AND TOBIN'S FARM COMPANY","RECREATIONAL PROCESSOR","No","2025-11-02","2026-11-01",,,"Exempt from Public Disclosure","Multnomah",,,"Concentrate Processor, Edible Processor, Extract Processor, Medical Marijuana Processor, Topical Processor"
"020-3457","Brophy Farms","BROPHY FARMS, LLC","RECREATIONAL PRODUCER","No","2026-05-21","2027-05-19",,,"Exempt from Public Disclosure","Jackson","Tier II","Outdoor",
"020-21140","Expo Systems","EXPO SYSTEMS LLC","RECREATIONAL PRODUCER","No","2025-11-17","2026-11-16",,,"Exempt from Public Disclosure","Lane","Tier II","Indoor",
"020-12871","Dr Whoa","DR WHOA LLC","RECREATIONAL PRODUCER","No","2026-04-24","2027-04-23",,,"Exempt from Public Disclosure","Linn","Tier II","Indoor",
"030-10006832B3B","Permaculture Solutions","PERMACULTURE SOLUTIONS LLC","RECREATIONAL PROCESSOR","Yes","2025-06-24","2025-07-09","2025-06-24",,"Exempt from Public Disclosure","Washington",,,"Concentrate Processor"
"030-10019138B73","OG Processing","OG PROCESSING, LLC || OG GARDENS, LLC || OG LEASING, LLC","RECREATIONAL PROCESSOR","No","2026-04-09","2027-04-08",,,"Exempt from Public Disclosure","Marion",,,"Concentrate Processor, Extract Processor, Industrial Hemp, Medical Marijuana Processor"
"020-3615","Owwl Farms","OWWL FARMS LLC","RECREATIONAL PRODUCER","No","2026-05-30","2027-05-29",,,"Exempt from Public Disclosure","Clackamas","Tier II","Indoor",
"020-22346","Golden Loop ","GOLDEN LOOP LLC","RECREATIONAL PRODUCER","No","2026-03-26","2027-01-04",,,"Exempt from Public Disclosure","Josephine","Tier II","Mixed",
"020-13120","Sunshine Valley","SUNSHINE VALLEY FARM LLC","RECREATIONAL PRODUCER","No","2026-04-29","2027-04-28",,,"Exempt from Public Disclosure","Jackson","Tier II","Outdoor",
"030-10029569003","Self Made Cannabis Company","SELF MADE FARMS, LLC","RECREATIONAL PROCESSOR","No","2025-10-04","2026-10-03",,,"Exempt from Public Disclosure","Multnomah",,,"Concentrate Processor, Edible Processor, Extract Processor, Industrial Hemp, Medical Marijuana Processor"
"020-3833","Green Pine Farms LLC","GREEN PINE FARMS LLC","RECREATIONAL PRODUCER","No","2026-07-10","2027-07-09",,,"Exempt from Public Disclosure","Jackson","Tier II","Indoor",
"020-9435","Zhifu Plantation","ZHIFU PLANTATION CORP","RECREATIONAL PRODUCER","No","2026-01-23","2027-01-22",,,"Exempt from Public Disclosure","Multnomah","Tier II","Indoor",
"020-13704","Rogue Farmer","ROGUE FARMER AT UPPER RIVER #1, LLC","RECREATIONAL PRODUCER","Yes","2026-05-04","2027-05-11","2026-05-04",,"Exempt from Public Disclosure","Josephine","Tier II","Outdoor",
"030-10029992F83","Golden Jasmine","GOLDEN JASMINE LLC","RECREATIONAL PROCESSOR","No","2026-05-27","2026-08-27",,,"Exempt from Public Disclosure","Deschutes",,,"Concentrate Processor, Extract Processor, Industrial Hemp, Topical Processor"
"020-3858","High Tops","HIGH TOPS INC","RECREATIONAL PRODUCER","No","2026-07-12","2027-07-11",,,"Exempt from Public Disclosure","Clatsop","Tier II","Mixed",
"020-9760","Rising Leaf Farms","NOVA RISING LLC","RECREATIONAL PRODUCER","No","2026-07-21","2027-02-02",,,"Exempt from Public Disclosure","Lane","Tier II","Outdoor",
"020-14988","Leaf Petals Cannabis LLC","LEAF PETALS CANNABIS LLC","RECREATIONAL PRODUCER","No","2026-06-09","2027-06-08",,,"Exempt from Public Disclosure","Jackson","Tier II","Outdoor",
"030-1003243FF26","TRULY PURE LLC","TRULY PURE LLC","RECREATIONAL PROCESSOR","No","2025-11-04","2026-11-03",,,"Exempt from Public Disclosure","Multnomah",,,"Processing for Cardholders, Concentrate Processor, Edible Processor, Extract Processor, Industrial Hemp, Medical Marijuana Processor"
"020-3894","Flying High 2","FLYING HIGH OREGON LLC","RECREATIONAL PRODUCER","No","2026-07-25","2027-07-24",,,"Exempt from Public Disclosure","Josephine","Tier II","Outdoor",
"030-1000062F99D","Pacific Coast Partners, LLC","PACIFIC COAST PARTNERS, LLC","RECREATIONAL PROCESSOR","No","2026-01-14","2026-09-03",,,"Exempt from Public Disclosure","Lane",,,"Concentrate Processor"
"020-15276","YONG LI LLC","YONG LI LLC","RECREATIONAL PRODUCER","No","2026-06-13","2027-06-12",,,"Exempt from Public Disclosure","Hood River","Tier II","Indoor",
"030-10035557A1D","Precision Alchemy","PRECISION ALCHEMY LLC","RECREATIONAL PROCESSOR","Yes","2025-07-18","2025-10-18","2025-07-18",,"Exempt from Public Disclosure","Clackamas",,,"Processing for Cardholders, Concentrate Processor, Edible Processor, Extract Processor, Industrial Hemp, Medical Marijuana Processor, Topical Processor"
"020-3901","T-Rex, LLC","T-REX, LLC","RECREATIONAL PRODUCER","No","2025-07-26","2026-07-25",,,"Exempt from Public Disclosure","Washington","Tier II","Outdoor",
"030-1000096CBB6","Willamette Valley Alchemy","WILLAMETTE VALLEY ALCHEMY LLC","RECREATIONAL PROCESSOR","Yes","2025-12-28","2026-09-28","2025-12-28",,"Exempt from Public Disclosure","Lane",,,"Concentrate Processor, Edible Processor, Extract Processor, Industrial Hemp, Medical Marijuana Processor, Topical Processor"
"020-15827","Almanac Ag","ATK LLC & JJCT LLC","RECREATIONAL PRODUCER","No","2026-06-26","2027-06-25",,,"Exempt from Public Disclosure","Jackson","Tier II","Mixed",
"030-10044826EA5","Capital Cannabis","CAPITAL CANNABIS LLC","RECREATIONAL PROCESSOR","No","2026-05-20","2027-05-19",,,"Exempt from Public Disclosure","Lane",,,"Concentrate Processor, Extract Processor, Industrial Hemp"
"020-3945","KRS AG LLC","KRS AG LLC","RECREATIONAL PRODUCER","No","2026-08-06","2027-08-05",,,"Exempt from Public Disclosure","Josephine","Tier I","Indoor",
"020-1012998D7FB","Terpmongers","TERPMONGERS, LLC","RECREATIONAL PRODUCER","No","2025-12-23","2026-12-22",,,"Exempt from Public Disclosure","Clackamas","Tier I","Indoor",
"020-18301","Summary, LLC","SUMMARY LLC","RECREATIONAL PRODUCER","No","2026-08-27","2027-08-26",,,"Exempt from Public Disclosure","Jackson","Tier II","Outdoor",
"020-18843","RP GROUP LLC","RP GROUP LLC","RECREATIONAL PRODUCER","No","2025-09-11","2026-09-10",,,"Exempt from Public Disclosure","Clackamas","Tier II","Indoor",
"020-31373","Selma Happy Farm LLC","SELMA HAPPY FARM LLC","RECREATIONAL PRODUCER","No","2026-08-26","2027-08-25",,,"Exempt from Public Disclosure","Jackson","Tier II","Indoor",
"020-101319592E7","E6","DUTCH HOUSE HOLDINGS, LLC","RECREATIONAL PRODUCER","Yes","2024-03-14","2025-03-13",,,"Exempt from Public Disclosure","Josephine","Tier II","Outdoor",
"020-22690","Kelly Purple Garden","KELLY PURPLE GARDEN LLC","RECREATIONAL PRODUCER","No","2026-06-25","2027-01-14",,,"Exempt from Public Disclosure","Lane","Tier II","Indoor",
"020-16397","Auric Crest","AURIC CREST INC","RECREATIONAL PRODUCER","Yes","2026-02-22","2026-07-09","2026-02-22",,"Exempt from Public Disclosure","Clackamas","Tier II","Indoor",
"020-18917","GOLD HILL ENTERPRISE LLC","GOLD HILL ENTERPRISE LLC","RECREATIONAL PRODUCER","No","2025-09-12","2026-09-11",,,"Exempt from Public Disclosure","Jackson","Tier II","Outdoor",
"020-1013390F940","Halo Labs; Hush; Hushcanna","ANM, INC.","RECREATIONAL PRODUCER","Yes","2024-10-03","2025-01-29","2024-10-09",,"Exempt from Public Disclosure","Jackson","Micro Tier I","Indoor",
"020-23131","Mars Production","MARS PRODUCTION LLC","RECREATIONAL PRODUCER","No","2026-01-28","2027-01-27",,,"Exempt from Public Disclosure","Lane","Tier I","Indoor",
"030-10023052C43","Solsgreen","P&E GREEN SOLUTIONS, LLC","RECREATIONAL PROCESSOR","Yes","2026-03-30","2027-01-17","2026-03-30",,"Exempt from Public Disclosure","Jackson",,,"Concentrate Processor, Industrial Hemp, Topical Processor"
"020-3634","Green Valley Harvest INC","EXCLUSIVE GARDEN LLC","RECREATIONAL PRODUCER","No","2026-08-04","2027-05-31",,,"Exempt from Public Disclosure","Josephine","Tier II","Outdoor",
"020-1014179E528","Eastwood","EASTWOOD LLC","RECREATIONAL PRODUCER","Yes","2026-01-14","2026-07-10","2026-01-14",,"Exempt from Public Disclosure","Multnomah","Micro Tier II","Indoor","Micro-Tier Processing Producer"
"020-23557","Casagrande OR LLC ","CASAGRANDE OR LLC","RECREATIONAL PRODUCER","No","2026-02-10","2027-02-09",,,"Exempt from Public Disclosure","Jackson","Tier II","Outdoor",
"030-1002348C969","Bobsled","BOBSLED FARMS LLC","RECREATIONAL PROCESSOR","No","2025-09-11","2026-09-10",,,"Exempt from Public Disclosure","Clackamas",,,"Concentrate Processor, Edible Processor, Extract Processor, Industrial Hemp, Topical Processor"
"020-3851","Sunrise Plantation","SUNRISE GARDEN LLC","RECREATIONAL PRODUCER","No","2026-07-11","2027-07-10",,,"Exempt from Public Disclosure","Yamhill","Tier II","Indoor",
"020-19115","SF-KID LLC","SF-KID LLC","RECREATIONAL PRODUCER","No","2025-09-18","2026-09-17",,,"Exempt from Public Disclosure","Washington","Tier II","Indoor",
"020-23836","Daloto LLC","DALOTO LLC","RECREATIONAL PRODUCER","No","2026-02-19","2027-02-18",,,"Exempt from Public Disclosure","Washington","Tier II","Outdoor",
"030-10023509C9D","Full Circle CO2","FULL CIRCLE EXTRACTION CO., LLC","RECREATIONAL PROCESSOR","Yes","2025-01-31","2026-01-30",,,"Exempt from Public Disclosure","Lane",,,"Concentrate Processor, Edible Processor, Extract Processor, Industrial Hemp, Topical Processor"
"020-3876","Casagrande","CASAGRANDE OR LLC","RECREATIONAL PRODUCER","Yes","2026-05-26","2026-07-17","2026-05-26",,"Exempt from Public Disclosure","Josephine","Tier II","Outdoor",
"020-19280","Douglas Brothers Farming Co.","DOUGLAS BROTHERS LLC","RECREATIONAL PRODUCER","No","2025-09-23","2026-09-22",,,"Exempt from Public Disclosure","Clackamas","Tier II","Indoor",
"020-23934","Sunlight Ridge, LLC","SUNLIGHT RIDGE, LLC","RECREATIONAL PRODUCER","No","2026-02-24","2027-02-23",,"017422166","Exempt from Public Disclosure","Clackamas","Tier I","Indoor",
"030-10027368EBE","THClear","RHEA GARDENS, LLC","RECREATIONAL PROCESSOR","Yes","2024-11-02","2025-11-01",,,"Exempt from Public Disclosure","Lane",,,"Concentrate Processor, Extract Processor, Medical Marijuana Processor"
"020-3878","Lyonheart Hillsboro I","LYONHEART HILLSBORO I LLC","RECREATIONAL PRODUCER","Yes","2025-07-22","2026-07-21",,,"Exempt from Public Disclosure","Washington","Tier II","Indoor",
"020-3907","Sticky Farms","STICKY FARMS LLC","RECREATIONAL PRODUCER","No","2026-07-29","2027-07-28",,,"Exempt from Public Disclosure","Josephine","Tier II","Outdoor",
"020-19943","RAINBOW BLOOMS LLC","RAINBOW BLOOMS LLC","RECREATIONAL PRODUCER","No","2025-10-14","2026-10-13",,,"Exempt from Public Disclosure","Clackamas","Tier II","Indoor",
"020-4024","The Ark Greens LLC","THE ARK GREENS LLC","RECREATIONAL PRODUCER","Yes","2026-08-12","2026-08-13","2026-08-12",,"Exempt from Public Disclosure","Josephine","Tier II","Outdoor",
"030-1003655FB00","Nova Paths","NOVA PATHS, LLC","RECREATIONAL PROCESSOR","Yes","2024-10-17","2025-02-14","2024-10-17",,"Exempt from Public Disclosure","Multnomah",,,"Concentrate Processor, Edible Processor, Industrial Hemp, Medical Marijuana Processor, Topical Processor"
"020-4244","Bitter Boy Farms","BITTER BOY FARMS, LLC","RECREATIONAL PRODUCER","No","2026-08-22","2027-08-21",,,"Exempt from Public Disclosure","Josephine","Tier II","Outdoor",
"020-20469","MT Global Holdings LLC","MT GLOBAL HOLDINGS LLC","RECREATIONAL PRODUCER","No","2025-10-29","2026-10-28",,,"Exempt from Public Disclosure","Linn","Tier II","Mixed",
"020-4106","Heavens Tree LLC","HEAVENS TREE LLC","RECREATIONAL PRODUCER","No","2026-08-16","2027-08-15",,,"Exempt from Public Disclosure","Josephine","Tier II","Outdoor",
"030-100498564E5","Herban Tribe","MPSC INDUSTRIES, LLC","RECREATIONAL PROCESSOR","Yes","2024-02-27","2025-02-26",,,"Exempt from Public Disclosure","Lane",,,"Concentrate Processor, Edible Processor, Extract Processor, Industrial Hemp, Medical Marijuana Processor"
"020-5963","Dodge Farm LLC","DODGE FARM LLC","RECREATIONAL PRODUCER","No","2026-10-04","2027-10-03",,,"Exempt from Public Disclosure","Jackson","Tier II","Outdoor",
"030-10047196AA8","Hapy Kitchen/Umbrella Extracts","MCCM SCIENTIFIC LLC","RECREATIONAL PROCESSOR","No","2025-09-08","2026-09-07",,,"Exempt from Public Disclosure","Multnomah",,,"Concentrate Processor, Edible Processor, Industrial Hemp, Medical Marijuana Processor, Topical Processor"
"020-5226","Not Even Worth Knowing","NOT EVEN WORTH KNOWING LLC","RECREATIONAL PRODUCER","No","2026-09-17","2027-09-16",,,"Exempt from Public Disclosure","Clatsop","Tier I","Indoor",
"030-10058674ACA","M Thrive Organics LLC","M THRIVE ORGANICS LLC","RECREATIONAL PROCESSOR","No","2026-04-09","2027-04-08",,,"Exempt from Public Disclosure","Wasco",,,"Concentrate Processor, Industrial Hemp, Topical Processor"
"020-6254","Boom Boom Farms LLC","BOOM BOOM FARMS, LLC","RECREATIONAL PRODUCER","No","2026-08-10","2026-10-13",,,"Exempt from Public Disclosure","Jackson","Tier II","Outdoor",
"030-10047671F96","Pinnacle Processing","PINNACLE PROCESSING, LLC","RECREATIONAL PROCESSOR","Yes","2024-10-28","2025-08-09","2024-10-28",,"Exempt from Public Disclosure","Clackamas",,,"Concentrate Processor, Industrial Hemp"
"020-5672","Pleasant Harvest ","PLEASANT HARVEST INC","RECREATIONAL PRODUCER","No","2026-09-27","2027-09-26",,,"Exempt from Public Disclosure","Lane","Tier II","Indoor",
"030-1005949CBB3","Queen B Labs / Flat Earth Farms / Flat Earth Extracts / Cosmic Alchemy","QUEEN B LABS LLC","RECREATIONAL PROCESSOR","No","2026-08-10","2026-07-06",,,"Exempt from Public Disclosure","Multnomah",,,"Concentrate Processor, Industrial Hemp"
"020-6459","Highland Exotics Reserve","YAMHILL NATURALS LLC","RECREATIONAL PRODUCER","No","2026-07-21","2026-10-20",,,"Exempt from Public Disclosure","Clackamas","Micro Tier I","Indoor",
"030-10051970949","OM Extracts","OM EXTRACTS, LLC","RECREATIONAL PROCESSOR","No","2025-12-05","2026-12-04",,,"Exempt from Public Disclosure","Jackson",,,"Concentrate Processor, Edible Processor, Extract Processor, Industrial Hemp, Medical Marijuana Processor, Topical Processor"
"020-5915","DALTON & WADE","DALTON & WADE LLC","RECREATIONAL PRODUCER","No","2025-10-03","2026-10-02",,,"Exempt from Public Disclosure","Jackson","Tier II","Outdoor",
"030-10096360FEB","FSF","FOUR SEASON FARM, LLC","RECREATIONAL PROCESSOR","Yes","2025-06-13","2025-10-02","2025-06-13",,"Exempt from Public Disclosure","Hood River",,,"Concentrate Processor, Edible Processor, Medical Marijuana Processor"
"020-6658","Moon Phase Cannabis","PIONEER ASSOCIATES INC","RECREATIONAL PRODUCER","No","2025-10-25","2026-10-24",,,"Exempt from Public Disclosure","Multnomah","Tier II","Indoor",
"030-1005812B965","Nectar Markets","NECTAR MARKETS, LLC","RECREATIONAL PROCESSOR","No","2026-03-13","2026-10-10",,,"Exempt from Public Disclosure","Josephine",,,"Concentrate Processor, Industrial Hemp, Topical Processor"
"030-1006488724F","C&R Products, LLC","C&R PRODUCTS LLC","RECREATIONAL PROCESSOR","No","2025-11-06","2026-11-05",,,"Exempt from Public Disclosure","Polk",,,"Concentrate Processor, Edible Processor, Industrial Hemp"
"020-7412","Indoor Sunrise LLC","INDOOR SUNRISE LLC","RECREATIONAL PRODUCER","No","2025-11-14","2026-11-13",,,"Exempt from Public Disclosure","Polk","Tier II","Indoor",
"030-10104642330","Vertical Extent, Inc.","VERTICAL EXTENT, INC.","RECREATIONAL PROCESSOR","Yes","2023-11-02","2024-11-01",,,"Exempt from Public Disclosure","Clackamas",,,"Concentrate Processor, Edible Processor, Extract Processor, Medical Marijuana Processor"
"020-7127","Lotus Exotics, LLC","LOTUS EXOTICS, LLC","RECREATIONAL PRODUCER","Yes","2026-08-24","2026-11-06","2026-08-24",,"Exempt from Public Disclosure","Josephine","Tier II","Outdoor",
"020-10145244CCD","BG Family Farms, LLC","BG FAMILY FARMS","RECREATIONAL PRODUCER","No","2026-06-15","2027-06-14",,,"Exempt from Public Disclosure","Josephine","Tier II","Mixed",
"020-7869","The Big Green Trees LLC","THE BIG GREEN TREES LLC","RECREATIONAL PRODUCER","Yes","2026-07-03","2026-11-26","2026-07-03",,"Exempt from Public Disclosure","Jackson","Tier II","Outdoor","Propagation Producer"
"030-10111055538","Cannapy","CANNAPY LLC","RECREATIONAL PROCESSOR","Yes","2026-03-02","2026-06-03","2026-03-02",,"Exempt from Public Disclosure","Washington",,,"Concentrate Processor, Edible Processor, Industrial Hemp, Medical Marijuana Processor, Topical Processor"
"020-7434","Diamond Garden","SENGDARA ATHITAN","RECREATIONAL PRODUCER","No","2025-11-14","2026-11-13",,,"Exempt from Public Disclosure","Josephine","Tier II","Outdoor",
"030-10065691FC8","Hash House","M2BGLOBAL, INC","RECREATIONAL PROCESSOR","No","2026-08-30","2027-08-29",,,"Exempt from Public Disclosure","Josephine",,,"Concentrate Processor, Edible Processor, Industrial Hemp, Medical Marijuana Processor"
"020-9599","Mint Farms","MINT FARMS, LLC","RECREATIONAL PRODUCER","Yes","2026-03-18","2027-01-27","2026-03-18",,"Exempt from Public Disclosure","Clackamas","Tier I","Mixed",
"030-10118410E2B","OBSESHN","SECRET GARDEN FARMS LLC","RECREATIONAL PROCESSOR","No","2026-03-09","2027-03-08",,,"Exempt from Public Disclosure","Lane",,,"Concentrate Processor"
"020-7702","DA FENG LLC","DA FENG LLC","RECREATIONAL PRODUCER","No","2026-01-26","2026-11-20",,,"Exempt from Public Disclosure","Clackamas","Tier II","Indoor",
"030-1006678EA49","High Horse ","HPN LLC","RECREATIONAL PROCESSOR","Yes","2024-12-04","2024-08-29","2024-12-04",,"Exempt from Public Disclosure","Clackamas",,,"Concentrate Processor"
"020-9736","Stoneley LLC","STONELEY LLC","RECREATIONAL PRODUCER","No","2026-07-15","2027-01-31",,,"Exempt from Public Disclosure","Clackamas","Tier I","Indoor",
"030-10119161D04","Platinum Brotherz","SOUTHEASTERN HEADQUARTERS LLC","RECREATIONAL PROCESSOR","No","2026-01-08","2027-01-07",,,"Exempt from Public Disclosure","Clackamas",,,"Concentrate Processor, Medical Marijuana Processor"
"020-8303","Oregon Wolfgangs, LLC","OREGON WOLFGANGS, LLC","RECREATIONAL PRODUCER","No","2025-12-07","2026-12-06",,,"Exempt from Public Disclosure","Jackson","Tier II","Outdoor",
"030-10068153B20","Rogue Gold","ROGUE GOLD INC.","RECREATIONAL PROCESSOR","No","2025-11-15","2026-11-14",,,"Exempt from Public Disclosure","Jackson",,,"Concentrate Processor, Extract Processor, Industrial Hemp, Topical Processor"
"030-10008132E83","Nug Run Farms, LLC","NUG RUN FARMS, LLC","RECREATIONAL PROCESSOR","Yes","2026-03-05","2026-10-19","2026-03-05",,"Exempt from Public Disclosure","Malheur",,,"Concentrate Processor, Extract Processor, Industrial Hemp, Medical Marijuana Processor"
"030-1012182967E","Alta Gardens 2","ROSE SOL HOLDINGS LLC","RECREATIONAL PROCESSOR","No","2025-11-09","2026-11-08",,,"Exempt from Public Disclosure","Jackson",,,"Concentrate Processor, Industrial Hemp, Medical Marijuana Processor"
"020-8424","FORW LLC","FORW LLC","RECREATIONAL PRODUCER","No","2025-12-11","2026-12-10",,,"Exempt from Public Disclosure","Clackamas","Tier II","Indoor",
"030-1007608C8F5","Green Box MFG LLC","GREEN BOX MFG LLC","RECREATIONAL PROCESSOR","No","2026-04-21","2027-04-20",,,"Exempt from Public Disclosure","Benton",,,"Concentrate Processor, Edible Processor, Industrial Hemp, Topical Processor"
"030-1007863A31B","Astronomical Extracts ","ASTRONOMICAL EXTRACTS LLC","RECREATIONAL PROCESSOR","No","2025-05-29","2026-05-28",,,"Exempt from Public Disclosure","Multnomah",,,"Extract Processor"
"030-10008708598","Naked Extracts, LLC","NAKED EXTRACTS, LLC","RECREATIONAL PROCESSOR","Yes","2025-01-09","2024-07-23","2025-01-09",,"Exempt from Public Disclosure","Yamhill",,,"Concentrate Processor, Extract Processor, Industrial Hemp"
"030-10122589FCC","Botanical Extracts","BOTANICAL EXTRACTS INC.","RECREATIONAL PROCESSOR","Yes","2026-03-03","2026-12-29","2026-03-03",,"Exempt from Public Disclosure","Tillamook",,,"Concentrate Processor, Edible Processor, Industrial Hemp, Medical Marijuana Processor, Topical Processor"
"020-8454","Tablerock","TABLEROCK IMPORT LLC","RECREATIONAL PRODUCER","Yes","2026-06-23","2026-12-11","2026-06-23",,"Exempt from Public Disclosure","Jackson","Tier II","Outdoor",
"030-10082073D97","PDXDABS","DB0, LLC","RECREATIONAL PROCESSOR","Yes","2024-09-03","2025-05-15","2024-09-03",,"Exempt from Public Disclosure","Washington",,,
"030-10016913EED","Resin Ranchers, Inc.","RESIN RANCHERS, INC.","RECREATIONAL PROCESSOR","No","2026-02-18","2027-02-01",,,"Exempt from Public Disclosure","Multnomah",,,"Concentrate Processor"
"030-101270931CD","The EXchange","FOUR ELEMENTS LLC","RECREATIONAL PROCESSOR","No","2026-01-12","2027-01-11",,,"Exempt from Public Disclosure","Washington",,,"Concentrate Processor, Edible Processor, Industrial Hemp, Topical Processor"
"020-8679","Tings Purple Gardens ","TINGS PURPLE GARDENS LLC ","RECREATIONAL PRODUCER","No","2025-12-24","2026-12-23",,,"Exempt from Public Disclosure","Lane","Tier II","Indoor",
"030-100876724A9","Foggy Mountain Refinery","POLE ENTERPRISES LLC","RECREATIONAL PROCESSOR","No","2026-08-20","2027-03-29",,,"Exempt from Public Disclosure","Washington",,,"Concentrate Processor, Edible Processor, Industrial Hemp, Medical Marijuana Processor, Topical Processor"
"030-10018696219","Green State of Mind, Inc.","GREEN STATE OF MIND, INC.","RECREATIONAL PROCESSOR","No","2026-02-07","2027-02-06",,,"Exempt from Public Disclosure","Washington",,,"Concentrate Processor, Edible Processor, Industrial Hemp, Medical Marijuana Processor"
"030-10133316707","Higher Cultures","PPS INDUSTRIES LLC","RECREATIONAL PROCESSOR","No","2026-08-24","2026-10-29",,,"Exempt from Public Disclosure","Josephine",,,"Processing for Cardholders, Concentrate Processor, Edible Processor, Extract Processor, Industrial Hemp, Medical Marijuana Processor, Topical Processor"
"020-8939","Blooming Emeralds","BLOOMING EMERALDS LLC","RECREATIONAL PRODUCER","No","2026-01-08","2027-01-07",,,"Exempt from Public Disclosure","Clackamas","Tier II","Indoor",
"030-1009653F0A5","Farmcanna Inc","FARMCANNA INC","RECREATIONAL PROCESSOR","Yes","2024-12-11","2025-12-10",,,"Exempt from Public Disclosure","Clackamas",,,"Concentrate Processor"
"030-1003109E26A","Wyld","NORTHWEST CONFECTIONS, LLC","RECREATIONAL PROCESSOR","No","2025-12-16","2026-12-15",,,"Exempt from Public Disclosure","Clackamas",,,"Edible Processor, Industrial Hemp, Topical Processor"
"030-10168375400","Tasty's","FORTY TO FIVE LLC","RECREATIONAL PROCESSOR","No","2026-05-27","2027-05-26",,,"Exempt from Public Disclosure","Clackamas",,,"Concentrate Processor, Edible Processor, Industrial Hemp"
"020-8972","Evergreen High Rise","EVERGREEN HIGH RISE LLC","RECREATIONAL PRODUCER","No","2026-01-08","2027-01-07",,,"Exempt from Public Disclosure","Washington","Tier I","Indoor",
"030-10109791BAC","Imperial Solventless","IMPERIAL TRADING LLC","RECREATIONAL PROCESSOR","No","2026-03-25","2027-03-24",,,"Exempt from Public Disclosure","Lane",,,"Concentrate Processor, Medical Marijuana Processor"
"030-100427194F1","Original Extracts","PROCESS DEVELOPMENT LABS LLC","RECREATIONAL PROCESSOR","Yes","2026-01-09","2025-03-19","2025-03-19",,"Exempt from Public Disclosure","Washington",,,"Extract Processor, Medical Marijuana Processor"
"030-1019059ED48","Smoky Flower","SMOKY FLOWER, LLC","RECREATIONAL PROCESSOR","No","2026-05-27","2027-05-26",,,"Exempt from Public Disclosure","Clackamas",,,"Processing for Cardholders, Concentrate Processor, Edible Processor, Industrial Hemp, Medical Marijuana Processor, Topical Processor"
"020-9238","Farms Valley 369 LLC","FARMS VALLEY 369 LLC ","RECREATIONAL PRODUCER","No","2026-01-16","2027-01-15",,,"Exempt from Public Disclosure","Josephine","Tier II","Outdoor",
"020-10146517BD5","TJ's Gardens (PDX)","OPCO PRODUCTION 2 LLC","RECREATIONAL PRODUCER","Yes","2024-09-03","2024-09-03","2024-09-05",,"Exempt from Public Disclosure","Clackamas","Tier II","Indoor",
"020-20730","TF GARDENS 2 LLC","TF GARDENS 2 LLC","RECREATIONAL PRODUCER","No","2026-05-15","2026-11-05",,,"Exempt from Public Disclosure","Clackamas","Tier II","Indoor",
"020-24164","Purple Sparky","PURPLE SPARKY LLC","RECREATIONAL PRODUCER","No","2026-03-03","2027-03-02",,,"Exempt from Public Disclosure","Lane","Tier I","Indoor",
"020-17911","PDX Prime One","PDX PRIME ONE LLC","RECREATIONAL PRODUCER","No","2026-08-18","2027-08-17",,,"Exempt from Public Disclosure","Multnomah","Tier II","Indoor",
"020-10150560109","Money Tree Farm LLC","MONEY TREE FARM LLC","RECREATIONAL PRODUCER","No","2026-07-26","2027-07-25",,,"Exempt from Public Disclosure","Jackson","Tier II","Outdoor",
"020-21118","12801 williams hwy","DEKUBETEDE LLC","RECREATIONAL PRODUCER","No","2026-05-12","2026-11-13",,,"Exempt from Public Disclosure","Josephine","Tier II","Outdoor",
"020-25636","1675 White SchoolHouse Rd ","SKYWALKER CANNABIS LLC","RECREATIONAL PRODUCER","No","2026-04-14","2027-04-13",,,"Exempt from Public Disclosure","Josephine","Tier II","Outdoor",
"020-18878","South Stage Cultivation LLC","SOUTH STAGE CULTIVATION LLC","RECREATIONAL PRODUCER","No","2025-09-11","2026-09-10",,,"Exempt from Public Disclosure","Jackson","Tier II","Mixed",
"020-9705","Yoangrowco","YOANGROWCO LLC","RECREATIONAL PRODUCER","No","2026-05-07","2027-01-30",,"OR","Exempt from Public Disclosure","Josephine","Tier II","Outdoor",
"030-1004704317D","High Desert Pure","HIGH DESERT PURE, LLC.","RECREATIONAL PROCESSOR","No","2025-12-27","2026-12-26",,,"Exempt from Public Disclosure","Deschutes",,,"Edible Processor, Extract Processor, Industrial Hemp, Topical Processor"
"030-1019179D564","Buzzy BX","BUZZY B X LLC","RECREATIONAL PROCESSOR","Yes","2025-06-29","2026-06-28",,,"Exempt from Public Disclosure","Multnomah",,,"Concentrate Processor, Industrial Hemp, Topical Processor"
"020-10151438722","Rogue's Finest","ROGUE PIONEERS, LLC","RECREATIONAL PRODUCER","Yes","2025-06-10","2025-09-20","2025-06-10",,"Exempt from Public Disclosure","Jackson","Tier II","Outdoor",
"030-1004829363D","Delta 9 Confections","GOURMET CONFECTIONS LLC","RECREATIONAL PROCESSOR","Yes","2026-01-22","2026-05-08","2026-01-22",,"Exempt from Public Disclosure","Deschutes",,,"Concentrate Processor, Edible Processor, Medical Marijuana Processor, Topical Processor"
"020-21901","Desert Stoned LLC,","DESERT STONED LLC","RECREATIONAL PRODUCER","No","2025-12-10","2026-12-09",,,"Exempt from Public Disclosure","Josephine","Tier II","Outdoor",
"030-10192422B8E","Pacific Northwest Provisions","PACIFIC NORTHWEST PROVISIONS LLC","RECREATIONAL PROCESSOR","No","2026-05-16","2027-05-15",,,"Exempt from Public Disclosure","Marion",,,"Concentrate Processor, Edible Processor"
"020-18959","Best Magnificent Inc","BEST MAGNIFICENT INC","RECREATIONAL PRODUCER","No","2026-09-15","2027-09-14",,,"Exempt from Public Disclosure","Clackamas","Tier II","Indoor",
"030-10060134ABC","Mana Extracts","MANA HOLDINGS LLC","RECREATIONAL PROCESSOR","No","2026-02-28","2027-02-27",,,"Exempt from Public Disclosure","Multnomah",,,"Extract Processor"
"020-21950","NEW INNOVATION INC","NEW INNOVATION INC","RECREATIONAL PRODUCER","No","2025-12-11","2026-12-10",,,"Exempt from Public Disclosure","Washington","Tier II","Indoor",
"030-1021659579C","Just Say Thx","JWB-LICENSE LLC","RECREATIONAL PROCESSOR","Yes","2024-08-14","2024-08-14","2024-08-15",,"Exempt from Public Disclosure","Multnomah",,,
"020-19205","Loma Heights LLC","LOMA HEIGHTS LLC","RECREATIONAL PRODUCER","No","2026-04-27","2026-09-19",,,"Exempt from Public Disclosure","Jackson","Tier II","Mixed",
"030-1006263C296","Beatnick's Finest","BEATNICK'S FINEST, LLC","RECREATIONAL PROCESSOR","No","2026-09-01","2027-08-31",,,"Exempt from Public Disclosure","Benton",,,"Processing for Cardholders, Concentrate Processor, Edible Processor, Industrial Hemp, Medical Marijuana Processor, Topical Processor"
"030-1006515ABD7","Buddies Processing","COOK INVESTMENTS NORTHWEST OREGON, LLC","RECREATIONAL PROCESSOR","No","2026-08-27","2027-06-26",,,"Exempt from Public Disclosure","Jackson",,,"Edible Processor, Industrial Hemp, Medical Marijuana Processor"
"020-22303","Bad Rabbit Farms","POWDER RIVER INDUSTRIES LLC","RECREATIONAL PRODUCER","No","2026-06-29","2026-12-30",,,"Exempt from Public Disclosure","Baker","Micro Tier I","Indoor",
"030-1022242828D","Lighthouse Industries Inc.","LIGHTHOUSE INDUSTRIES INC","RECREATIONAL PROCESSOR","No","2025-11-07","2026-11-06",,,"Exempt from Public Disclosure","Multnomah",,,"Concentrate Processor, Edible Processor, Extract Processor, Industrial Hemp, Medical Marijuana Processor, Topical Processor"
"020-19410","AX Farm","AX FARM LLC","RECREATIONAL PRODUCER","No","2026-07-22","2026-09-24",,,"Exempt from Public Disclosure","Yamhill","Tier I","Indoor",
"030-1007021E099","Summit Cannabis","SUMMIT CANNABIS LLC","RECREATIONAL PROCESSOR","No","2025-09-28","2026-09-27",,,"Exempt from Public Disclosure","Jackson",,,"Concentrate Processor, Edible Processor"
"020-22546","Walnut Industrial Park ","CSL RESEARCH, LLC","RECREATIONAL PRODUCER","No","2026-01-16","2027-01-10",,,"Exempt from Public Disclosure","Washington","Micro Tier II","Indoor",
"030-10222561551","Chubby Cat Cannabis","HILLSBORO CULTIVATION LLC","RECREATIONAL PROCESSOR","Yes","2026-08-17","2026-11-17","2026-08-17",,"Exempt from Public Disclosure","Washington",,,"Concentrate Processor, Edible Processor, Industrial Hemp, Medical Marijuana Processor, Topical Processor"
"020-20736","Bonsai","BONSAI OPERATIONS LLC","RECREATIONAL PRODUCER","No","2025-11-06","2026-11-05",,,"Exempt from Public Disclosure","Lane","Tier II","Indoor",
"030-1007127DC50","Elitextrx, LLC","ELITEXTRX, LLC","RECREATIONAL PROCESSOR","No","2026-01-05","2027-01-04",,,"Exempt from Public Disclosure","Multnomah",,,"Concentrate Processor, Edible Processor, Extract Processor, Industrial Hemp, Medical Marijuana Processor, Topical Processor"
"020-23097","Life's A Garden LLC","LIFE'S A GARDEN LLC","RECREATIONAL PRODUCER","No","2026-01-28","2027-01-27",,,"Exempt from Public Disclosure","Josephine","Tier II","Outdoor",
"030-1022814BDC6","East Fork Cultivars","EAST FORK AGRICULTURE, LLC","RECREATIONAL PROCESSOR","No","2025-12-14","2026-12-13",,,"Exempt from Public Disclosure","Multnomah",,,"Processing for Cardholders, Concentrate Processor, Edible Processor, Extract Processor, Industrial Hemp, Medical Marijuana Processor, Topical Processor"
"020-21379","Eternal LLC","ETERNAL LLC","RECREATIONAL PRODUCER","Yes","2026-08-11","2026-11-19","2026-08-11",,"Exempt from Public Disclosure","Lane","Tier II","Indoor",
"030-100722839D8","SugarTop Buddery","STB ENTERPRISES LLC","RECREATIONAL PROCESSOR","No","2025-12-22","2026-12-21",,,"Exempt from Public Disclosure","Lane",,,"Concentrate Processor, Edible Processor, Industrial Hemp, Medical Marijuana Processor, Topical Processor"
"020-23659","Solterra Ventures","SOLTERRA VENTURES LLC","RECREATIONAL PRODUCER","No","2026-04-02","2027-02-11",,,"Exempt from Public Disclosure","Columbia","Tier II","Indoor",
"030-102285649DB","Dark Horse Distribution","OREGON AG AND DISTRIBUTION, LLC","RECREATIONAL PROCESSOR","No","2025-12-06","2026-12-05",,,"Exempt from Public Disclosure","Baker",,,"Concentrate Processor, Edible Processor, Industrial Hemp, Medical Marijuana Processor"
"020-21474","Lantern Farms Inc","LANTERN FARMS INC","RECREATIONAL PRODUCER","No","2025-11-24","2026-11-23",,"01859512-9","Exempt from Public Disclosure","Multnomah","Tier I","Indoor","Propagation Producer"
"030-1007405A532","14941 SW 72ND AVE TIGARD OR 97224","MCTSA MANAGEMENT CORP","RECREATIONAL PROCESSOR","Yes","2026-08-12","2027-04-14","2026-08-12",,"Exempt from Public Disclosure","Washington",,,"Concentrate Processor, Edible Processor, Industrial Hemp, Medical Marijuana Processor, Topical Processor"
"020-24045","South Orchard Agriculture","SOUTH ORCHARD AGRICULTURE LLC","RECREATIONAL PRODUCER","No","2026-02-26","2027-02-25",,,"Exempt from Public Disclosure","Clackamas","Tier II","Indoor",
"030-1024227692C","Fuego Farmz Rosin","FUEGO FARMZ LLC","RECREATIONAL PROCESSOR","No","2026-06-28","2027-06-27",,,"Exempt from Public Disclosure","Multnomah",,,"Concentrate Processor"
"020-21580","Treasure Valley Cannabis","TREASURE VALLEY CANNABIS COMPANY, LLC","RECREATIONAL PRODUCER","No","2026-07-09","2026-11-30",,,"Exempt from Public Disclosure","Jackson","Tier II","Outdoor",
"030-100822394E7","DogHouse","PTR INVESTMENTS, INC.","RECREATIONAL PROCESSOR","Yes","2026-01-15","2025-02-24","2026-01-15",,"Exempt from Public Disclosure","Marion",,,"Concentrate Processor"
"030-100848592B2","Rebel Roots Farms","REBEL ROOTS FARMS INC","RECREATIONAL PROCESSOR","No","2026-05-12","2027-02-11",,,"Exempt from Public Disclosure","Jackson",,,"Processing for Cardholders, Concentrate Processor, Edible Processor, Industrial Hemp, Medical Marijuana Processor, Topical Processor"
"020-24095","Rogue Cuts LLC","ROGUE CUTS LLC","RECREATIONAL PRODUCER","No","2026-03-02","2027-03-01",,,"Exempt from Public Disclosure","Jackson","Tier II","Outdoor",
"030-10246694C18","Airlume Labs","SJJD CONSULTING LLC","RECREATIONAL PROCESSOR","No","2026-05-18","2026-09-05",,,"Exempt from Public Disclosure","Multnomah",,,"Extract Processor, Medical Marijuana Processor"
"020-21614","Flyte Co","FLYTE CO LLC","RECREATIONAL PRODUCER","No","2025-12-01","2026-11-30",,,"Exempt from Public Disclosure","Deschutes","Tier I","Indoor",
"030-1009184ED6C","Diamond Elite, LLC","DIAMOND ELITE LLC","RECREATIONAL PROCESSOR","Yes","2026-02-05","2026-04-23","2026-02-05",,"Exempt from Public Disclosure","Jackson",,,"Concentrate Processor, Edible Processor, Industrial Hemp"
"020-24636","Monya Ventures LLC ","MONYA VENTURES LLC","RECREATIONAL PRODUCER","No","2026-03-18","2027-03-17",,,"Exempt from Public Disclosure","Lane","Micro Tier I","Indoor",
"030-102500199AE","SDK Snacks","WEST COAST WERKS LLC","RECREATIONAL PROCESSOR","No","2025-11-02","2026-11-01",,,"Exempt from Public Disclosure","Multnomah",,,"Concentrate Processor, Edible Processor, Industrial Hemp, Topical Processor"
"020-22216","TBL","TBL-1 LLC","RECREATIONAL PRODUCER","No","2025-12-27","2026-12-26",,,"Exempt from Public Disclosure","Jackson","Tier II","Indoor",
"030-101011642B6","Highland Provisions","KUSH ORIGINALS LLC","RECREATIONAL PROCESSOR","Yes","2024-06-21","2024-11-18","2024-06-24",,"Exempt from Public Disclosure","Jackson",,,"Concentrate Processor, Edible Processor, Industrial Hemp, Topical Processor"
"030-10111092CE0","Darkstar Extractions","MCLANAHAN INVESTMENTS LLC","RECREATIONAL PROCESSOR","Yes","2025-05-24","2026-05-23",,,"Exempt from Public Disclosure","Jackson",,,"Concentrate Processor, Edible Processor, Topical Processor"
"030-1025386F313","Moontower Pines","MOONTOWER PINES LLC","RECREATIONAL PROCESSOR","No","2026-02-16","2027-02-15",,,"Exempt from Public Disclosure","Clackamas",,,"Concentrate Processor, Edible Processor, Extract Processor, Topical Processor"
"020-22733","Golden Prosperity Hydro LLC","GOLDEN PROSPERITY HYDRO LLC","RECREATIONAL PRODUCER","No","2026-01-16","2027-01-15",,,"Exempt from Public Disclosure","Multnomah","Tier II","Indoor",
"030-1012390B547","Nature's Path","NATURE'S PATH LLC","RECREATIONAL PROCESSOR","Yes","2024-03-27","2024-10-20","2024-10-20",,"Exempt from Public Disclosure","Benton",,,
"030-1011152C4C3","Frontier Farms - Processing","FRONTIER FARMS LLC","RECREATIONAL PROCESSOR","No","2025-12-16","2026-12-15",,,"Exempt from Public Disclosure","Hood River",,,"Concentrate Processor, Edible Processor, Industrial Hemp, Medical Marijuana Processor, Topical Processor"
"030-11061","JetLeaf","SOC VENTURES LLC","RECREATIONAL PROCESSOR","No","2026-03-10","2027-03-09",,,"Exempt from Public Disclosure","Jackson",,,"Concentrate Processor"
"020-24169","Emerald Fields","EMERALD FIELDS, INC.","RECREATIONAL PRODUCER","No","2026-03-03","2027-03-02",,,"Exempt from Public Disclosure","Jackson","Tier II","Outdoor",
"030-100216401B3","Oregrown","PACIFIC ENTERPRISE HOLDINGS LLC","RECREATIONAL PROCESSOR","No","2026-07-15","2027-01-13",,,"Exempt from Public Disclosure","Deschutes",,,"Concentrate Processor, Edible Processor, Extract Processor, Industrial Hemp, Topical Processor"
"020-25646","Thur's Grow","THUR'S SMOKE SHOP LLC","RECREATIONAL PRODUCER","No","2026-04-14","2027-04-13",,,"Exempt from Public Disclosure","Jackson","Tier II","Outdoor","Propagation Producer"
"020-26620","Arnold Ln LOT 2","ROGUE FARMER AT QUARTZ CREEK LLC","RECREATIONAL PRODUCER","No","2026-05-04","2027-05-03",,,"Exempt from Public Disclosure","Jackson","Tier II","Outdoor",
"020-26739","PRM8 COLLECTIVE","PRM8 COLLECTIVE LLC","RECREATIONAL PRODUCER","No","2026-05-05","2027-05-04",,,"Exempt from Public Disclosure","Clackamas","Tier II","Indoor",
"020-10152276B17","DATFYE","GREEN BEND FARMS LLC.","RECREATIONAL PRODUCER","Yes","2026-01-02","2026-11-01","2026-01-02",,"Exempt from Public Disclosure","Deschutes","Tier I","Indoor",
"030-10025752074","Apis Hyve LLC","APIS HYVE LLC","RECREATIONAL PROCESSOR","No","2025-10-05","2026-10-04",,,"Exempt from Public Disclosure","Lane",,,"Concentrate Processor, Edible Processor, Extract Processor, Industrial Hemp, Topical Processor"
"030-10140777568","The CO2 Company, LLC","THE CO2 COMPANY LLC","RECREATIONAL PROCESSOR","Yes","2024-12-20","2025-04-21","2024-12-20",,"Exempt from Public Disclosure","Jackson",,,"Concentrate Processor"
"030-10111695457","Project 13 Corporation","PROJECT 13 CORPORATION","RECREATIONAL PROCESSOR","No","2025-09-06","2026-09-05",,,"Exempt from Public Disclosure","Clackamas",,,"Processing for Cardholders, Concentrate Processor, Edible Processor, Industrial Hemp, Medical Marijuana Processor, Topical Processor"
"030-11386","Humble1","HUMBLE1 LLC","RECREATIONAL PROCESSOR","Yes","2026-03-05","2026-03-18",,,"Exempt from Public Disclosure","Jackson",,,"Concentrate Processor"
"030-1003030B124","Happy Cabbage Farms","FIRSTEMERALD, LLC","RECREATIONAL PROCESSOR","No","2026-05-30","2027-05-29",,,"Exempt from Public Disclosure","Benton",,,"Concentrate Processor, Edible Processor, Industrial Hemp, Topical Processor"
"020-27250","Supreme Gardens 2","SUPREME GARDENS 2 LLC","RECREATIONAL PRODUCER","No","2026-05-16","2027-05-15",,,"Exempt from Public Disclosure","Marion","Tier II","Indoor",
"020-1015537B4C3","Earl Baker","MEADOWS PRODUCTIONS LLC","RECREATIONAL PRODUCER","No","2026-02-10","2027-02-09",,,"Exempt from Public Disclosure","Marion","Tier I","Indoor","Propagation Producer"
"030-10145036C0D","Grass Roots Nursery","GRASS ROOTS NURSERY LLC","RECREATIONAL PROCESSOR","No","2026-02-02","2027-02-01",,,"Exempt from Public Disclosure","Jackson",,,"Concentrate Processor, Extract Processor"
"030-10036347E71","Green Cross Specialties","GXO, INCORPORATED","RECREATIONAL PROCESSOR","Yes","2024-09-03","2024-08-09","2024-09-04",,"Exempt from Public Disclosure","Jackson",,,
"020-27587","Three Pines","ROGUE FARMER AT QUARTZ CREEK LLC","RECREATIONAL PRODUCER","No","2026-08-24","2027-05-24",,,"Exempt from Public Disclosure","Josephine","Tier II","Outdoor",
"030-10115153D90","Silver Leaf Cannabis Company","SILVER LEAF SPRINGS, LLC","RECREATIONAL PROCESSOR","Yes","2025-09-03","2025-09-23","2025-09-03",,"Exempt from Public Disclosure","Jackson",,,"Concentrate Processor"
"030-10148971C1C","FHF Extracts","FOX HOLLOW FLORA LLC","RECREATIONAL PROCESSOR","No","2026-05-23","2027-05-22",,,"Exempt from Public Disclosure","Lane",,,"Concentrate Processor"
"030-10053608F31","Spherop","SPHEROP LLC","RECREATIONAL PROCESSOR","Yes","2024-11-21","2025-02-06","2024-11-21",,"Exempt from Public Disclosure","Coos",,,"Concentrate Processor, Topical Processor"
"020-27850","Southern Oregon Cannabis","SOUTHERN OREGON TREASURE LLC","RECREATIONAL PRODUCER","No","2026-05-29","2027-05-28",,,"Exempt from Public Disclosure","Jackson","Tier II","Mixed",
"030-10125146CAC","Slims Top Shelf","SLIMS TOP SHELF LLC","RECREATIONAL PROCESSOR","No","2025-12-17","2026-12-16",,,"Exempt from Public Disclosure","Jackson",,,"Concentrate Processor"
"030-1015943F28B","Drops","DROPS, LLC","RECREATIONAL PROCESSOR","No","2025-10-20","2026-10-19",,,"Exempt from Public Disclosure","Clackamas",,,"Processing for Cardholders, Concentrate Processor, Edible Processor, Industrial Hemp, Medical Marijuana Processor, Topical Processor"
"030-1005518D8B5","Sitka Northwest LLC","SITKA NORTHWEST CORPORATION","RECREATIONAL PROCESSOR","No","2026-08-19","2027-08-18",,,"Exempt from Public Disclosure","Marion",,,"Concentrate Processor, Extract Processor, Industrial Hemp"
"020-28883","Lotus Exotics Farms LLC","LOTUS EXOTICS FARMS LLC","RECREATIONAL PRODUCER","No","2026-06-22","2027-06-21",,"01908238-7","Exempt from Public Disclosure","Josephine","Tier II","Outdoor",
"030-10126293091","Purejoy Gardens","PUREJOY GARDENS LLC","RECREATIONAL PROCESSOR","No","2026-02-22","2027-02-21",,,"Exempt from Public Disclosure","Washington",,,"Concentrate Processor"
"030-1012751CD9F","Black Castle Canna","BELLEVUE 3, LLC","RECREATIONAL PROCESSOR","Yes","2025-03-26","2025-10-13","2025-03-26",,"Exempt from Public Disclosure","Marion",,,"Processing for Cardholders, Concentrate Processor, Edible Processor, Extract Processor, Industrial Hemp, Medical Marijuana Processor, Topical Processor"
"030-1016276395D","Lifted Northwest","BENJAMINSBUDZ LLC","RECREATIONAL PROCESSOR","No","2026-04-15","2026-11-22",,,"Exempt from Public Disclosure","Multnomah",,,"Concentrate Processor, Edible Processor, Medical Marijuana Processor"
"030-10058610EDE","Miracle Extracts","ATTIS EXTRACTS LLC","RECREATIONAL PROCESSOR","Yes","2023-09-02","2024-09-01",,,"Exempt from Public Disclosure","Multnomah",,,"Concentrate Processor, Edible Processor, Extract Processor, Industrial Hemp, Topical Processor"
"020-1015579F372","Hi Q LLC","HI Q LLC","RECREATIONAL PRODUCER","Yes","2025-11-03","2026-11-19","2025-11-03",,"Exempt from Public Disclosure","Clackamas","Tier II","Indoor",
"030-10130201531","Cascade Valley Cannabis","GRASSHOPPER FARM, LLC","RECREATIONAL PROCESSOR","No","2025-12-23","2026-12-22",,,"Exempt from Public Disclosure","Benton",,,"Concentrate Processor, Industrial Hemp"
"030-10165489E20","Bo's Nose Knows","BNK LLC","RECREATIONAL PROCESSOR","No","2025-10-14","2026-10-13",,,"Exempt from Public Disclosure","Josephine",,,"Concentrate Processor, Edible Processor, Medical Marijuana Processor, Topical Processor"
"030-10072623963","HERBAL EVOLUTION","HERBAL EVOLUTION LLC","RECREATIONAL PROCESSOR","Yes","2022-10-19","2023-01-10","2026-02-18",,"Exempt from Public Disclosure","Marion",,,
"020-10157486E89","Mars Farms","MARS FARMS LLC","RECREATIONAL PRODUCER","No","2025-11-20","2026-11-19",,,"Exempt from Public Disclosure","Lane","Tier I","Indoor",
"030-1013712DE7C","Angel1","EEK INC","RECREATIONAL PROCESSOR","No","2025-07-16","2026-07-15",,,"Exempt from Public Disclosure","Jackson",,,"Processing for Cardholders, Concentrate Processor, Edible Processor, Industrial Hemp, Medical Marijuana Processor, Topical Processor, Alternating Proprietor Processor"
"030-1016822069E","Falahi","FALAHI, LLC","RECREATIONAL PROCESSOR","Yes","2026-08-21","2026-08-26","2026-08-21",,"Exempt from Public Disclosure","Lane",,,"Concentrate Processor, Edible Processor, Industrial Hemp, Medical Marijuana Processor, Topical Processor"
"030-10081203A81","Entheo Gardens","ENTHEO GARDENS INC","RECREATIONAL PROCESSOR","No","2026-02-01","2027-01-31",,,"Exempt from Public Disclosure","Multnomah",,,"Concentrate Processor, Extract Processor"
"020-25866","Apex Elite Exotics - Site 6","APEX ELITE EXOTICS LLC ","RECREATIONAL PRODUCER","No","2026-04-17","2027-04-16",,,"Exempt from Public Disclosure","Jackson","Tier II","Outdoor",
"030-1015030C3AB","Defyne Premium Cannabis ","FIRST CHOICE PROCESSING LLC","RECREATIONAL PROCESSOR","Yes","2023-08-06","2024-08-05","2024-07-18",,"Exempt from Public Disclosure","Yamhill",,,
"030-10175207DBD","Yak, Inc.","YAK, INC.","RECREATIONAL PROCESSOR","No","2025-05-21","2026-04-06",,,"Exempt from Public Disclosure","Marion",,,"Concentrate Processor, Medical Marijuana Processor"
"030-1008341A083","Emerald Treasure LLC","EMERALD TREASURE LLC","RECREATIONAL PROCESSOR","Yes","2025-12-05","2026-08-05","2025-12-05",,"Exempt from Public Disclosure","Josephine",,,"Concentrate Processor, Extract Processor, Industrial Hemp"
"020-26621","Upper River LOT 1","ROGUE FARMER AT QUARTZ CREEK LLC","RECREATIONAL PRODUCER","No","2026-06-03","2027-05-03",,,"Exempt from Public Disclosure","Josephine","Tier II","Outdoor",
"030-101546413A2","Calyx Crafts LLC","THUROW PRODUCTIONS LLC","RECREATIONAL PROCESSOR","Yes","2024-08-07","2024-11-01","2024-08-14",,"Exempt from Public Disclosure","Deschutes",,,
"030-10186372E71","Impress'd Solventless","IMPRESS'D LLC","RECREATIONAL PROCESSOR","No","2026-04-09","2026-10-13",,,"Exempt from Public Disclosure","Josephine",,,"Concentrate Processor"
"030-1009646F7F8","HeadzStash","HASH HAMILTON .COM LLC","RECREATIONAL PROCESSOR","No","2026-02-28","2027-02-27",,,"Exempt from Public Disclosure","Marion",,,"Concentrate Processor, Edible Processor, Extract Processor, Industrial Hemp, Topical Processor"
"020-27877","1679 Laurel Road Site #2","MAD DOG FARMS LLC","RECREATIONAL PRODUCER","No","2026-05-30","2027-05-29",,,"Exempt from Public Disclosure","Josephine","Tier II","Outdoor",
"030-10155113D65","Sacred Herb Farms of Oregon","SACRED HERB MEDICINALS INC","RECREATIONAL PROCESSOR","No","2026-08-23","2027-08-22",,,"Exempt from Public Disclosure","Jackson",,,"Concentrate Processor, Topical Processor"
"030-1016292F7EA","Treasure Valley's Finest","TREASURE VALLEY CANNABIS COMPANY, LLC","RECREATIONAL PROCESSOR","No","2026-04-30","2027-04-29",,,"Exempt from Public Disclosure","Malheur",,,"Processing for Cardholders, Concentrate Processor, Edible Processor, Industrial Hemp, Medical Marijuana Processor, Topical Processor"
"030-101872445F2","Savage Skunk Farms","SAVAGE SKUNK FARMS LLC","RECREATIONAL PROCESSOR","No","2026-03-25","2027-03-24",,,"Exempt from Public Disclosure","Jackson",,,"Concentrate Processor"
"030-1009683D15A","Truly Oreganic","TRULY OREGANIC FARM LLC","RECREATIONAL PROCESSOR","Yes","2024-02-22","2025-02-21",,,"Exempt from Public Disclosure","Coos",,,"Concentrate Processor, Medical Marijuana Processor"
"020-29119","Antioch One","AJLD LLC","RECREATIONAL PRODUCER","No","2026-07-01","2027-06-24",,,"Exempt from Public Disclosure","Jackson","Tier II","Mixed",
"030-10163096343","[WHT LBL]","WLOR LLC","RECREATIONAL PROCESSOR","Yes","2024-12-10","2025-02-04","2024-12-10",,"Exempt from Public Disclosure","Washington",,,"Concentrate Processor, Edible Processor, Industrial Hemp, Medical Marijuana Processor, Topical Processor"
"030-1019090B0C4","Burnt River Farms","NECTAR MARKETS, LLC","RECREATIONAL PROCESSOR","Yes",,"2026-04-07","2025-09-18",,"Exempt from Public Disclosure","Baker",,,"Concentrate Processor, Edible Processor, Extract Processor, Medical Marijuana Processor"
"030-1010869F9B3","Bonsai","GROHILL PRODUCE LLC","RECREATIONAL PROCESSOR","Yes","2025-11-06","2026-04-01","2025-11-06",,"Exempt from Public Disclosure","Lane",,,"Processing for Cardholders, Concentrate Processor, Medical Marijuana Processor"
"020-29200","Sasquatch Corral","ALVADORE FARMS, LLC","RECREATIONAL PRODUCER","No","2026-06-29","2027-06-28",,,"Exempt from Public Disclosure","Lane","Tier II","Outdoor",
"030-10163571C48","Madrone Labs","MCC PDX LLC","RECREATIONAL PROCESSOR","Yes","2025-06-24","2025-07-29","2025-06-24",,"Exempt from Public Disclosure","Jackson",,,"Concentrate Processor"
"030-10202213085","OG Extracts","CSGA HOLDINGS LLC","RECREATIONAL PROCESSOR","No","2026-07-27","2027-07-26",,,"Exempt from Public Disclosure","Clackamas",,,"Concentrate Processor, Edible Processor, Extract Processor, Industrial Hemp"
"030-101173736AC","Cloud Cover","QUALITY PRODUCT SOLUTIONS LLC","RECREATIONAL PROCESSOR","Yes","2024-10-25","2025-04-07","2024-10-28",,"Exempt from Public Disclosure","Multnomah",,,
"020-29424","Vespula Organics","VESPULA ORGANICS LLC","RECREATIONAL PRODUCER","No","2026-07-06","2027-07-05",,"OR","Exempt from Public Disclosure","Josephine","Tier II","Outdoor",
"030-101659955FC","Dab Factory","DAB FACTORY LLC","RECREATIONAL PROCESSOR","No","2026-03-09","2027-02-22",,,"Exempt from Public Disclosure","Washington",,,"Edible Processor, Extract Processor"
"030-10223526B82","Kingston Cannabis Company","KINGSTON CANNABIS COMPANY LLC","RECREATIONAL PROCESSOR","No","2026-08-24","2026-12-21",,,"Exempt from Public Disclosure","Jackson",,,"Concentrate Processor"
"030-10123357091","Million Elephants","MILLION ELEPHANTS LLC","RECREATIONAL PROCESSOR","No","2026-08-17","2027-08-16",,,"Exempt from Public Disclosure","Jackson",,,"Processing for Cardholders, Concentrate Processor, Medical Marijuana Processor"
"020-29657","1701 Farm Lot 3","ACB FARMS LLC","RECREATIONAL PRODUCER","No","2026-07-10","2027-07-09",,,"Exempt from Public Disclosure","Josephine","Tier II","Outdoor",
"030-10170492E8C","Wildcat","WILDCAT HOLDINGS LLC","RECREATIONAL PROCESSOR","Yes","2023-07-19","2024-07-18",,,"Exempt from Public Disclosure","Multnomah",,,"Concentrate Processor, Edible Processor, Industrial Hemp, Medical Marijuana Processor, Topical Processor"
"030-10243241DDF","LTRMN MFG","LTRMN INC","RECREATIONAL PROCESSOR","No","2025-07-26","2026-07-25",,,"Exempt from Public Disclosure","Multnomah",,,"Concentrate Processor, Edible Processor, Industrial Hemp, Topical Processor"
"030-10123983CF6","Folium Farms Processing, LLC","FOLIUM FARMS PROCESSING, LLC","RECREATIONAL PROCESSOR","No","2026-05-10","2027-05-09",,,"Exempt from Public Disclosure","Clackamas",,,"Concentrate Processor"
"020-29926","SF-Boy","SF-BOY LLC","RECREATIONAL PRODUCER","No","2026-07-17","2027-07-16",,,"Exempt from Public Disclosure","Washington","Tier I","Indoor",
"020-3014","Boom Boom Farms LLC","BOOM BOOM FARMS, LLC","RECREATIONAL PRODUCER","No","2026-08-10","2027-03-28",,,"Exempt from Public Disclosure","Jackson","Tier II","Mixed",
"030-1017499C5ED","Crop Valley","CROP VALLEY LLC","RECREATIONAL PROCESSOR","Yes","2023-03-22","2024-03-21",,,"Exempt from Public Disclosure","Lane",,,"Concentrate Processor"
"020-24549","Exotic NRV","EXOTIC NRV LLC","RECREATIONAL PRODUCER","No","2026-03-16","2027-03-15",,,"Exempt from Public Disclosure","Josephine","Tier II","Outdoor",
"030-10124049D87","Cascade Cultivars","OHANA GROWN LLC","RECREATIONAL PROCESSOR","Yes","2023-09-30","2024-09-29",,,"Exempt from Public Disclosure","Deschutes",,,"Concentrate Processor"
"020-30529","YY Gardens","YY GARDENS LLC","RECREATIONAL PRODUCER","No","2026-08-03","2027-08-02",,,"Exempt from Public Disclosure","Multnomah","Tier II","Indoor",
"030-1018993D175","Empire Holding Group","EMPIRE HOLDING GROUP LLC","RECREATIONAL PROCESSOR","No","2026-05-27","2027-05-26",,,"Exempt from Public Disclosure","Multnomah",,,"Edible Processor, Industrial Hemp, Medical Marijuana Processor, Topical Processor"
"020-24600","The AM Garden OR","THE AM GARDEN OR LLC","RECREATIONAL PRODUCER","No","2026-07-20","2027-03-17",,,"Exempt from Public Disclosure","Clackamas","Tier II","Indoor",
"030-1012429B39D","POWER PACK LLC","POWER PACK LLC","RECREATIONAL PROCESSOR","Yes","2025-03-18","2025-10-11","2025-03-18",,"Exempt from Public Disclosure","Washington",,,"Concentrate Processor"
"020-30803","Everlasting LLC","EVERLASTING LLC","RECREATIONAL PRODUCER","No","2026-08-11","2027-08-10",,,"Exempt from Public Disclosure","Lane","Tier II","Indoor",
"030-10195728A30","Angel2","EEK INC","RECREATIONAL PROCESSOR","Yes","2026-01-15","2026-03-06","2026-01-15",,"Exempt from Public Disclosure","Clackamas",,,"Processing for Cardholders, Concentrate Processor, Edible Processor, Industrial Hemp, Medical Marijuana Processor, Topical Processor"
"020-24733","Zombieland LLC","ZOMBIELAND LLC","RECREATIONAL PRODUCER","No","2026-03-23","2027-03-22",,,"Exempt from Public Disclosure","Jackson","Tier II","Outdoor",
"030-10138951A28","M Thrive Organics LLC","M THRIVE ORGANICS LLC","RECREATIONAL PROCESSOR","No","2026-05-23","2027-05-22",,,"Exempt from Public Disclosure","Wallowa",,,"Concentrate Processor, Edible Processor, Industrial Hemp, Topical Processor"
"020-30904","Pureleaf Farms 2","PURELEAF FARMS LLC","RECREATIONAL PRODUCER","No","2026-08-13","2027-08-12",,,"Exempt from Public Disclosure","Jackson","Tier II","Outdoor",
"030-102211463EB","Iron Lung","IRON LUNG, LLC","RECREATIONAL PROCESSOR","Yes","2026-04-08","2026-08-17","2026-04-08",,"Exempt from Public Disclosure","Yamhill",,,"Concentrate Processor"
"020-24755","Moreno Green's, LLC","MORENO GREEN’S, LLC","RECREATIONAL PRODUCER","No","2026-08-27","2027-03-22",,,"Exempt from Public Disclosure","Jackson","Tier II","Mixed",
"030-1014666A26A","Hotbox Farms","HOTBOX FARMS LLC","RECREATIONAL PROCESSOR","Yes","2023-08-17","2024-08-16",,,"Exempt from Public Disclosure","Coos",,,"Processing for Cardholders, Edible Processor, Medical Marijuana Processor"
"020-31284","Lotus Exotics Farms LLC","LOTUS EXOTICS FARMS LLC","RECREATIONAL PRODUCER","No","2026-08-24","2027-08-23",,"01908238-7","Exempt from Public Disclosure","Josephine","Tier II","Outdoor",
"020-28034","Woley Logistics LLC","WOLEY LOGISTICS LLC","RECREATIONAL PRODUCER","No","2026-06-03","2027-06-02",,,"Exempt from Public Disclosure","Jackson","Tier II","Outdoor",
"020-25207","Verdant Valley Logistics LLC  Site 5","VERDANT VALLEY LOGISTICS, LLC","RECREATIONAL PRODUCER","No","2026-04-03","2027-04-02",,,"Exempt from Public Disclosure","Jackson","Tier II","Outdoor",
"030-10151462D48","AVALON 10 EXTRACTS","AVALON 10, LLC","RECREATIONAL PROCESSOR","Yes","2024-09-09","2024-08-16","2024-09-11",,"Exempt from Public Disclosure","Multnomah",,,
"020-3445","Elk Haven Farms","EMERALD FIELDS, INC.","RECREATIONAL PRODUCER","No","2026-05-18","2027-05-17",,,"Exempt from Public Disclosure","Jackson","Tier II","Outdoor","Propagation Producer"
"020-3502","Flametender Farms","FLAMETENDER FARMS LLC","RECREATIONAL PRODUCER","Yes","2025-07-12","2026-05-21","2025-07-12",,"Exempt from Public Disclosure","Jackson","Tier I","Outdoor",
"020-28970","Pack House Farms, LLC","PACK HOUSE FARMS, LLC","RECREATIONAL PRODUCER","No","2026-06-23","2027-06-22",,"OR","Exempt from Public Disclosure","Jackson","Tier II","Outdoor",
"020-26041","night Owl Farm","NIGHT OWL NURSERY LLC","RECREATIONAL PRODUCER","No","2026-04-22","2027-04-21",,,"Exempt from Public Disclosure","Yamhill","Micro Tier I","Indoor",
"030-1015248091F","Fire Dept. Cannabis","FD PROJECT INC.","RECREATIONAL PROCESSOR","No","2026-07-28","2027-07-27",,,"Exempt from Public Disclosure","Washington",,,"Concentrate Processor, Edible Processor, Industrial Hemp, Medical Marijuana Processor"
"020-3767","CleanTree","DOUGLASS FEE","RECREATIONAL PRODUCER","Yes","2026-05-20","2026-06-17","2026-05-20",,"Exempt from Public Disclosure","Lane","Micro Tier II","Indoor","Micro-Tier Processing Producer"
"020-29962","Early Spring LLC","EARLY SPRING LLC","RECREATIONAL PRODUCER","No","2026-07-20","2027-07-19",,,"Exempt from Public Disclosure","Lane","Tier II","Indoor",
"020-26585","Rock River Gardens II","ROCK RIVER GARDENS LLC","RECREATIONAL PRODUCER","No","2026-05-01","2027-04-30",,,"Exempt from Public Disclosure","Josephine","Tier II","Outdoor",
"030-1016523FFD5","TLO Farms","THC CULTIVATION LLC","RECREATIONAL PROCESSOR","Yes","2025-10-24","2026-04-12","2025-10-24",,"Exempt from Public Disclosure","Deschutes",,,"Concentrate Processor, Industrial Hemp, Medical Marijuana Processor, Topical Processor"
"020-3807","Pac House Exoticz","PHE LLC","RECREATIONAL PRODUCER","No","2026-07-02","2027-07-01",,,"Exempt from Public Disclosure","Josephine","Tier II","Outdoor","Propagation Producer"
"020-3011","More Life Farms","MORE LIFE FARMS, LLC","RECREATIONAL PRODUCER","No","2026-03-28","2027-03-27",,,"Exempt from Public Disclosure","Clackamas","Tier II","Outdoor",
"020-26619","Arnold Ln LOT 1","ROGUE FARMER AT QUARTZ CREEK LLC","RECREATIONAL PRODUCER","No","2026-05-04","2027-05-03",,,"Exempt from Public Disclosure","Jackson","Tier II","Outdoor",
"030-10192738D0C","Refinery Canna Connoisseur","THE NATURAL REFINERY LLC","RECREATIONAL PROCESSOR","No","2026-07-01","2026-05-30",,,"Exempt from Public Disclosure","Multnomah",,,"Concentrate Processor, Edible Processor, Industrial Hemp, Medical Marijuana Processor, Topical Processor"
"020-3832","ETO Roots","ETO LLC","RECREATIONAL PRODUCER","No","2026-07-09","2027-07-08",,,"Exempt from Public Disclosure","Josephine","Tier II","Outdoor",
"020-3012","No Name Garden","NO NAME GARDEN LLC","RECREATIONAL PRODUCER","No","2026-04-04","2027-04-03",,,"Exempt from Public Disclosure","Lane","Tier I","Indoor",
"020-26708","East Evans Flower Company LLC","EAST EVANS FLOWER COMPANY LLC","RECREATIONAL PRODUCER","No","2026-07-20","2027-05-04",,,"Exempt from Public Disclosure","Jackson","Tier II","Outdoor",
"030-10225662ED0","Beehive Extracts","BHE LLC","RECREATIONAL PROCESSOR","No","2025-12-07","2026-12-06",,,"Exempt from Public Disclosure","Multnomah",,,"Concentrate Processor, Edible Processor, Extract Processor"
"020-3853","Slims Topshelf","SLIMS HOLDING, LLC","RECREATIONAL PRODUCER","No","2026-07-27","2027-07-11",,,"Exempt from Public Disclosure","Jackson","Tier II","Outdoor","Propagation Producer"
"020-30818","Dez Budz","DEZ BUDZ LLC","RECREATIONAL PRODUCER","No","2026-08-11","2027-08-10",,,"Exempt from Public Disclosure","Josephine","Tier II","Outdoor",
"020-28209","560 Arnold lot 3","OPTIC LLC","RECREATIONAL PRODUCER","No","2026-06-06","2027-06-05",,,"Exempt from Public Disclosure","Jackson","Tier II","Outdoor",
"030-1022757487F","KJD Consulting and Construction LLC","KJD CONSULTING AND CONSTRUCTION LLC","RECREATIONAL PROCESSOR","Yes","2026-01-05","2026-01-18","2026-01-05",,"Exempt from Public Disclosure","Jackson",,,"Concentrate Processor"
"020-3856","Nectar","NECTAR MARKETS, LLC","RECREATIONAL PRODUCER","No","2026-07-12","2027-07-11",,,"Exempt from Public Disclosure","Jackson","Tier II","Outdoor",
"020-31279","Hashtag Farms LLC","HASHTAG FARMS LLC","RECREATIONAL PRODUCER","No","2026-08-24","2027-08-23",,"41-2447477","Exempt from Public Disclosure","Josephine","Tier II","Outdoor",
"020-3394","Premier Farm","YAN YANG SKY CORPORATION","RECREATIONAL PRODUCER","No","2026-05-15","2027-05-14",,,"Exempt from Public Disclosure","Clackamas","Tier II","Indoor",
"020-28399","Pack House Farms, LLC","PACK HOUSE FARMS, LLC","RECREATIONAL PRODUCER","No","2026-06-10","2027-06-09",,"OR","Exempt from Public Disclosure","Jackson","Tier II","Outdoor",
"030-1024221BB5B","Real Oregon","REAL OREGON INC","RECREATIONAL PROCESSOR","No","2025-09-15","2026-09-14",,,"Exempt from Public Disclosure","Jackson",,,"Concentrate Processor, Industrial Hemp, Medical Marijuana Processor, Topical Processor"
"020-3913","Van Cleef Bee","VAN CLEEF BEE LLC","RECREATIONAL PRODUCER","No","2026-07-31","2027-07-30",,,"Exempt from Public Disclosure","Josephine","Tier II","Outdoor",
"020-3531","JCO Ranch","JCO RANCH LLC","RECREATIONAL PRODUCER","No","2026-05-27","2027-05-26",,,"Exempt from Public Disclosure","Josephine","Tier II","Outdoor",
"020-28771","Wonder Gardens","WONDER GARDENS LLC","RECREATIONAL PRODUCER","No","2026-06-18","2027-06-17",,,"Exempt from Public Disclosure","Josephine","Tier II","Outdoor",
"030-1024388C538","Lightship","LIGHTSHIP LLC","RECREATIONAL PROCESSOR","No","2026-07-24","2027-07-23",,,"Exempt from Public Disclosure","Jackson",,,"Concentrate Processor, Edible Processor"
"020-4145","KAKC Farms, LLC","KAKC FARMS LLC","RECREATIONAL PRODUCER","No","2026-08-19","2027-08-18",,,"Exempt from Public Disclosure","Jackson","Tier II","Outdoor",
"020-3794","J & Son Farms","J & SON FARMS, LLC","RECREATIONAL PRODUCER","No","2026-05-28","2027-06-26",,,"Exempt from Public Disclosure","Jackson","Tier II","Outdoor",
"020-29078","Verdant Valley Logistics LLC Site 8","VERDANT VALLEY LOGISTICS, LLC","RECREATIONAL PRODUCER","No","2026-06-25","2027-06-24",,,"Exempt from Public Disclosure","Jackson","Tier II","Outdoor",
"030-10250611B97","PDX FACTOR EXTRACTS LLC","PDX FACTOR EXTRACTS LLC","RECREATIONAL PROCESSOR","No","2026-04-21","2026-02-25",,,"Exempt from Public Disclosure","Washington",,,"Concentrate Processor, Edible Processor, Extract Processor, Topical Processor"
"020-4738","YNOT LLC","YNOT LLC","RECREATIONAL PRODUCER","No","2026-09-05","2027-09-04",,,"Exempt from Public Disclosure","Josephine","Tier II","Outdoor",
"020-3859","BG3 Productions, LLC","BG3 PRODUCTIONS, LLC","RECREATIONAL PRODUCER","No","2026-07-12","2027-07-11",,,"Exempt from Public Disclosure","Jackson","Tier II","Outdoor",
"020-29182","Rogue Cuts","ROGUE CUTS LLC","RECREATIONAL PRODUCER","No","2026-06-28","2027-06-27",,,"Exempt from Public Disclosure","Jackson","Tier II","Outdoor",
"030-102536020C2","Golden Grail","APCO, LLC","RECREATIONAL PROCESSOR","No","2026-08-26","2026-12-25",,,"Exempt from Public Disclosure","Multnomah",,,"Concentrate Processor, Edible Processor, Industrial Hemp, Medical Marijuana Processor"
"020-5072","Jumping Monkey Farms","JUMPING MONKEY FARMS LLC","RECREATIONAL PRODUCER","Yes","2025-12-23","2026-09-15","2025-12-23",,"Exempt from Public Disclosure","Jackson","Tier II","Outdoor",
"020-3964","Azteca Farms ","AZTECA FARMS LLC","RECREATIONAL PRODUCER","Yes","2026-06-08","2026-08-08","2026-06-08",,"Exempt from Public Disclosure","Jackson","Tier II","Outdoor",
"020-29394","Green Reaper","GREEN REAPER LLC","RECREATIONAL PRODUCER","No","2026-07-03","2027-07-02",,,"Exempt from Public Disclosure","Jackson","Tier II","Outdoor","Propagation Producer"
"030-10253706F85","Toz Moz","APCO, LLC","RECREATIONAL PROCESSOR","No","2026-08-26","2026-12-25",,,"Exempt from Public Disclosure","Clackamas",,,"Concentrate Processor, Edible Processor, Extract Processor, Industrial Hemp, Medical Marijuana Processor, Topical Processor"
"020-5368","Lil' Chubby's","CERTAIN LIFE INC.","RECREATIONAL PRODUCER","No","2025-09-20","2026-09-19",,,"Exempt from Public Disclosure","Linn","Tier II","Mixed",
"020-4370","GOLDEN STALLION ENTERPRISE PDX LLC","GOLDEN STALLION ENTERPRISE PDX LLC","RECREATIONAL PRODUCER","No","2026-08-26","2027-08-25",,,"Exempt from Public Disclosure","Multnomah","Tier II","Indoor",
"020-29688","Unicorn Corral","ALVADORE FARMS, LLC","RECREATIONAL PRODUCER","No","2026-07-13","2027-07-12",,,"Exempt from Public Disclosure","Lane","Tier II","Outdoor",
"030-15967","Sowing Seeds","SOWING SEEDS LLC","RECREATIONAL PROCESSOR","No","2026-08-24","2027-06-29",,,"Exempt from Public Disclosure","Jackson",,,"Concentrate Processor"
"020-10159463941","High Octane Organics Inc","HIGH OCTANE ORGANICS INC","RECREATIONAL PRODUCER","Yes","2026-04-17","2026-12-07","2026-04-17",,"Exempt from Public Disclosure","Josephine","Tier II","Mixed",
"030-1022478E6B6","Benson Arbor","ARBOR FARMS LLC","RECREATIONAL PROCESSOR","No","2026-07-02","2026-11-30",,,"Exempt from Public Disclosure","Jackson",,,"Concentrate Processor"
"030-10250559764","Hotbox","HOTBOX FARMS LLC","RECREATIONAL PROCESSOR","No",,"2027-01-29",,,"Exempt from Public Disclosure","Wasco",,,"Concentrate Processor, Edible Processor, Industrial Hemp, Topical Processor"
"030-11668","Dank","OREGON LIMITED PRODUCTS LLC","RECREATIONAL PROCESSOR","No","2026-07-29","2027-03-25",,,"Exempt from Public Disclosure","Lane",,,"Concentrate Processor, Edible Processor, Industrial Hemp, Medical Marijuana Processor, Topical Processor"
"020-10162519E14","Weedology Farms","SEGRETO LLC","RECREATIONAL PRODUCER","No","2026-04-19","2027-04-18",,,"Exempt from Public Disclosure","Malheur","Tier II","Outdoor",
"020-7928","Stellar Farms","STELLAR FARMS LLC","RECREATIONAL PRODUCER","Yes","2026-06-16","2026-11-27","2026-06-16","228232997","Exempt from Public Disclosure","Washington","Micro Tier I","Indoor",
"020-6433","Selma Assets","SELMA ASSETS LLC","RECREATIONAL PRODUCER","Yes","2026-06-26","2026-10-17","2026-06-26",,"Exempt from Public Disclosure","Josephine","Tier II","Outdoor",
"020-29975","EastEvansflowercompany2","EAST EVANS FLOWER COMPANY LLC","RECREATIONAL PRODUCER","No","2026-07-20","2027-07-19",,,"Exempt from Public Disclosure","Jackson","Tier II","Outdoor",
"020-10162575630","Ameh LLC","AMEH, LLC","RECREATIONAL PRODUCER","Yes","2025-02-10","2025-06-10","2025-02-10",,"Exempt from Public Disclosure","Jackson","Tier II","Outdoor","Propagation Producer"
"020-8037","HUMBLE BEEGINNINGS LLC","HUMBLE BEEGINNINGS LLC","RECREATIONAL PRODUCER","No","2025-12-03","2026-12-02",,,"Exempt from Public Disclosure","Jackson","Micro Tier II","Indoor",
"020-6435","Farms of CJ LLC","FARMS OF CJ LLC","RECREATIONAL PRODUCER","No","2026-06-02","2026-10-17",,,"Exempt from Public Disclosure","Josephine","Tier II","Outdoor",
"020-30020","Green Goods","GREEN GOODS LLC","RECREATIONAL PRODUCER","No","2026-07-21","2027-07-20",,,"Exempt from Public Disclosure","Josephine","Tier II","Outdoor",
"020-101632394C9","Humboldt Boyz  ","ALOYSIUS WHOLESALERS LLC","RECREATIONAL PRODUCER","No","2026-08-18","2027-07-22",,,"Exempt from Public Disclosure","Josephine","Tier II","Outdoor","Propagation Producer"
"020-8338","Lusitano ","LUSITANO LLC","RECREATIONAL PRODUCER","No","2025-12-09","2026-12-08",,,"Exempt from Public Disclosure","Clackamas","Tier II","Indoor",
"020-6839","Evanwood Investment","EVANWOOD INVESTMENT LLC","RECREATIONAL PRODUCER","No","2026-05-27","2026-10-29",,,"Exempt from Public Disclosure","Clackamas","Tier II","Indoor",
"020-30041","ACB Farms LLC","ACB FARMS LLC","RECREATIONAL PRODUCER","No","2026-07-21","2027-07-20",,,"Exempt from Public Disclosure","Josephine","Tier II","Outdoor",
"020-10163563EEA","Laughing Buffalo Farm, LLC","LAUGHING BUFFALO FARM, LLC","RECREATIONAL PRODUCER","No","2026-03-19","2027-03-18",,,"Exempt from Public Disclosure","Jackson","Tier II","Outdoor",
"020-8519","Uncle Chris Farm","UNCLE CHRIS FARM LLC","RECREATIONAL PRODUCER","No","2025-12-16","2026-12-15",,,"Exempt from Public Disclosure","Yamhill","Tier I","Indoor",
"020-6854","Macias Farm","MACIAS FARM LLC","RECREATIONAL PRODUCER","No","2025-10-30","2026-10-29",,,"Exempt from Public Disclosure","Clackamas","Tier II","Outdoor",
"020-30073","F&L 168","F&L 168 LLC","RECREATIONAL PRODUCER","No","2026-07-27","2027-07-21",,,"Exempt from Public Disclosure","Clackamas","Tier II","Indoor",
"020-1016527F77A","Gud Gardens","GUD CULTURES LLC","RECREATIONAL PRODUCER","No","2026-06-16","2027-06-09",,,"Exempt from Public Disclosure","Josephine","Tier II","Outdoor","Propagation Producer"
"030-1022671E3DA","Focus North","FOCUS NORTH CAP, LLC","RECREATIONAL PROCESSOR","No","2025-12-21","2026-12-20",,,"Exempt from Public Disclosure","Lane",,,"Concentrate Processor"
"030-1022691E953","Sensible Cannabis Company","PAC NW VENTURES LLC","RECREATIONAL PROCESSOR","Yes","2025-10-06","2026-01-12","2025-10-06",,"Exempt from Public Disclosure","Josephine",,,"Concentrate Processor, Extract Processor"
"030-102517129C1","Highly Elevated INC","HIGHLY ELEVATED INC","RECREATIONAL PROCESSOR","Yes","2026-06-02","2026-12-26","2026-06-02",,"Exempt from Public Disclosure","Yamhill",,,"Concentrate Processor, Edible Processor, Topical Processor"
"020-101653718A6","Sky High Group, LLC","SKY HIGH GROUP LLC","RECREATIONAL PRODUCER","Yes","2025-09-18","2026-04-08","2025-09-18",,"Exempt from Public Disclosure","Washington","Tier II","Indoor",
"020-8571","EE Alliance ","EE ALLIANCE LLC","RECREATIONAL PRODUCER","No","2026-08-20","2026-12-17",,,"Exempt from Public Disclosure","Josephine","Tier II","Outdoor",
"020-7100","Vitality Vista Farm","VITALITY VISTA FARM LLC","RECREATIONAL PRODUCER","No","2026-08-20","2026-11-05",,,"Exempt from Public Disclosure","Josephine","Tier II","Outdoor",
"030-1025231891B","Green Canopy Wholesale LLC","GREEN CANOPY WHOLESALE LLC","RECREATIONAL PROCESSOR","Yes","2026-01-20","2026-01-21","2026-01-20",,"Exempt from Public Disclosure","Multnomah",,,"Concentrate Processor"
"020-30562","Abundance Holdings LLC","ABUNDANCE HOLDINGS LLC","RECREATIONAL PRODUCER","No","2026-08-04","2027-08-03",,,"Exempt from Public Disclosure","Jackson","Tier II","Outdoor",
"020-8913","KY Garden","KY GARDEN LLC","RECREATIONAL PRODUCER","No","2026-01-07","2027-01-06",,,"Exempt from Public Disclosure","Clackamas","Tier II","Indoor",
"020-8023","Boom Boom Farms","BOOM BOOM FARMS, LLC","RECREATIONAL PRODUCER","No","2026-08-10","2026-12-02",,,"Exempt from Public Disclosure","Jackson","Tier II","Outdoor",
"030-1025400A05D","HOTBOX","HOTBOX FARMS LLC","RECREATIONAL PROCESSOR","No",,"2027-01-29",,,"Exempt from Public Disclosure","Multnomah",,,"Concentrate Processor, Edible Processor, Industrial Hemp, Topical Processor"
"020-30930","JADE FIELDS LLC","JADE FIELDS LLC","RECREATIONAL PRODUCER","No","2026-08-13","2027-08-12",,,"Exempt from Public Disclosure","Clackamas","Tier II","Indoor",
"020-8955","YL Farm LLC","YL FARM LLC","RECREATIONAL PRODUCER","No","2026-01-08","2027-01-07",,,"Exempt from Public Disclosure","Jackson","Tier II","Outdoor",
"020-8024","Boom Boom Farms LLC","BOOM BOOM FARMS, LLC","RECREATIONAL PRODUCER","No","2026-08-10","2026-12-02",,,"Exempt from Public Disclosure","Jackson","Tier II","Outdoor",
"030-10469","Firekeeper Family Farms","FIREKEEPER FAMILY FARMS LLC","RECREATIONAL PROCESSOR","No","2026-02-25","2027-02-20",,,"Exempt from Public Disclosure","Jackson",,,"Concentrate Processor"
"030-19096","SDK1 LLC","SDK1 LLC","RECREATIONAL PROCESSOR","No","2025-09-18","2026-09-17",,,"Exempt from Public Disclosure","Multnomah",,,"Concentrate Processor"
"030-18488","Rossi Express LLC ","ROSSI EXPRESS LLC ","RECREATIONAL PROCESSOR","No","2026-09-03","2027-09-02",,"01891524-8","Exempt from Public Disclosure","Jackson",,,"Concentrate Processor"
"030-1022983F143","Hashtag Extracts","COOK INVESTMENTS NORTHWEST OREGON, LLC","RECREATIONAL PROCESSOR","No","2026-08-27","2027-06-26",,,"Exempt from Public Disclosure","Jackson",,,"Concentrate Processor, Edible Processor, Extract Processor, Industrial Hemp, Topical Processor"
"030-11319","420 Gardens, LLC","420 GARDENS LLC","RECREATIONAL PROCESSOR","No","2026-03-18","2027-03-17",,,"Exempt from Public Disclosure","Washington",,,"Concentrate Processor"
"030-3677","Fenario Farms","FENARIO PRODUCTIONS INC","RECREATIONAL PROCESSOR","No","2026-06-06","2027-06-05",,,"Exempt from Public Disclosure","Lane",,,"Concentrate Processor"
"030-19686","5th Dimension","5TH DIMENSION LLC","RECREATIONAL PROCESSOR","No","2026-10-06","2027-10-05",,,"Exempt from Public Disclosure","Josephine",,,"Concentrate Processor"
"030-10230637C94","Killa Bees Distribution","KILLA BEES DISTRIBUTION LLC","RECREATIONAL PROCESSOR","No","2026-07-17","2027-07-16",,,"Exempt from Public Disclosure","Multnomah",,,"Concentrate Processor, Edible Processor, Industrial Hemp"
"030-12622","Lighthouse, Shadowbox","LIGHTHOUSE INDUSTRIES INC","RECREATIONAL PROCESSOR","No","2026-04-18","2027-04-17",,,"Exempt from Public Disclosure","Multnomah",,,"Concentrate Processor, Extract Processor"
"030-3836","HJF LLC","HJF LLC","RECREATIONAL PROCESSOR","No","2026-07-10","2027-07-09",,,"Exempt from Public Disclosure","Washington",,,"Concentrate Processor, Edible Processor, Industrial Hemp, Medical Marijuana Processor, Topical Processor"
"030-7392","Metolius Cannabis Company","METOLIUS CANNABIS COMPANY LLC","RECREATIONAL PROCESSOR","Yes","2024-11-14","2025-11-13",,,"Exempt from Public Disclosure","Deschutes",,,"Processing for Cardholders, Edible Processor, Industrial Hemp, Medical Marijuana Processor, Topical Processor"
"030-23366","Big Dog Farms LLC,","TKO HOLDINGS INC.","RECREATIONAL PROCESSOR","No","2026-02-05","2027-02-04",,,"Exempt from Public Disclosure","Jackson",,,"Concentrate Processor"
"030-1023270A798","Oregon Natural Oils LLC","OREGON NATURAL OILS LLC","RECREATIONAL PROCESSOR","No","2026-05-16","2027-05-15",,,"Exempt from Public Disclosure","Marion",,,"Concentrate Processor, Extract Processor, Industrial Hemp"
"030-12655","NWC Manufacturing Inc","NWC MANUFACTURING INC","RECREATIONAL PROCESSOR","No","2026-04-21","2027-04-20",,,"Exempt from Public Disclosure","Clackamas",,,"Concentrate Processor, Edible Processor, Industrial Hemp, Medical Marijuana Processor, Topical Processor"
"030-7660","PB&J Flowers LLC","PB&J FLOWERS, LLC","RECREATIONAL PROCESSOR","No","2025-11-21","2026-11-20",,,"Exempt from Public Disclosure","Jackson",,,"Concentrate Processor, Edible Processor, Industrial Hemp, Medical Marijuana Processor"
"030-23409","Shadow Forged Extracts","SHADOW FORGED MANAGEMENT LLC","RECREATIONAL PROCESSOR","No","2026-02-06","2027-02-05",,,"Exempt from Public Disclosure","Grant",,,"Concentrate Processor"
"030-10233757A9F","NATURAL SOLUTIONS GROUP, LLC","NATURAL SOLUTIONS GROUP, LLC","RECREATIONAL PROCESSOR","Yes","2025-04-24","2025-05-29",,,"Exempt from Public Disclosure","Lane",,,"Concentrate Processor"
"030-13717","Engineered Extracts 2","ENGINEERED EXTRACTS LLC","RECREATIONAL PROCESSOR","No","2026-05-13","2027-05-12",,,"Exempt from Public Disclosure","Washington",,,"Concentrate Processor, Extract Processor"
"050-1000076B368","DiamondTREE","DIAMOND TREE, INC","RECREATIONAL RETAILER","No","2026-01-10","2027-01-09",,,"380 N HIGHWAY 26 MADRAS OR  97741-9599","Jefferson",,,"Medical Marijuana Retailer"
"030-24936","FeiTech Lighting Solutions LLC Processor","FEITECH LIGHTING SOLUTIONS LLC","RECREATIONAL PROCESSOR","No","2026-03-30","2027-03-29",,,"Exempt from Public Disclosure","Jackson",,,"Concentrate Processor"
"030-10239755B7F","Nature's Solutions","NATURES SOLUTIONS INC","RECREATIONAL PROCESSOR","No","2025-05-19","2026-05-18",,,"Exempt from Public Disclosure","Lincoln",,,"Concentrate Processor, Edible Processor, Extract Processor, Medical Marijuana Processor"
"030-18334","178th NE Investment","178TH NE INVESTMENT LLC","RECREATIONAL PROCESSOR","No","2026-06-29","2026-08-27",,,"Exempt from Public Disclosure","Multnomah",,,"Concentrate Processor, Medical Marijuana Processor"
"050-1000100101A","Breeze Botanicals Gold Hill","SUN BREEZE INC","RECREATIONAL RETAILER","Yes","2025-05-02","2025-09-30","2025-05-02",,"315 2ND AVE GOLD HILL OR  97525-9509","Jackson",,,"Marijuana Home Delivery, Medical Marijuana Retailer"
"030-5228","Not Even Worth Knowing","NOT EVEN WORTH KNOWING LLC","RECREATIONAL PROCESSOR","No","2025-09-17","2026-09-16",,,"Exempt from Public Disclosure","Clatsop",,,"Concentrate Processor"
"030-1025694E17C","Southern Oregon Cannabis","SOC VENTURES LLC","RECREATIONAL PROCESSOR","Yes","2025-03-10","2026-01-25","2025-03-10",,"Exempt from Public Disclosure","Jackson",,,
"030-20277","Joint Ventures 541, LLC","JOINT VENTURES 541, LLC","RECREATIONAL PROCESSOR","No","2026-08-10","2026-10-23",,"OR","Exempt from Public Disclosure","Lane",,,"Concentrate Processor, Industrial Hemp, Medical Marijuana Processor"
"050-10001263A2F","Vernonia's Natural Choice","VERNONIA'S NATURAL CHOICE LLC","RECREATIONAL RETAILER","No","2025-10-31","2026-10-30",,,"736 BRIDGE ST UNIT 1 VERNONIA OR  97064-1285","Columbia",,,"Marijuana Home Delivery, Medical Marijuana Retailer"
"030-8350","Oregon Edibles","OREGON EDIBLES, LLC","RECREATIONAL PROCESSOR","No","2026-07-16","2026-12-09",,,"Exempt from Public Disclosure","Washington",,,"Edible Processor, Industrial Hemp"
"030-15277","YONG LI LLC","YONG LI LLC","RECREATIONAL PROCESSOR","No","2026-06-13","2027-06-12",,,"Exempt from Public Disclosure","Hood River",,,"Concentrate Processor, Edible Processor, Medical Marijuana Processor"
"030-21612","JT Delange LLC","JT DELANGE LLC","RECREATIONAL PROCESSOR","No","2026-06-22","2026-11-30",,,"Exempt from Public Disclosure","Lane",,,"Concentrate Processor"
"050-10001759551","Nectar","NECTAR MARKETS, LLC","RECREATIONAL RETAILER","No","2026-03-13","2026-12-29",,,"3350 NE SANDY BLVD PORTLAND OR  97232-1927","Multnomah",,,"Marijuana Home Delivery, Medical Marijuana Retailer"
"050-10000407C53","Kaleafa","ALL SYSTEMS AS PROMISED, INC. || WWMP, LLC","RECREATIONAL RETAILER","No","2026-04-21","2026-01-29",,,"10920 SW BEAVERTON HILLSDALE HWY BEAVERTON OR  97005-3003","Washington",,,"Marijuana Home Delivery, Medical Marijuana Retailer"
"050-10000590807","DiamondTREE","DIAMOND TREE, INC","RECREATIONAL RETAILER","No","2026-01-01","2026-12-31",,,"2715 NE HIGHWAY 20 BEND OR  97701-9595","Deschutes",,,"Medical Marijuana Retailer"
"030-22148","Calyx Processing 2","THUROW PRODUCTIONS LLC","RECREATIONAL PROCESSOR","No","2026-01-12","2026-12-21",,,"Exempt from Public Disclosure","Deschutes",,,"Processing for Cardholders, Concentrate Processor, Edible Processor, Industrial Hemp, Medical Marijuana Processor, Topical Processor"
"030-22289","Manana","DNEF LLC","RECREATIONAL PROCESSOR","No","2025-12-30","2026-12-29",,,"Exempt from Public Disclosure","Jackson",,,"Processing for Cardholders, Concentrate Processor, Edible Processor, Medical Marijuana Processor, Topical Processor"
"050-10001832DA7","Pipe Dreams Dispensary","GREEN GENES INC","RECREATIONAL RETAILER","No","2025-12-31","2026-12-30",,,"1745 SW HIGHWAY 101 STE A B & C, LINCOLN CITY OR  97367-2354","Lincoln",,,"Marijuana Home Delivery, Medical Marijuana Retailer"
"050-1000071214D","DiamondTREE","DIAMOND TREE, INC","RECREATIONAL RETAILER","No","2025-12-09","2026-12-08",,,"1233 NW GALVESTON AVE BEND OR  97703-2433","Deschutes",,,"Medical Marijuana Retailer"
"030-22694","DogHouse","EMERALD GREEN FARM LLC","RECREATIONAL PROCESSOR","No","2026-01-29","2027-01-14",,,"Exempt from Public Disclosure","Polk",,,"Concentrate Processor"
"030-22349","Elite Hub Corp","ELITE HUB CORP","RECREATIONAL PROCESSOR","No","2026-02-23","2027-01-04",,,"Exempt from Public Disclosure","Jackson",,,"Concentrate Processor"
"050-1000345DEA9","NoDak Green Prairie","NODAK ENTERPRISES, LLC","RECREATIONAL RETAILER","No","2025-12-29","2026-11-30",,,"390 COBURG RD STE A2, EUGENE OR  97401-6100","Lane",,,"Medical Marijuana Retailer"
"050-10001271938","Breeze Botanicals Ashland","SUN BREEZE INC","RECREATIONAL RETAILER","Yes","2025-05-02","2025-09-30","2025-05-02",,"1526 SISKIYOU BLVD ASHLAND OR  97520-2406","Jackson",,,"Marijuana Home Delivery, Medical Marijuana Retailer"
"030-22789","Standard Mfg Inc","STANDARD MFG INC","RECREATIONAL PROCESSOR","No","2026-01-20","2027-01-19",,,"Exempt from Public Disclosure","Multnomah",,,"Concentrate Processor"
"030-25934","Forge Concentrates LLC","FORGE CONCENTRATES LLC","RECREATIONAL PROCESSOR","No","2026-04-20","2027-04-19",,,"Exempt from Public Disclosure","Josephine",,,"Concentrate Processor"
"050-1000365F3DF","Green Goddess Remedies","BAS ENTERPRISES LLC","RECREATIONAL RETAILER","No","2025-11-09","2026-11-08",,,"5435 SW TAYLORS FERRY RD PORTLAND OR  97219-5880","Multnomah",,,"Marijuana Home Delivery, Medical Marijuana Retailer"
"050-1000163439B","Gorge Greenery ","GREEN GIRLS HOOD RIVER INC","RECREATIONAL RETAILER","No","2025-10-01","2026-09-30",,,"13 OAK ST HOOD RIVER OR  97031-2384","Hood River",,,"Marijuana Home Delivery, Medical Marijuana Retailer"
"030-23467","Gron Chocolate","GRON CHOCOLATE, LLC","RECREATIONAL PROCESSOR","No","2026-04-27","2027-02-08",,,"Exempt from Public Disclosure","Multnomah",,,"Concentrate Processor, Edible Processor, Extract Processor, Industrial Hemp, Medical Marijuana Processor"
"030-31494","SKS","TTF CONSULTING LLC","RECREATIONAL PROCESSOR","No","2026-08-28","2027-08-27",,,"Exempt from Public Disclosure","Yamhill",,,"Concentrate Processor"
"050-1000779DEF8","La Mota ","LA MOTA 3 LLC","RECREATIONAL RETAILER","No","2026-07-08","2026-11-08",,,"644 SE CASS AVE ROSEBURG OR  97470-3155","Douglas",,,"Marijuana Home Delivery, Medical Marijuana Retailer"
"050-1000163439B","Gorge Greenery ","GREEN GIRLS HOOD RIVER INC","RECREATIONAL RETAILER","No","2026-10-01","2027-09-30",,,"13 OAK ST HOOD RIVER OR  97031-2384","Hood River",,,"Marijuana Home Delivery, Medical Marijuana Retailer"
"030-24148","Entourage Cannabis","CBDISCOVERY LLC","RECREATIONAL PROCESSOR","No","2026-03-03","2027-03-02",,,"Exempt from Public Disclosure","Lane",,,"Concentrate Processor, Edible Processor, Topical Processor"
"030-3952","Calyx Processing","THUROW PRODUCTIONS LLC","RECREATIONAL PROCESSOR","No","2026-08-07","2027-08-06",,,"Exempt from Public Disclosure","Deschutes",,,"Processing for Cardholders, Concentrate Processor, Edible Processor, Extract Processor, Industrial Hemp, Medical Marijuana Processor, Topical Processor"
"030-6285","Rev Farms","REV222 LLC","RECREATIONAL PROCESSOR","No","2026-10-16","2027-10-15",,,"Exempt from Public Disclosure","Josephine",,,"Concentrate Processor, Edible Processor, Industrial Hemp"
"050-10008629837","Hi Cascade","HI CASCADE #2, LLC","RECREATIONAL RETAILER","No","2026-01-01","2026-12-31",,,"1628 MAIN ST SPRINGFIELD OR  97477-4944","Lane",,,"Marijuana Home Delivery, Medical Marijuana Retailer"
"050-100028766B5","New Leaf Midtown","VALLEY HEALTH LLC","RECREATIONAL RETAILER","Yes","2025-12-18","2025-12-31","2025-12-18",,"2215 NE EVANS ST MCMINNVILLE OR  97128-2703","Yamhill",,,"Marijuana Home Delivery, Medical Marijuana Retailer"
"030-29927","SF-Boy","SF-BOY LLC","RECREATIONAL PROCESSOR","No","2026-07-17","2027-07-16",,,"Exempt from Public Disclosure","Washington",,,"Concentrate Processor"
"030-6609","Sub-Zero NW","SUB-ZERO NW LLC","RECREATIONAL PROCESSOR","No","2025-10-24","2026-10-23",,,"Exempt from Public Disclosure","Benton",,,"Concentrate Processor, Edible Processor, Topical Processor"
"050-10010073418","Good Karma","GOOD KARMA SPRINGFIELD, LLC","RECREATIONAL RETAILER","No","2025-12-31","2026-12-30",,"1679641-6","3332 MAIN ST STE A SPRINGFIELD OR  97478-7800","Lane",,,"Marijuana Home Delivery, Medical Marijuana Retailer"
"050-1000929AF4B","Oregon's Herbal Remedies","OREGON'S HERBAL REMEDIES LLC","RECREATIONAL RETAILER","No","2026-01-01","2026-12-31",,,"88344 TERRITORIAL RD VENETA OR  97487-9486","Lane",,,"Marijuana Home Delivery, Medical Marijuana Retailer"
"030-3064","Oregon's Top Shelf","OREGON'S TOP SHELF, LLC","RECREATIONAL PROCESSOR","No","2026-03-27","2027-03-26",,,"Exempt from Public Disclosure","Lane",,,"Concentrate Processor, Industrial Hemp"
"030-8638","Lofty","SUM LLC","RECREATIONAL PROCESSOR","No","2025-12-20","2026-12-19",,,"Exempt from Public Disclosure","Lane",,,"Concentrate Processor"
"050-1001367CE42","La Mota ","LA MOTA 8 LLC","RECREATIONAL RETAILER","No","2026-07-08","2026-12-27",,,"3695 SW ELLIOTT PL BEAVERTON OR  97003-5139","Washington",,,"Marijuana Home Delivery, Medical Marijuana Retailer"
"050-10010041E88","Mr. Nice Guy Depoe","SERENE HIGHNESS, LLC","RECREATIONAL RETAILER","No","2025-12-31","2026-12-30",,"01679458-7","104 N HIGHWAY 101 DEPOE BAY OR  97341","Lincoln",,,"Marijuana Home Delivery, Medical Marijuana Retailer"
"030-4635","Dab Factory 2","DAB FACTORY LLC","RECREATIONAL PROCESSOR","No","2025-09-03","2026-09-02",,,"Exempt from Public Disclosure","Jackson",,,"Concentrate Processor"
"050-100037147CC","Cookies","HOTBOX FARMS LLC","RECREATIONAL RETAILER","No",,"2026-10-17",,,"2317 NW 11TH ST ONTARIO OR  97914-1157","Malheur",,,"Marijuana Home Delivery, Medical Marijuana Retailer"
"050-1001843EA13","The Lucky Leaf","THE LUCKY LEAF LLC","RECREATIONAL RETAILER","No","2025-12-31","2026-12-30",,,"208 JERSEY ST SILVERTON OR  97381-1627","Marion",,,"Marijuana Home Delivery, Medical Marijuana Retailer"
"050-10010393593","Kaya Shack","MJAI OREGON 1, LLC","RECREATIONAL RETAILER","Yes","2025-09-03","2026-05-01","2025-09-03",,"38012 HIGHWAY 26 # 2, SEASIDE OR  97138-6365","Multnomah",,,"Marijuana Home Delivery, Medical Marijuana Retailer"
"030-6428","Nimble Kitchen","JHMR INC","RECREATIONAL PROCESSOR","No","2025-10-18","2026-10-17",,,"Exempt from Public Disclosure","Clackamas",,,"Edible Processor, Industrial Hemp, Topical Processor"
"050-10008693DF6","La Mota","AMCM LLC","RECREATIONAL RETAILER","No","2026-07-15","2026-10-30",,,"158 S HIGHWAY 101 ROCKAWAY BEACH OR  97136","Tillamook",,,"Marijuana Home Delivery, Medical Marijuana Retailer"
"050-1002260AA4F","The Green Planet","THE GREEN PLANET, INC.","RECREATIONAL RETAILER","No","2026-05-15","2026-12-27",,,"10100 SW CANYON RD BEAVERTON OR  97005-1900","Washington",,,"Marijuana Home Delivery, Medical Marijuana Retailer"
"050-100157201FF","OG Collective, LLC","OG COLLECTIVE, LLC || OG LEASING, LLC","RECREATIONAL RETAILER","No","2026-07-02","2027-01-31",,,"3537 COMMERCIAL ST SE SALEM OR  97302-3829","Marion",,,"Marijuana Home Delivery, Medical Marijuana Retailer"
"030-9578","Rogue Extracts","AJM CREATIVE CONCEPTS LLC","RECREATIONAL PROCESSOR","No","2026-01-28","2027-01-27",,,"Exempt from Public Disclosure","Jackson",,,"Concentrate Processor, Extract Processor, Industrial Hemp"
"050-10000680436","MARITIME CAFE","ELSNER INC.","RECREATIONAL RETAILER","No","2026-01-01","2026-12-31",,,"17417 SE MCLOUGHLIN BLVD MILWAUKIE OR  97267-5906","Clackamas",,,"Marijuana Home Delivery, Medical Marijuana Retailer"
"050-10009873CDF","West Salem Cannabis","COWGIRL CANNABIS LLC","RECREATIONAL RETAILER","No","2025-12-20","2026-12-19",,,"2625 SALEM DALLAS HWY NW STE 100, SALEM OR  97304-4514","Polk",,,"Marijuana Home Delivery, Medical Marijuana Retailer"
"050-10028857D5D","Apothca","AC EUGENE LLC","RECREATIONAL RETAILER","No","2026-01-18","2027-01-17",,,"1205 ALDER ST EUGENE OR  97401-3712","Lane",,,"Marijuana Home Delivery, Medical Marijuana Retailer"
"050-10015902FDC","Portland Best Buds","PBB RETAIL LLC","RECREATIONAL RETAILER","No","2025-11-29","2026-11-28",,,"6313 N LOMBARD ST STE B, PORTLAND OR  97203-4114","Multnomah",,,"Medical Marijuana Retailer"
"050-1000146ACE7","Happy Leaf","PACIFIC ECLIPSE NW LLC","RECREATIONAL RETAILER","No","2025-12-12","2026-12-11",,,"1301 NE BROADWAY ST PORTLAND OR  97232-1235","Multnomah",,,"Medical Marijuana Retailer"
"050-1001106576F","Kaleafa","WWMP LLC","RECREATIONAL RETAILER","No","2025-12-31","2026-12-30",,,"5232 SE WOODSTOCK BLVD PORTLAND OR  97206-6823","Multnomah",,,"Marijuana Home Delivery, Medical Marijuana Retailer"
"050-1003171DF64","Oregon Coast Dispensary Inc","OREGON COAST DISPENSARY INC","RECREATIONAL RETAILER","No","2026-01-02","2027-01-01",,,"861 A NW BEACH DR NEWPORT OR  97365-3548","Lincoln",,,"Marijuana Home Delivery, Medical Marijuana Retailer"
"020-9292","Blue Bee ","BLUE BEE LLC","RECREATIONAL PRODUCER","No","2026-05-28","2027-01-16",,,"Exempt from Public Disclosure","Jackson","Tier II","Outdoor",
"050-10001534ACF","Silver Stem Fine Cannabis","JIMS LLC","RECREATIONAL RETAILER","No","2026-01-01","2026-12-31",,,"12240 N JANTZEN DR PORTLAND OR  97217-8137","Multnomah",,,"Marijuana Home Delivery, Medical Marijuana Retailer"
"050-100136209F4","La Mota ","LA MOTA 6 LLC","RECREATIONAL RETAILER","No","2026-07-06","2027-01-03",,,"17 S RIVERSIDE AVE MEDFORD OR  97501-7232","Jackson",,,"Marijuana Home Delivery, Medical Marijuana Retailer"
"050-10033590195","Canna Bros.","RIVERGLASS SHOP LLC","RECREATIONAL RETAILER","No","2026-06-20","2027-06-19",,,"1210 W MAIN ST SHERIDAN OR  97378","Yamhill",,,"Medical Marijuana Retailer"
"020-9507","Mountain Horizon LLC","MOUNTAIN HORIZON LLC","RECREATIONAL PRODUCER","No","2026-01-30","2027-01-23",,,"Exempt from Public Disclosure","Jackson","Tier II","Outdoor",
"050-1000235878E","Club Sky High","TR JONES LLC","RECREATIONAL RETAILER","No","2025-12-23","2026-12-22",,,"8957 N LOMBARD ST PORTLAND OR  97203-3003","Multnomah",,,"Marijuana Home Delivery, Medical Marijuana Retailer"
"050-1001576D112","Rogue River Herbal PMC","SHERYL RABITOY","RECREATIONAL RETAILER","Yes","2026-01-07","2026-01-29","2026-01-07",,"1024 COURT ST STE D, MEDFORD OR  97501-5700","Jackson",,,"Marijuana Home Delivery"
"050-1003884B7AC","DEFYNE PREMIUM CANNABIS","PACIFIC GREEN LLC","RECREATIONAL RETAILER","Yes","2024-11-14","2024-12-26","2024-11-14",,"3821 PACIFIC AVE FOREST GROVE OR  97116-2223","Washington",,,
"020-9807","Big Brother","BIG BROTHER LLC","RECREATIONAL PRODUCER","No","2026-02-04","2027-02-03",,,"Exempt from Public Disclosure","Jackson","Tier II","Outdoor",
"050-1000236A6D2","The Dispensary on 52nd","DICOT DERBY FARMS LLC","RECREATIONAL RETAILER","No","2026-07-08","2026-12-13",,,"4452 SE 52ND AVE PORTLAND OR  97206-3922","Multnomah",,,"Marijuana Home Delivery, Medical Marijuana Retailer"
"050-1001606EE83","Serra Belmont","GW RETAIL BELMONT INC","RECREATIONAL RETAILER","No","2025-12-13","2026-12-12",,,"2519 SE BELMONT ST PORTLAND OR  97214-2822","Multnomah",,,"Marijuana Home Delivery, Medical Marijuana Retailer"
"050-1003982A725","Phresh Cannabis","ACNM, LLC","RECREATIONAL RETAILER","Yes","2021-01-06","2025-01-05",,,"2743 19TH AVE FOREST GROVE OR  97116-2622","Washington",,,
"030-1000741B96D","elbe's edibles","ELBE'S EDIBLES, LLC","RECREATIONAL PROCESSOR","No","2025-12-01","2026-11-30",,,"Exempt from Public Disclosure","Multnomah",,,"Concentrate Processor, Edible Processor, Medical Marijuana Processor, Topical Processor"
"030-10020621CD8","Evolvd","PROCO LLC","RECREATIONAL PROCESSOR","Yes","2024-12-26","2025-02-16","2024-12-26",,"Exempt from Public Disclosure","Lane",,,
"050-1000292877D","Stone Age Farmacy","GREENLAND ENTERPRISES INC.","RECREATIONAL RETAILER","Yes","2023-10-31","2024-06-06","2024-06-06",,"8621 SW CANYON DR PORTLAND OR  97225-3436","Washington",,,"Medical Marijuana Retailer"
"050-100167455A3","M Thrive Organics LLC","M THRIVE ORGANICS LLC","RECREATIONAL RETAILER","No","2026-08-06","2026-11-20",,,"3226 W 2ND ST THE DALLES OR  97058-4122","Wasco",,,"Marijuana Home Delivery, Medical Marijuana Retailer"
"050-1004337113E","Paradise Found","JIMO HOLDINGS LLC","RECREATIONAL RETAILER","No","2026-01-23","2027-01-22",,,"10735 NE HALSEY ST PORTLAND OR  97220-4078","Multnomah",,,"Medical Marijuana Retailer"
"020-9185","PB&J flowers","PB&J FLOWERS, LLC","RECREATIONAL PRODUCER","Yes","2026-04-22","2027-01-14","2026-04-22",,"Exempt from Public Disclosure","Yamhill","Tier II","Indoor",
"020-101682142A8","Falahi","FALAHI, LLC","RECREATIONAL PRODUCER","No","2025-08-27","2026-08-26",,,"Exempt from Public Disclosure","Lane","Tier I","Indoor",
"020-3544","Calyx Cultivation 2","THUROW PRODUCTIONS LLC","RECREATIONAL PRODUCER","No","2026-05-28","2027-05-27",,,"Exempt from Public Disclosure","Deschutes","Tier I","Indoor",
"030-1002348C969","Bobsled","BOBSLED FARMS LLC","RECREATIONAL PROCESSOR","No","2026-09-11","2027-09-10",,,"Exempt from Public Disclosure","Clackamas",,,"Concentrate Processor, Edible Processor, Extract Processor, Industrial Hemp, Topical Processor"
"020-9584","Fortune Company","FORTUNE COMPANY LLC","RECREATIONAL PRODUCER","No","2026-02-04","2027-01-27",,,"Exempt from Public Disclosure","Lane","Tier II","Indoor",
"020-1016886ED74","Highway Farm","HIGHWAY FARM LLC","RECREATIONAL PRODUCER","Yes","2025-09-24","2026-09-23",,,"Exempt from Public Disclosure","Josephine","Tier II","Mixed",
"020-3633","Northwest OG","NORTHWEST OG, LLC","RECREATIONAL PRODUCER","Yes","2024-12-20","2025-05-31",,,"Exempt from Public Disclosure","Lane","Tier II","Outdoor",
"030-10037523839","Sun God Medicinals","SUN BREEZE INC","RECREATIONAL PROCESSOR","No","2025-11-10","2026-11-09",,,"Exempt from Public Disclosure","Jackson",,,"Concentrate Processor, Edible Processor, Industrial Hemp, Medical Marijuana Processor, Topical Processor"
"030-100220323C3","MaryJans, Fenyx","SIMPLEE GREEN, LLC","RECREATIONAL PROCESSOR","No","2026-07-24","2027-07-23",,,"Exempt from Public Disclosure","Lane",,,"Processing for Cardholders, Concentrate Processor, Edible Processor, Industrial Hemp, Medical Marijuana Processor, Topical Processor"
"020-1016931E887","Zuni Products","ZUNI PRODUCTS, INC.","RECREATIONAL PRODUCER","Yes","2023-07-06","2024-07-05",,,"Exempt from Public Disclosure","Josephine","Tier II","Outdoor",
"020-3762","JDB Express LLC","JDB EXPRESS LLC","RECREATIONAL PRODUCER","Yes","2026-03-16","2026-06-17","2026-03-16",,"Exempt from Public Disclosure","Josephine","Tier II","Outdoor",
"050-10047883377","Sumpter Nugget","POWDER RIVER INDUSTRIES LLC","RECREATIONAL RETAILER","No","2026-01-12","2027-01-11",,,"160 MILL ST STE 102, SUMPTER OR  97877","Baker",,,"Medical Marijuana Retailer"
"050-10020483760","Cannabis Nation - Seaside","SSCN INC","RECREATIONAL RETAILER","No","2026-04-09","2026-12-28",,,"550 S ROOSEVELT DR SEASIDE OR  97138-6748","Clatsop",,,"Marijuana Home Delivery, Medical Marijuana Retailer"
"050-1000652B6CC","Oregon Bud Company LLC","OREGON BUD COMPANY LLC","RECREATIONAL RETAILER","No","2026-08-06","2027-01-10",,,"3270 SW CEDAR HILLS BLVD BLVD 104, BEAVERTON OR  97005-1308","Washington",,,"Marijuana Home Delivery, Medical Marijuana Retailer"
"050-10020141411","Cannabis Nation Gresham","GRESHAMGOLD INC","RECREATIONAL RETAILER","No","2026-04-09","2026-10-05",,,"1500 NE DIVISION ST GRESHAM OR  97030-4254","Multnomah",,,"Marijuana Home Delivery, Medical Marijuana Retailer"
"050-10050430383","Cured Green","CURED GREEN LLC","RECREATIONAL RETAILER","No","2026-07-15","2027-04-13",,,"3715 N LOMBARD ST STE B, PORTLAND OR  97217-5966","Multnomah",,,"Marijuana Home Delivery, Medical Marijuana Retailer"
"050-1002423E8DA","The Joint on State","ANCIENT REMEDIES LLC","RECREATIONAL RETAILER","No","2024-11-03","2025-11-02",,,"2350 STATE ST SALEM OR  97301-4542","Marion",,,"Marijuana Home Delivery, Medical Marijuana Retailer"
"050-100069626B0","Oregon Farmacy","EMERALD CORNER CORP.","RECREATIONAL RETAILER","No","2026-05-22","2027-04-27",,,"1 W 6TH ST MEDFORD OR  97501-2732","Jackson",,,"Marijuana Home Delivery, Medical Marijuana Retailer"
"050-100077728CC","La Mota ","LA MOTA LLC","RECREATIONAL RETAILER","No","2026-07-08","2026-11-03",,,"7435 SE 52ND AVE PORTLAND OR  97206-8206","Multnomah",,,"Marijuana Home Delivery, Medical Marijuana Retailer"
"050-10020753B7D","Electric Lettuce- Woodlawn","GW RETAIL 220 SW 1ST INC.","RECREATIONAL RETAILER","No","2026-04-17","2026-09-30",,,"909 NE DEKUM ST PORTLAND OR  97211-3678","Multnomah",,,"Marijuana Home Delivery, Medical Marijuana Retailer"
"050-1005117D2A6","Attis Trading Company","ATTIS TRADING COMPANY - BARBUR, LLC","RECREATIONAL RETAILER","No","2025-01-21","2026-01-20",,,"7737 SW BARBUR BLVD PORTLAND OR  97219-2821","Multnomah",,,"Marijuana Home Delivery, Medical Marijuana Retailer"
"050-1002683515A","La Mota ","LA MOTA 9 LLC","RECREATIONAL RETAILER","No","2026-07-07","2027-02-12",,,"1291 W 7TH AVE EUGENE OR  97402-4529","Lane",,,"Marijuana Home Delivery, Medical Marijuana Retailer"
"050-100088728CB","Livewell Cannabis","LIVEWELL INC","RECREATIONAL RETAILER","No","2026-04-14","2027-04-13",,,"696 HAWTHORNE AVE NE SALEM OR  97301-4561","Marion",,,"Marijuana Home Delivery, Medical Marijuana Retailer"
"050-100236001BA","THE GREEN FRONT","JTW LLC","RECREATIONAL RETAILER","No","2025-12-19","2026-12-18",,,"6834 NE GLISAN ST PORTLAND OR  97213-5556","Multnomah",,,"Marijuana Home Delivery, Medical Marijuana Retailer"
"050-1005120BE71","Attis Trading Company","ATTIS TRADING COMPANY - GLADSTONE, LLC","RECREATIONAL RETAILER","No","2026-01-03","2027-01-02",,,"2606 SE GLADSTONE ST # 101 PORTLAND OR  97202-2940","Multnomah",,,"Marijuana Home Delivery, Medical Marijuana Retailer"
"050-100289392BD","Oregon Weedery","HEALTH AWARENESS GROUP, LLC","RECREATIONAL RETAILER","No","2025-11-02","2026-11-01",,,"2327 NW KEARNEY ST PORTLAND OR  97210-3015","Multnomah",,,"Marijuana Home Delivery, Medical Marijuana Retailer"
"050-1000954D8AD","Eugene OG","EUGENE OG, LLC","RECREATIONAL RETAILER","No","2026-02-06","2026-12-30",,,"2045 FRANKLIN BLVD EUGENE OR  97403-2078","Lane",,,"Marijuana Home Delivery, Medical Marijuana Retailer"
"050-10025514D43","Sweet Relief Natural Medicine","G. O. ENTERPRISES LLC","RECREATIONAL RETAILER","No","2026-04-08","2026-12-31",,,"1444 COMMERCIAL ST ASTORIA OR  97103-3815","Clatsop",,,"Medical Marijuana Retailer"
"050-1005282230C","K9 Chronic LLC","K9 CHRONIC LLC","RECREATIONAL RETAILER","Yes","2023-03-31","2025-03-30",,,"1505 18TH ST STE AB SPRINGFIELD OR  97477-7815","Lane",,,
"050-1003040668A","AmeriCanna Rx","THE 5 OF US LLC.","RECREATIONAL RETAILER","No","2025-11-14","2026-11-13",,,"8654 NE SANDY BLVD PORTLAND OR  97220-4904","Multnomah",,,"Marijuana Home Delivery, Medical Marijuana Retailer"
"050-10010004FFE","Mr. Nice Guy Veneta","HI CASCADE #3, LLC","RECREATIONAL RETAILER","No","2025-12-31","2026-12-30",,,"25561 HIGHWAY 126 VENETA OR  97487-9648","Lane",,,"Marijuana Home Delivery, Medical Marijuana Retailer"
"050-10027156F6D","Cannabend","CANNABEND, LLC","RECREATIONAL RETAILER","No","2025-01-01","2025-12-31",,"1588834-5","3312 N HIGHWAY 97 BEND OR  97703-7518","Deschutes",,,"Marijuana Home Delivery, Medical Marijuana Retailer"
"050-10053577FB7","KIND LEAF PENDLETON","KIND LEAF PENDLETON LLC","RECREATIONAL RETAILER","No","2026-02-28","2027-02-27",,,"1733 SW COURT AVE PENDLETON OR  97801-1812","Umatilla",,,"Marijuana Home Delivery, Medical Marijuana Retailer"
"050-10032789CAF","Canna Bros.","RIVERGLASS SHOP LLC","RECREATIONAL RETAILER","No","2026-01-20","2027-01-19",,,"2316 E PORTLAND RD STE C2, NEWBERG OR  97132-5402","Yamhill",,,"Medical Marijuana Retailer"
"050-10010057BC0","Mr. Nice Guy Waldport","SERENE HIGHNESS #2, LLC","RECREATIONAL RETAILER","No","2025-12-31","2026-12-30",,"01679460-3","220 NW ALSEA HWY # 34 WALDPORT OR  97394-9692","Lincoln",,,"Marijuana Home Delivery, Medical Marijuana Retailer"
"050-1002874797E","Green Man Collective","GREEN MAN COLLECTIVE, LLC","RECREATIONAL RETAILER","No","2026-01-23","2027-01-22",,,"675 NEHALEM BLVD STE A, WHEELER OR  97147","Tillamook",,,"Medical Marijuana Retailer"
"050-100542973D6","Oregon Cannabis Co. ","OREGON CANNABIS CO. REC. LLC","RECREATIONAL RETAILER","No","2025-02-27","2026-02-26",,,"1977 SANTIAM HWY SE ALBANY OR  97322-4928","Linn",,,"Marijuana Home Delivery, Medical Marijuana Retailer"
"050-1003306A6B6","Nectar","NECTAR MARKETS, LLC","RECREATIONAL RETAILER","No","2026-03-13","2026-10-11",,,"505 NW BURNSIDE RD GRESHAM OR  97030-3741","Multnomah",,,"Marijuana Home Delivery, Medical Marijuana Retailer"
"050-1003307ED92","Nectar","NECTAR MARKETS, LLC","RECREATIONAL RETAILER","No","2026-03-13","2026-10-25",,,"575 MAIN AVE N TILLAMOOK OR  97141-9211","Tillamook",,,"Marijuana Home Delivery, Medical Marijuana Retailer"
"050-100150093E2","Nectar","NECTAR MARKETS, LLC","RECREATIONAL RETAILER","No","2026-03-13","2026-12-22",,,"4125 N MISSISSIPPI AVE PORTLAND OR  97217-3130","Multnomah",,,"Marijuana Home Delivery, Medical Marijuana Retailer"
"050-100331502C1","Beaver Bowls","OMNIFIC SOL LIMITED","RECREATIONAL RETAILER","No","2026-01-02","2027-01-01",,,"227 SW 6TH ST CORVALLIS OR  97333-4616","Benton",,,"Marijuana Home Delivery, Medical Marijuana Retailer"
"050-1003343AD7E","Natural Wonders","NATURAL WONDERS LLC","RECREATIONAL RETAILER","No","2026-01-13","2027-01-12",,,"3831 SE MAIN ST PORTLAND OR  97214-4332","Multnomah",,,"Marijuana Home Delivery, Medical Marijuana Retailer"
"030-1005038E5F2","Decibel Farms","DECIBEL FARMS INC.","RECREATIONAL PROCESSOR","No","2026-08-10","2027-08-09",,,"Exempt from Public Disclosure","Jackson",,,"Concentrate Processor, Edible Processor, Industrial Hemp, Topical Processor"
"050-1003857B96E","Today's Herbal Choice, Inc.","TODAY'S HERBAL CHOICE, INC.","RECREATIONAL RETAILER","No","2026-01-01","2026-12-31",,,"31568 S HIGHWAY 213 MOLALLA OR  97038-9018","Clackamas",,,"Medical Marijuana Retailer"
"050-1002483A9C1","The Green Planet","THE GREEN PLANET, INC.","RECREATIONAL RETAILER","No","2026-05-15","2026-11-22",,,"15080 SE MCLOUGHLIN BLVD MILWAUKIE OR  97267-2825","Clackamas",,,"Marijuana Home Delivery, Medical Marijuana Retailer"
"050-10034791408","Mandy's Sugar Shack","MANDY'S SUGAR SHACK","RECREATIONAL RETAILER","Yes","2022-12-30","2023-12-29",,,"339 OR-99 S COTTAGE GROVE OR  97424-","Lane",,,"Medical Marijuana Retailer"
"030-10069097C0C","Virgin Cannabis","NEW FRONTIER LLC","RECREATIONAL PROCESSOR","No","2025-11-01","2026-10-31",,,"Exempt from Public Disclosure","Deschutes",,,"Concentrate Processor, Industrial Hemp, Topical Processor"
"050-10039622D6B","Three Kings Organics","THREE KINGS ORGANICS LLC","RECREATIONAL RETAILER","No","2026-01-30","2027-01-29",,,"224 TERMINAL AVE THE DALLES OR  97058-3503","Wasco",,,"Marijuana Home Delivery"
"050-1002555FF29","Sweet Relief Tillamook","G. O. ENTERPRISES LLC","RECREATIONAL RETAILER","No","2026-04-08","2026-12-31",,,"1906 1ST ST TILLAMOOK OR  97141-2204","Tillamook",,,"Marijuana Home Delivery, Medical Marijuana Retailer"
"050-1003951867F","Top Shelf Medicine","TSM LLC","RECREATIONAL RETAILER","No","2026-01-19","2027-01-18",,,"815 NE GREENWOOD AVE BEND OR  97701-4816","Deschutes",,,"Marijuana Home Delivery, Medical Marijuana Retailer"
"030-10070555C7B","Sector Omega","PCS RESOURCE GROUP LLC","RECREATIONAL PROCESSOR","Yes","2025-12-30","2026-09-22","2025-12-30",,"Exempt from Public Disclosure","Marion",,,"Concentrate Processor, Medical Marijuana Processor, Topical Processor"
"050-10042166E81","Sweet Tree Farms","SWEET TREE FARMS INC","RECREATIONAL RETAILER","No","2026-01-06","2027-01-05",,,"4097 W 11TH AVE EUGENE OR  97402-5623","Lane",,,"Marijuana Home Delivery, Medical Marijuana Retailer"
"050-10025563EE3","Sweet Relief St. Helens","G. O. ENTERPRISES LLC","RECREATIONAL RETAILER","No","2026-04-08","2026-12-29",,,"1809 COLUMBIA BLVD SAINT HELENS OR  97051-6220","Columbia",,,"Marijuana Home Delivery, Medical Marijuana Retailer"
"050-1004054A790","Going Green Grand Ronde","GOING GREEN ALBANY INC","RECREATIONAL RETAILER","No","2026-01-12","2027-01-11",,,"8675 FORT HILL RD WILLAMINA OR  97396-9736","Yamhill",,,"Marijuana Home Delivery, Medical Marijuana Retailer"
"030-1007601BF59","Left Hand Labs","LEFT HAND LABS, LLC","RECREATIONAL PROCESSOR","No","2026-01-16","2027-01-15",,,"Exempt from Public Disclosure","Lane",,,"Concentrate Processor, Edible Processor, Industrial Hemp, Medical Marijuana Processor, Topical Processor"
"050-1004294B93A","Tree House Collective","TREE HOUSE COLLECTIVE LLC","RECREATIONAL RETAILER","No","2026-01-01","2026-12-31",,,"2419 NE SANDY BLVD PORTLAND OR  97232-2339","Multnomah",,,"Medical Marijuana Retailer"
"050-1002566EF10","The Medication Station","THE MEDICATION STATION, INC.","RECREATIONAL RETAILER","No","2025-12-28","2026-12-27",,,"1041 HIGHWAY 99 COTTAGE GROVE OR  97424","Lane",,,"Medical Marijuana Retailer"
"050-10026282919","Fireside Dispensary","FIRESIDE DISPENSARY, INC.","RECREATIONAL RETAILER","Yes","2026-02-10","2026-12-18","2026-02-10",,"2707 NE BROADWAY ST PORTLAND OR  97232-1722","Jackson",,,"Medical Marijuana Retailer"
"050-10040768BFD","Ocean Grown Cannabis Company LLC","OCEAN GROWN CANNABIS COMPANY LLC","RECREATIONAL RETAILER","Yes","2024-06-06","2025-01-29",,,"580 SW TWIN OAKS CIR CORVALLIS OR  97333-1115","Benton",,,"Marijuana Home Delivery, Medical Marijuana Retailer"
"050-1005499C76F","Forward Cannabis","FORWARD RETAIL LLC","RECREATIONAL RETAILER","Yes","2025-05-10","2026-05-09",,,"1580 NE 7TH ST STE A, GRANTS PASS OR  97526-1316","Josephine",,,"Marijuana Home Delivery, Medical Marijuana Retailer"
"050-10045414F9E","Natural Remedies","GREEN REMEDIES LLC","RECREATIONAL RETAILER","No","2026-03-02","2027-03-01",,,"8700 SW BARBUR CT STE Z, PORTLAND OR  97219-4074","Multnomah",,,"Medical Marijuana Retailer"
"050-1002834A6BC","Oregon Coast Cannabis","NEHALEM BAY WELLNESS, LTD.","RECREATIONAL RETAILER","No","2026-01-01","2026-12-31",,,"868 LANEDA AVE MANZANITA OR  97130","Tillamook",,,"Medical Marijuana Retailer"
"050-1004082F8AD","Lincoln City Collective","OG3, LLC.","RECREATIONAL RETAILER","No","2026-01-01","2026-12-31",,,"1266 SW 50TH ST LINCOLN CITY OR  97367-1310","Lincoln",,,"Marijuana Home Delivery, Medical Marijuana Retailer"
"050-10055625B58","Kush Cart","KUSH CART LLC","RECREATIONAL RETAILER","No","2026-08-11","2027-08-10",,,"5100 SE HARNEY DR STE 237, 238, & 239, PORTLAND OR  97206-0826","Multnomah",,,"Marijuana Home Delivery, Medical Marijuana Retailer"
"050-1004661768A","Farm Grass Table","PREMIUM MEDICINE OF OREGON LLC","RECREATIONAL RETAILER","No","2025-11-30","2026-11-29",,,"4140 WESTCLIFF DR HOOD RIVER OR  97031-7719","Hood River",,,"Medical Marijuana Retailer"
"050-1003305612E","Nectar","NECTAR MARKETS, LLC","RECREATIONAL RETAILER","No","2026-03-13","2026-12-30",,,"340 RIVER RD EUGENE OR  97404-3239","Lane",,,"Marijuana Home Delivery, Medical Marijuana Retailer"
"050-1004120449B","GREEN APPLE NW","JIN'S INC.","RECREATIONAL RETAILER","No","2026-08-29","2027-08-28",,,"24180 SE BORGES RD # A DAMASCUS OR  97089-6590","Clackamas",,,"Marijuana Home Delivery, Medical Marijuana Retailer"
"050-100595905E3","Electric Lettuce Oregon City","OREGON CITY RETAIL INVESTMENTS, INC","RECREATIONAL RETAILER","No","2026-06-17","2027-06-16",,,"1279 MOLALLA AVE OREGON CITY OR  97045-3743","Clackamas",,,"Marijuana Home Delivery, Medical Marijuana Retailer"
"050-1004716B1DB","Phresh Start LLC","PHRESH START LLC","RECREATIONAL RETAILER","No","2026-02-27","2027-02-26",,,"1623 21ST ST STE B, SPRINGFIELD OR  97477-3417","Lane",,,"Marijuana Home Delivery, Medical Marijuana Retailer"
"050-100392377F1","La Mota","LA MOTA LEBANON LLC","RECREATIONAL RETAILER","No","2026-07-07","2027-02-12",,,"620 S MAIN ST LEBANON OR  97355-3337","Linn",,,"Marijuana Home Delivery, Medical Marijuana Retailer"
"050-1004330B65D","Swed.co","MAX CONSULTING GROUP LLC","RECREATIONAL RETAILER","No","2026-02-17","2027-02-16",,,"2058 NW BURNSIDE RD GRESHAM OR  97030-3528","Multnomah",,,"Medical Marijuana Retailer"
"050-1006174477B","Blackbird Crow","BLACKBIRD CROW LLC","RECREATIONAL RETAILER","Yes","2023-11-02","2024-05-09","2024-05-09",,"593 JACKSON ST E MONMOUTH OR  97361-1513","Polk",,,
"050-1004871D96B","S & S Emporium","S & S EMPORIUM LLC","RECREATIONAL RETAILER","Yes","2023-03-01","2024-02-29",,,"294 CENTRAL AVE COOS BAY OR  97420-2207","Coos",,,"Marijuana Home Delivery, Medical Marijuana Retailer"
"050-10041073E5E","Jayne","JAYNE INC.","RECREATIONAL RETAILER","Yes","2025-09-15","2025-12-28","2025-09-15","01657781-1","2145 NE MARTIN LUTHER KING JR BLVD PORTLAND OR  97212-3725","Multnomah",,,"Marijuana Home Delivery, Medical Marijuana Retailer"
"050-10044175634","THC Recreation Station Salem","NATURE QUEST, LLC","RECREATIONAL RETAILER","No","2026-01-18","2027-01-17",,,"1295 OXFORD ST SE SALEM OR  97302-2838","Marion",,,"Marijuana Home Delivery, Medical Marijuana Retailer"
"050-1006287B0C6","Papa Buds","MML HOLDINGS LLC","RECREATIONAL RETAILER","No","2025-08-31","2026-08-30",,,"4020 SE CESAR E CHAVEZ BLVD PORTLAND OR  97202-3110","Multnomah",,,"Marijuana Home Delivery, Medical Marijuana Retailer"
"050-1006350ECEF","Speedy Janes","SPEEDY JANES, LLC","RECREATIONAL RETAILER","No","2025-10-09","2026-10-08",,,"733 SW DENNIS AVE HILLSBORO OR  97123-5609","Washington",,,"Marijuana Home Delivery, Medical Marijuana Retailer"
"050-10049061904","HomeGrown Remedies","HOME GROWN REMEDIES LLC","RECREATIONAL RETAILER","No","2026-01-05","2027-01-04",,,"277 N 3RD AVE STAYTON OR  97383-1723","Marion",,,"Medical Marijuana Retailer"
"050-10041223AB3","Canyon Cannabis","CANYON CANNABIS LLC","RECREATIONAL RETAILER","No","2026-03-07","2027-03-06",,,"415 NE SANTIAM BLVD MILL CITY OR  97360-0088","Linn",,,"Medical Marijuana Retailer"
"050-10044942643","Green Cross Cannabis Emporium","TLC MEDICAL, INC.","RECREATIONAL RETAILER","Yes","2025-04-27","2026-03-05","2025-04-27","1721081-1","3165 RIVER RD N KEIZER OR  97303-6001","Marion",,,"Medical Marijuana Retailer"
"030-10078243D43","Mule Extracts ","JAWC, INC","RECREATIONAL PROCESSOR","No","2026-07-12","2027-07-11",,,"Exempt from Public Disclosure","Clackamas",,,"Concentrate Processor, Edible Processor, Extract Processor, Industrial Hemp, Medical Marijuana Processor, Topical Processor"
"050-10051364EB2","Kaleafa Gresham","1450 SE ORIENT LLC","RECREATIONAL RETAILER","No","2025-05-07","2026-05-06",,,"1450 SE ORIENT DR GRESHAM OR  97080-6219","Multnomah",,,"Marijuana Home Delivery, Medical Marijuana Retailer"
"050-1004282BD55","Porltand Canna Connection","HAWTHCO ONE CORPORATION","RECREATIONAL RETAILER","Yes","2026-05-18","2026-12-31","2026-05-18",,"1515 SE 46TH AVE PORTLAND OR  97215-3107","Multnomah",,,"Marijuana Home Delivery, Medical Marijuana Retailer"
"050-10045349EFC","SMOKE ON THE MOUNTAIN LLC","SMOKE ON THE MOUNTAIN LLC","RECREATIONAL RETAILER","No","2026-01-31","2027-01-30",,,"23860 E ARRAH WANNA BLVD WELCHES OR  97067-9764","Clackamas",,,"Marijuana Home Delivery, Medical Marijuana Retailer"
"030-10080638ABF","Goddess Nectar","GODDESS NECTAR EXTRACTS, LLC","RECREATIONAL PROCESSOR","Yes","2025-02-12","2025-11-01","2025-02-12",,"Exempt from Public Disclosure","Josephine",,,"Extract Processor"
"050-1006382C6BF","Green Muse LLC","GREEN MUSE LLC","RECREATIONAL RETAILER","No","2025-10-04","2026-10-03",,,"5515 NE 16TH AVE PORTLAND OR  97211-4942","Multnomah",,,"Marijuana Home Delivery, Medical Marijuana Retailer"
"050-10043201EF5","Tamerans","ANTHEIA CREATIONS LLC","RECREATIONAL RETAILER","Yes","2024-03-25","2024-06-13","2024-06-13",,"3388 MERLIN RD GRANTS PASS OR  97526-8421","Josephine",,,
"050-1004542CDD8","Redbarn Cannabis","REDBARN PHARMS LLC","RECREATIONAL RETAILER","No","2026-08-28","2027-08-27",,,"1069 N OLD PACIFIC HWY MYRTLE CREEK OR  97457-7465","Douglas",,,"Marijuana Home Delivery, Medical Marijuana Retailer"
"030-1009512285E","Grown Rogue ","GROWN ROGUE GARDENS LLC","RECREATIONAL PROCESSOR","No","2026-06-18","2027-05-26",,,"Exempt from Public Disclosure","Jackson",,,"Concentrate Processor"
"050-10068514E68","Floyd's Fine Cannabis","BTE REED, LLC","RECREATIONAL RETAILER","No","2026-09-01","2027-08-31",,,"5217 SE 28TH AVE PORTLAND OR  97202-4506","Multnomah",,,"Marijuana Home Delivery, Medical Marijuana Retailer"
"050-100479383D7","Monmouth Cannabis","COWGIRL CANNABIS LLC","RECREATIONAL RETAILER","No","2026-05-15","2027-05-14",,,"210 PACIFIC AVE S STE A, MONMOUTH OR  97361-1578","Polk",,,"Marijuana Home Delivery, Medical Marijuana Retailer"
"050-1004550B848","Green Gratitude","JOSEPH GLOVER LLC","RECREATIONAL RETAILER","Yes","2025-10-17","2025-12-26","2025-10-17",,"10322 SE HOLGATE BLVD PORTLAND OR  97266-2421","Multnomah",,,"Marijuana Home Delivery, Medical Marijuana Retailer"
"030-1010017D58C","kaCha","GOONIE FARMS INC","RECREATIONAL PROCESSOR","Yes","2024-09-17","2025-03-02","2024-09-18",,"Exempt from Public Disclosure","Clatsop",,,"Concentrate Processor"
"050-1006946EE11","CannaVida","NWCHRONIC LLC","RECREATIONAL RETAILER","Yes","2026-04-17","2026-08-13","2026-04-17",,"325 NE FRANKLIN AVE BEND OR  97701-4917","Deschutes",,,"Marijuana Home Delivery, Medical Marijuana Retailer"
"050-10050307AF1","The Green Planet","THE GREEN PLANET, INC.","RECREATIONAL RETAILER","No","2026-05-15","2027-06-20",,,"15350 SW 116TH AVE KING CITY OR  97224-2658","Washington",,,"Marijuana Home Delivery, Medical Marijuana Retailer"
"050-10046559560","Marie Janes Cannabis Connection","ZERJAN LLC","RECREATIONAL RETAILER","No","2026-03-07","2027-03-06",,,"568 SW 3RD ST CORVALLIS OR  97333-4439","Benton",,,"Marijuana Home Delivery, Medical Marijuana Retailer"
"050-10047520A20","World Famous Top Shelf Cannabis","SMART CHOICE INVESTMENTS LLC","RECREATIONAL RETAILER","No","2026-02-27","2027-02-26",,,"704 CHETCO AVE STE A, BROOKINGS OR  97415-2512","Curry",,,"Marijuana Home Delivery, Medical Marijuana Retailer"
"030-10109614F60","Evolution Group LLC","EVOLUTION GROUP LLC","RECREATIONAL PROCESSOR","No","2026-02-08","2027-02-07",,,"Exempt from Public Disclosure","Deschutes",,,"Concentrate Processor, Edible Processor, Industrial Hemp, Medical Marijuana Processor, Topical Processor"
"050-1007581CF85","HASHSTORIA","JCCD LLC","RECREATIONAL RETAILER","No","2026-08-04","2025-08-21",,,"229 W MARINE DR STE C, ASTORIA OR  97103-6220","Clatsop",,,"Marijuana Home Delivery, Medical Marijuana Retailer"
"050-10052669AAA","Stateline Cannabis","TECHLOGIX CONSULTING LLC","RECREATIONAL RETAILER","No","2026-03-14","2027-03-13",,,"14377 HIGHWAY 101 S UNIT B, BROOKINGS OR  97415-8322","Curry",,,"Marijuana Home Delivery, Medical Marijuana Retailer"
"050-1004764F055","Local Herb","DIVISION HOLISTIC LLC","RECREATIONAL RETAILER","No","2026-04-29","2026-12-31",,,"15935 SE DIVISION ST PORTLAND OR  97236-2058","Multnomah",,,"Marijuana Home Delivery, Medical Marijuana Retailer"
"020-3763","NT Trade LLC","NT TRADE LLC","RECREATIONAL PRODUCER","No","2026-06-18","2027-06-17",,,"Exempt from Public Disclosure","Clackamas","Tier II","Indoor",
"050-1007718656B","The Arboretum","BERYL INDUSTRIES LLC","RECREATIONAL RETAILER","No","2026-02-22","2027-02-21",,,"1541 HIGHWAY 101 FLORENCE OR  97439-9603","Lane",,,"Marijuana Home Delivery, Medical Marijuana Retailer"
"050-1005537C257","T.E.R.P Collective INC","T.E.R.P COLLECTIVE INC","RECREATIONAL RETAILER","Yes","2023-04-05","2024-04-04",,,"4355 NW HIGHWAY 101 STE A LINCOLN CITY OR  97367-4989","Lincoln",,,"Marijuana Home Delivery, Medical Marijuana Retailer"
"050-1004766AB16","Citi Zen","EIGHTFOLD INC.","RECREATIONAL RETAILER","No","2026-02-03","2027-02-02",,,"6305 PACIFIC AVE CLOVERDALE OR  97112-9532","Tillamook",,,"Medical Marijuana Retailer"
"020-3787","Moon Mountain Cannabis","FLOS OPTIMUS LLC","RECREATIONAL PRODUCER","Yes","2026-04-14","2026-06-23","2026-04-14",,"Exempt from Public Disclosure","Lane","Micro Tier I","Indoor","Micro-Tier Processing Producer, Propagation Producer"
"050-100834893DE","A Prime Leaf","PIKE PARK LLC","RECREATIONAL RETAILER","No","2026-07-06","2027-07-05",,,"2974 12TH ST SE SALEM OR  97302-3163","Marion",,,"Marijuana Home Delivery, Medical Marijuana Retailer"
"050-1005553BACC","Green Lion","MISS ORGANIC LLC","RECREATIONAL RETAILER","No","2026-03-17","2027-03-16",,,"365 S COLUMBIA RIVER HWY SAINT HELENS OR  97051-6203","Columbia",,,"Marijuana Home Delivery, Medical Marijuana Retailer"
"050-10049202770","Oregon's Own","PADDYEUGENE FC, LLC","RECREATIONAL RETAILER","Yes","2025-07-29","2026-05-13","2025-07-29",,"2077 NE TOWN CENTER DR STE 113, HILLSBORO OR  97006-8938","Multnomah",,,"Marijuana Home Delivery, Medical Marijuana Retailer"
"020-3855","Crooks Creek","CROOKS CREEK LLC","RECREATIONAL PRODUCER","No","2026-07-12","2027-07-11",,,"Exempt from Public Disclosure","Josephine","Tier II","Outdoor",
"050-10084881C6D","Natural High","CODY RICHARD HOWARD","RECREATIONAL RETAILER","Yes","2025-03-25","2025-11-14","2025-03-25",,"114 Hwy 42 E Coquille OR  97423","Coos",,,"Marijuana Home Delivery, Medical Marijuana Retailer"
"050-1005779006B","Oregon Grown Cannabis Recreational Dispensary","OGC, LLC","RECREATIONAL RETAILER","No","2026-03-24","2027-03-23",,,"1201 W STEWART AVE MEDFORD OR  97501-3960","Jackson",,,"Marijuana Home Delivery, Medical Marijuana Retailer"
"050-10052885D4C","Diem","VLF MANAGEMENT, LLC","RECREATIONAL RETAILER","Yes","2024-04-12","2025-04-11","2024-08-01",,"1040 COMMERCIAL ST SE SALEM OR  97302-4112","Marion",,,"Marijuana Home Delivery, Medical Marijuana Retailer"
"020-3963","KAKC Enterprise","KAKC ENTERPRISE LLC","RECREATIONAL PRODUCER","No","2026-08-08","2027-08-07",,,"Exempt from Public Disclosure","Jackson","Tier II","Outdoor",
"020-4190","Gusto Gardens","GUSTO GARDENS LLC","RECREATIONAL PRODUCER","No","2025-08-20","2026-08-19",,,"Exempt from Public Disclosure","Jackson","Tier II","Outdoor","Propagation Producer"
"050-10085557734","The Oz. House","MNG HOLDINGS, LLC","RECREATIONAL RETAILER","No",,"2026-03-22",,"0173815 93","712 PARK ST LEBANON OR  97355-3202","Linn",,,"Marijuana Home Delivery, Medical Marijuana Retailer"
"050-1005889ADB7","Nectar","NECTAR MARKETS, LLC","RECREATIONAL RETAILER","No","2026-09-08","2027-09-07",,,"9127 SE STARK ST PORTLAND OR  97216-1637","Multnomah",,,"Marijuana Home Delivery, Medical Marijuana Retailer"
"050-1005305255D","Grasslands Dispensary","MCQ WORKS LLC","RECREATIONAL RETAILER","No","2026-03-15","2027-03-14",,,"154 LAWRENCE ST EUGENE OR  97401-2253","Lane",,,
"030-10025752074","Apis Hyve LLC","APIS HYVE LLC","RECREATIONAL PROCESSOR","No","2026-10-05","2027-10-04",,,"Exempt from Public Disclosure","Lane",,,"Concentrate Processor, Edible Processor, Extract Processor, Industrial Hemp, Topical Processor"
"050-1005050D2DA","West Coast Organics","WEST COAST ORGANICS LLC","RECREATIONAL RETAILER","Yes","2025-05-15","2026-01-30","2025-05-15",,"855 RAILROAD ST STE C, BROOKINGS OR  97415-9697","Curry",,,"Marijuana Home Delivery, Medical Marijuana Retailer"
"020-10170830865","Mountain Men Exotic","TR ASSETS LLC","RECREATIONAL PRODUCER","Yes","2025-07-08","2026-07-07",,,"Exempt from Public Disclosure","Josephine","Tier II","Outdoor",
"030-1011019FF54","elevate holdings llc","ELEVATE HOLDINGS LLC","RECREATIONAL PROCESSOR","Yes","2026-01-12","2026-01-17","2026-01-12",,"Exempt from Public Disclosure","Clackamas",,,"Processing for Cardholders, Concentrate Processor, Edible Processor, Industrial Hemp, Medical Marijuana Processor"
"030-1002931FDDD","Dr Phill's Pharma","DR PHILL'S PHARMA LLC","RECREATIONAL PROCESSOR","Yes","2024-11-07","2025-05-07","2024-11-07",,"Exempt from Public Disclosure","Clackamas",,,"Edible Processor, Industrial Hemp"
"050-1008712E87C","FX 420 INC","FX 420 INC","RECREATIONAL RETAILER","No","2026-04-04","2027-04-03",,,"161 NE GARDEN VALLEY BLVD STE 105, ROSEBURG OR  97470-5117","Douglas",,,"Marijuana Home Delivery, Medical Marijuana Retailer"
"020-10171250514","Leefted","LEEFTED LLC","RECREATIONAL PRODUCER","No","2025-06-24","2026-06-23",,,"Exempt from Public Disclosure","Josephine","Tier II","Mixed",
"030-10110590A77","CROWN B ALCHEMY","OLD WILLAMETTE ICE CREAMERY, LLC","RECREATIONAL PROCESSOR","No","2026-04-20","2027-01-31",,,"Exempt from Public Disclosure","Multnomah",,,"Concentrate Processor, Edible Processor, Industrial Hemp"
"030-10031072025","Groundworks Workshop","EPOCH INVESTMENTS LLC","RECREATIONAL PROCESSOR","No","2025-12-05","2026-12-04",,,"Exempt from Public Disclosure","Multnomah",,,"Concentrate Processor, Edible Processor, Industrial Hemp, Medical Marijuana Processor, Topical Processor"
"050-10088926F6F","kaleafa","11821 NE GLISAN LLC","RECREATIONAL RETAILER","No","2025-11-03","2026-09-20",,,"11821 NE GLISAN ST PORTLAND OR  97220-2142","Multnomah",,,"Marijuana Home Delivery, Medical Marijuana Retailer"
"030-10113226FBA","Cascade Pure LLC","CASCADE PURE LLC","RECREATIONAL PROCESSOR","Yes","2023-12-07","2024-12-06",,,"Exempt from Public Disclosure","Deschutes",,,"Concentrate Processor, Edible Processor, Industrial Hemp, Medical Marijuana Processor, Topical Processor"
"020-4912","Village Green","EMERALD GREEN INC","RECREATIONAL PRODUCER","No","2026-08-20","2026-09-08",,,"Exempt from Public Disclosure","Jackson","Tier II","Outdoor",
"050-1005063D72C","Doctor's Orders","TRELLIS HOLDINGS OP - 3424 NE 82ND AVENUE LLC","RECREATIONAL RETAILER","No","2025-01-11","2026-01-10",,,"3424 NE 82ND AVE PORTLAND OR  97220-5116","Multnomah",,,"Medical Marijuana Retailer"
"020-1017128A213","Grape_God Gardens","GRAPE_GOD GARDENS LLC","RECREATIONAL PRODUCER","No","2025-10-13","2026-10-12",,,"Exempt from Public Disclosure","Marion","Micro Tier II","Indoor","Micro-Tier Processing Producer"
"020-5226","Not Even Worth Knowing","NOT EVEN WORTH KNOWING LLC","RECREATIONAL PRODUCER","No","2025-09-17","2026-09-16",,,"Exempt from Public Disclosure","Clatsop","Tier I","Indoor",
"050-10054414005","BUD BROS LLC","BUD BROS LLC","RECREATIONAL RETAILER","No","2026-02-14","2027-02-13",,,"1240 CHETCO AVE STE E AND F, BROOKINGS OR  97415-8108","Curry",,,"Marijuana Home Delivery, Medical Marijuana Retailer"
"050-10050652956","SkunkRX","SKUNKRX LLC","RECREATIONAL RETAILER","Yes","2025-06-09","2026-02-12","2025-06-09","1655059-0","8979 ROGUE RIVER HWY STE B GRANTS PASS OR  97527-4377","Jackson",,,"Marijuana Home Delivery, Medical Marijuana Retailer"
"030-1003712ECDF","Elephant Extracts / Highly Scrumptious Edibles","E LABS, LLC","RECREATIONAL PROCESSOR","Yes","2026-03-16","2026-11-01","2026-03-16",,"Exempt from Public Disclosure","Lincoln",,,"Processing for Cardholders, Concentrate Processor, Edible Processor, Industrial Hemp, Medical Marijuana Processor"
"050-10097447A5F","Blazen Cannabis","BLAZEN CANNABIS LLC","RECREATIONAL RETAILER","No","2026-08-26","2026-10-18",,,"800 HIGHWAY 20 S HINES OR  97738-2522","Harney",,,"Marijuana Home Delivery, Medical Marijuana Retailer"
"020-5295","Garden of Eden Farm LLC","GARDEN OF EDEN FARM LLC","RECREATIONAL PRODUCER","Yes","2026-08-11","2026-09-18","2026-08-11",,"Exempt from Public Disclosure","Josephine","Tier II","Outdoor",
"050-100562112C2","Tangent Farmacy","BOYD AND LEVIT ENTERPRISES LLC","RECREATIONAL RETAILER","No","2026-04-17","2027-04-16",,,"32990 HIGHWAY 99E TANGENT OR  97389-9608","Linn",,,"Medical Marijuana Retailer"
"030-1003931C0EA","HGX","HGHA, LLC","RECREATIONAL PROCESSOR","No","2026-02-27","2027-02-26",,,"Exempt from Public Disclosure","Jackson",,,"Concentrate Processor, Industrial Hemp, Medical Marijuana Processor"
"050-10097838926","HGR2","HOME GROWN REMEDIES LLC","RECREATIONAL RETAILER","No","2026-05-30","2027-05-29",,,"7314 3RD ST SE TURNER OR  97392-9702","Marion",,,"Medical Marijuana Retailer"
"020-5513","Zohney Farms","ZOHNEY FARMS LLC","RECREATIONAL PRODUCER","No","2025-09-24","2026-09-23",,,"Exempt from Public Disclosure","Clackamas","Tier I","Indoor",
"050-100580873A9","SpaceBuds","EAGLE 5 ENTERPRISES INC.","RECREATIONAL RETAILER","No","2025-06-12","2026-06-11",,,"741 LINCOLN ST EUGENE OR  97401-2502","Lane",,,"Marijuana Home Delivery, Medical Marijuana Retailer"
"030-10047088B5F","Quantum Alchemy ","HAPPY HOLLOW FARMS, INC","RECREATIONAL PROCESSOR","Yes","2024-10-02","2025-09-20",,,"Exempt from Public Disclosure","Clackamas",,,"Processing for Cardholders, Concentrate Processor, Edible Processor, Extract Processor, Industrial Hemp, Medical Marijuana Processor, Topical Processor"
"050-1010795A99E","Tetra PDX","4.0 BELMONT, INC","RECREATIONAL RETAILER","Yes","2023-03-26","2024-03-25",,,"1815 N WILLIAMS AVE PORTLAND OR  97227-1864","Multnomah",,,"Marijuana Home Delivery, Medical Marijuana Retailer"
"050-1006368EB36","Rip City Delivery","RIP CITY DELIVERY LLC","RECREATIONAL RETAILER","Yes","2026-01-16","2026-08-17","2026-01-16",,"3518 SW MULTNOMAH BLVD PORTLAND OR  97219-3762","Multnomah",,,"Marijuana Home Delivery, Medical Marijuana Retailer"
"030-10113612E4A","Arise Labs","M & J AGRONOMICS, LLC","RECREATIONAL PROCESSOR","No","2025-12-24","2026-12-22",,,"Exempt from Public Disclosure","Lane",,,"Concentrate Processor, Edible Processor, Industrial Hemp"
"050-100516768FC","American Cannabis Company","MARIGOLD ENTERPRISES LLC","RECREATIONAL RETAILER","Yes","2024-09-25","2024-09-25","2024-09-25",,"1917 SE 7TH AVE PORTLAND OR  97214-4601","Multnomah",,,
"020-1017215D3BE","Imperial Farms","IMPERIAL ORGANICS, LLC","RECREATIONAL PRODUCER","No","2026-05-21","2026-10-14",,,"Exempt from Public Disclosure","Josephine","Tier II","Mixed","Propagation Producer"
"050-1006519C12E","Green Therapy ","GREEN THERAPY HOLDINGS INC","RECREATIONAL RETAILER","Yes","2025-12-02","2026-10-04","2025-12-02",,"85938 HIGHWAY 99 S EUGENE OR  97405-9603","Lane",,,"Marijuana Home Delivery, Medical Marijuana Retailer"
"030-1011725009A","Current Mood","WYKANUSH VENTURES, LLC","RECREATIONAL PROCESSOR","Yes","2025-08-28","2026-01-07","2025-08-28",,"Exempt from Public Disclosure","Multnomah",,,"Concentrate Processor, Medical Marijuana Processor"
"050-1005927788A","Touch of Aloha","SRH HOLDINGS LLC","RECREATIONAL RETAILER","Yes","2023-03-27","2024-03-26",,,"3885 N HIGHWAY 101 DEPOE BAY OR  97341-9767","Lincoln",,,
"020-1017240BF45","Goldhill Assets","GOLDHILL ASSETS LLC","RECREATIONAL PRODUCER","No","2026-08-25","2027-08-24",,,"Exempt from Public Disclosure","Josephine","Tier II","Outdoor",
"020-101724145F1","Agricola Independence 2","AGRICOLA INDEPENDENCE II, INC.","RECREATIONAL PRODUCER","Yes","2025-02-04","2025-08-03","2025-02-04",,"Exempt from Public Disclosure","Polk","Tier II","Indoor",
"050-10068739F36","High 5 Cannabis","BRADLEY COOK","RECREATIONAL RETAILER","No","2025-09-20","2026-09-19",,,"86531 COLLEGE VIEW RD EUGENE OR  97405-9756","Lane",,,"Medical Marijuana Retailer"
"030-10126920573","Rip City Dabs","HILLSBORO INDUSTRIES LLC","RECREATIONAL PROCESSOR","No","2025-05-31","2026-05-30",,,"Exempt from Public Disclosure","Washington",,,"Concentrate Processor, Extract Processor"
"050-10064647FD2","Green Mountain Fire","SFC LLC","RECREATIONAL RETAILER","No","2026-07-05","2027-07-04",,,"21951 SE STARK ST GRESHAM OR  97030-2033","Multnomah",,,"Marijuana Home Delivery, Medical Marijuana Retailer"
"030-1004754311D","Genesis Pharms","COMPASSIONATE CIRCLES LLC","RECREATIONAL PROCESSOR","No","2026-06-18","2026-05-03",,,"Exempt from Public Disclosure","Lane",,,"Concentrate Processor, Edible Processor, Extract Processor, Industrial Hemp, Topical Processor"
"020-5672","Pleasant Harvest ","PLEASANT HARVEST INC","RECREATIONAL PRODUCER","No","2025-09-27","2026-09-26",,,"Exempt from Public Disclosure","Lane","Tier II","Indoor",
"050-10051948111","C&C Farms Rec Shop","PATIENTS HELPING PATIENTS LLC","RECREATIONAL RETAILER","No","2024-07-27","2026-07-26",,,"2390 W MAIN ST STE D, MEDFORD OR  97501-2393","Jackson",,,
"020-10172475846","The Alchemy Stone","THE ALCHEMY STONE","RECREATIONAL PRODUCER","No","2025-09-22","2026-09-21",,,"Exempt from Public Disclosure","Clackamas","Tier I","Indoor",
"050-10067366FA8","BudMart","TECHLOGIX CONSULTING LLC","RECREATIONAL RETAILER","No","2026-07-29","2027-07-28",,,"97900 SHOPPING CENTER AVE STE 37, HARBOR OR  97415-9412","Curry",,,"Marijuana Home Delivery, Medical Marijuana Retailer"
"050-100708760AF","420 Club LLC","420 CLUB LLC","RECREATIONAL RETAILER","No","2026-05-04","2027-05-03",,,"2576 NE STEPHENS ST ROSEBURG OR  97470-1392","Douglas",,,"Marijuana Home Delivery, Medical Marijuana Retailer"
"050-10052557A5E","Premium Choice Marijuana","PREMIUM CHOICE MEDICAL MARIJUANA LLC","RECREATIONAL RETAILER","No","2026-03-17","2027-03-16",,,"1770 HIGHWAY 126 FLORENCE OR  97439-2014","Lane",,,"Marijuana Home Delivery, Medical Marijuana Retailer"
"020-10172774A00","Golden Seasons Farm","GOLDEN SEASONS ENTERPRISE LLC","RECREATIONAL PRODUCER","Yes","2023-11-29","2024-04-16",,,"Exempt from Public Disclosure","Josephine","Micro Tier I","Mixed",
"050-1006884F4A9","Floyd's Fine Cannabis","BTE 2 LLC","RECREATIONAL RETAILER","No","2026-04-14","2026-11-12",,,"5944 NE SANDY BLVD PORTLAND OR  97213-3961","Multnomah",,,"Marijuana Home Delivery, Medical Marijuana Retailer"
"030-1012697BAEC","Hillsboro Laboratories LLC","HILLSBORO LABORATORIES, LLC","RECREATIONAL PROCESSOR","Yes","2026-07-22","2027-01-31","2026-07-22",,"Exempt from Public Disclosure","Washington",,,"Concentrate Processor, Industrial Hemp, Medical Marijuana Processor"
"030-10060921E9A","Phat Dawg Pharms LLC","PHAT DAWG PHARMS LLC","RECREATIONAL PROCESSOR","No","2026-06-28","2027-06-27",,,"Exempt from Public Disclosure","Josephine",,,"Processing for Cardholders, Concentrate Processor, Extract Processor, Industrial Hemp, Topical Processor"
"050-10070500173","ReLeaf Health","RELEAF HEALTH OREGON LLC","RECREATIONAL RETAILER","Yes","2023-03-12","2024-03-11",,,"3213 NE MARTIN LUTHER KING JR BLVD PORTLAND OR  97212-2055","Multnomah",,,"Marijuana Home Delivery, Medical Marijuana Retailer"
"020-5867","Farm Bros Greens","FARM BROS GREENS LLC","RECREATIONAL PRODUCER","Yes","2026-08-11","2026-10-01","2026-08-11",,"Exempt from Public Disclosure","Josephine","Tier II","Outdoor",
"050-1007242C532","The Greener Side Detroit Lake","NEW RIDERZ DETROIT LAKE LLC","RECREATIONAL RETAILER","No","2025-11-06","2026-11-05",,,"1407 RIVER RD EUGENE OR  97404-2636","Lane",,,"Marijuana Home Delivery, Medical Marijuana Retailer"
"030-1006352F90E","High Latitude Extracts","HIGH LATITUDE EXTRACTS, LLC","RECREATIONAL PROCESSOR","No","2026-02-26","2027-02-25",,,"Exempt from Public Disclosure","Hood River",,,"Concentrate Processor, Extract Processor"
"050-10071949172","La Mota Front Ave LLC","LA MOTA FRONT AVE LLC","RECREATIONAL RETAILER","Yes","2026-08-25","2027-09-23","2026-08-25",,"5821 SE POWELL BLVD STE A, PORTLAND OR  97206-2857","Multnomah",,,"Marijuana Home Delivery, Medical Marijuana Retailer"
"020-6036","Rock River Gardens ","ROCK RIVER GARDENS LLC","RECREATIONAL PRODUCER","No","2025-10-08","2026-10-07",,,"Exempt from Public Disclosure","Josephine","Tier II","Outdoor",
"020-6789","EGA LLC","EGA LLC","RECREATIONAL PRODUCER","No","2025-10-29","2026-10-28",,,"Exempt from Public Disclosure","Clatsop","Tier II","Indoor",
"030-1013531D701","Karma Originals","FOLIUM ORIGINALS, LLC","RECREATIONAL PROCESSOR","No","2026-05-11","2027-02-06",,,"Exempt from Public Disclosure","Clackamas",,,"Concentrate Processor, Medical Marijuana Processor"
"030-1007290F3D2","Peace Love and Elixirs LLC","PEACE, LOVE AND ELIXIRS LLC","RECREATIONAL PROCESSOR","Yes","2024-07-02","2025-07-01",,,"Exempt from Public Disclosure","Washington",,,"Concentrate Processor, Edible Processor, Extract Processor, Industrial Hemp, Medical Marijuana Processor"
"050-10073803B80","Bahama Buds","CROWDED HOUSE, LLC","RECREATIONAL RETAILER","No","2026-08-26","2026-11-05",,,"1415 N BAYSHORE DR COOS BAY OR  97420-2515","Coos",,,"Marijuana Home Delivery, Medical Marijuana Retailer"
"020-7341","Next Year","NEXT YEAR LLC","RECREATIONAL PRODUCER","No","2026-07-17","2026-11-12",,,"Exempt from Public Disclosure","Jackson","Tier II","Outdoor",
"030-1014658322F","Cannavore","JV FOODS LLC","RECREATIONAL PROCESSOR","Yes","2025-04-18","2025-09-03","2025-04-18",,"Exempt from Public Disclosure","Lane",,,"Concentrate Processor, Edible Processor, Industrial Hemp, Medical Marijuana Processor, Topical Processor"
"030-10078106814","The Grasse Company","THE GRASSE COMPANY, LLC","RECREATIONAL PROCESSOR","Yes","2024-05-15","2024-08-05",,,"Exempt from Public Disclosure","Multnomah",,,"Processing for Cardholders, Concentrate Processor"
"050-10075721DCC","Kaleafa","PACIFIC NORTHWEST HORTICULTURE, LLC","RECREATIONAL RETAILER","No","2025-07-05","2026-07-04",,,"1253 SISKIYOU BLVD STE C, ASHLAND OR  97520-3915","Jackson",,,
"020-7815","Gallana","GALLANA, LLC","RECREATIONAL PRODUCER","No","2026-06-01","2026-11-25",,,"Exempt from Public Disclosure","Josephine","Tier II","Outdoor",
"030-10146738402","Owl Farm LLC","OWL FARM, LLC","RECREATIONAL PROCESSOR","Yes","2025-03-19","2026-02-01","2025-03-19",,"Exempt from Public Disclosure","Lane",,,"Concentrate Processor, Edible Processor, Topical Processor"
"030-100863092D3","Sol Cultivations INC","SOL CULTIVATIONS INC./ SOL SAP LIMITED PARTNERSHIP","RECREATIONAL PROCESSOR","No","2026-08-02","2027-08-01",,,"Exempt from Public Disclosure","Jackson",,,"Concentrate Processor, Industrial Hemp"
"050-1007806B0B8","La Mota","LA MOTA JOHNSON CREEK LLC","RECREATIONAL RETAILER","No","2026-07-07","2027-01-14",,,"3226 SE JOHNSON CREEK BLVD PORTLAND OR  97222-9207","Clackamas",,,"Marijuana Home Delivery, Medical Marijuana Retailer"
"020-8450","SunnyValley","SUNNYVALLEY IMPORT LLC","RECREATIONAL PRODUCER","Yes","2026-06-29","2026-12-11","2026-06-29",,"Exempt from Public Disclosure","Jackson","Tier II","Outdoor",
"030-10149224AD8","Verdant Leaf ","VERDANT LEAF FARMS, LLC","RECREATIONAL PROCESSOR","No","2025-06-09","2026-06-08",,,"Exempt from Public Disclosure","Washington",,,"Processing for Cardholders, Concentrate Processor, Edible Processor, Industrial Hemp, Medical Marijuana Processor, Topical Processor"
"030-10107420652","Tao Bubble Holistic Hash Tao Reserve","RUDRA LLC","RECREATIONAL PROCESSOR","Yes","2024-11-27","2024-12-03","2024-11-27",,"Exempt from Public Disclosure","Lane",,,"Concentrate Processor, Medical Marijuana Processor"
"050-1008335A9E3","Mr. Nice Guy Market St","MNG HOLDINGS, LLC","RECREATIONAL RETAILER","No",,"2026-03-12",,"0173815 93","2794 MARKET ST NE SALEM OR  97301-1641","Marion",,,"Marijuana Home Delivery, Medical Marijuana Retailer"
"020-8452","Fengmeng ","FENGMENG LLC","RECREATIONAL PRODUCER","No","2025-12-12","2026-12-11",,,"Exempt from Public Disclosure","Lane","Tier II","Indoor",
"030-1015989C92B","Engineered Extracts","ENGINEERED EXTRACTS LLC","RECREATIONAL PROCESSOR","No","2025-12-14","2026-12-13",,,"Exempt from Public Disclosure","Washington",,,"Concentrate Processor, Edible Processor, Extract Processor, Industrial Hemp, Topical Processor"
"030-1011085AA27","Craft Concentrates","STAY CONCENTRATED, LLC","RECREATIONAL PROCESSOR","No","2025-11-05","2026-11-04",,,"Exempt from Public Disclosure","Multnomah",,,"Concentrate Processor, Edible Processor, Medical Marijuana Processor"
"030-10111507A28","Archive","BURNSIDE GARDEN COLLECTIVE, LLC","RECREATIONAL PROCESSOR","No","2026-05-10","2027-05-09",,,"Exempt from Public Disclosure","Multnomah",,,"Concentrate Processor"
"050-1008848DCF8","Mr. Nice Guy - 3rd St","MNG HOLDINGS, LLC","RECREATIONAL RETAILER","Yes","2025-07-22","2025-10-16","2025-07-22","0173815 93","4618 Portland Road NE Suite 110, Salem OR  97305","Benton",,,"Marijuana Home Delivery, Medical Marijuana Retailer"
"020-8625","Flavor Farms","CJ PRODUCE LLC","RECREATIONAL PRODUCER","No","2026-06-24","2026-12-18",,,"Exempt from Public Disclosure","Josephine","Tier II","Outdoor",
"050-1005284C8D3","Going Green Albany, Inc.","GOING GREEN ALBANY INC","RECREATIONAL RETAILER","No","2026-02-09","2027-02-08",,,"1225 S COMMERCIAL WAY SE ALBANY OR  97322-7037","Linn",,,"Marijuana Home Delivery, Medical Marijuana Retailer"
"020-1017365DF95","Pacific NW Farms #2","PACIFIC NW FARMS, LLC","RECREATIONAL PRODUCER","No","2025-09-21","2026-09-20",,,"Exempt from Public Disclosure","Jackson","Tier II","Mixed",
"050-1011108FB30","Simple Cannabis Co.","MCLANAHAN INVESTMENTS LLC","RECREATIONAL RETAILER","Yes","2023-09-10","2024-09-09",,,"1448 12TH ST SE SALEM OR  97302-2817","Marion",,,
"050-1007334E153","Cookies","BAKERY OR I, INC.","RECREATIONAL RETAILER","Yes","2026-03-05","2026-03-30","2026-03-05",,"7916 SE DIVISION ST PORTLAND OR  97206-1064","Multnomah",,,"Marijuana Home Delivery, Medical Marijuana Retailer"
"030-1016629873C","Dr. Jolly's","DR. JOLLY'S INDUSTRIES LLC","RECREATIONAL PROCESSOR","Yes","2025-11-03","2026-03-31","2025-11-03",,"Exempt from Public Disclosure","Deschutes",,,"Concentrate Processor, Edible Processor, Extract Processor, Industrial Hemp, Medical Marijuana Processor, Topical Processor"
"020-1017544F846","Jia Ming Shi","MICHAEL CHEN","RECREATIONAL PRODUCER","No","2026-02-23","2026-10-29",,,"Exempt from Public Disclosure","Josephine","Tier II","Mixed",
"050-101144582D7","PotMates","POTMATES LLC","RECREATIONAL RETAILER","No","2025-07-29","2026-07-28",,,"4607 SW BEAVERTON HILLSDALE HWY PORTLAND OR  97221-2909","Multnomah",,,"Marijuana Home Delivery, Medical Marijuana Retailer"
"050-1007632F435","Floyd's Fine Cannabis","SLICHLOLO BROADWAY RETAIL LLC","RECREATIONAL RETAILER","No","2026-04-14","2027-06-06",,,"801 NE BROADWAY ST PORTLAND OR  97232-1215","Multnomah",,,"Marijuana Home Delivery, Medical Marijuana Retailer"
"030-1017129044E","Nogero","NOGERO, LLC.","RECREATIONAL PROCESSOR","Yes","2025-08-25","2025-09-09","2025-08-25",,"Exempt from Public Disclosure","Multnomah",,,"Concentrate Processor, Extract Processor"
"020-1017555959F","Psychonaut Oregon, LLC","PSYCHONAUT OREGON, LLC","RECREATIONAL PRODUCER","Yes","2024-12-07","2024-11-29","2024-12-07",,"Exempt from Public Disclosure","Josephine","Tier II","Mixed",
"050-10099690C5E","The Canna Shoppe ","WILLAMETTE BAY HOLDINGS INC.","RECREATIONAL RETAILER","No","2026-07-09","2027-07-08",,,"6316 NE HALSEY ST PORTLAND OR  97213-4757","Multnomah",,,
"050-1007695C5F7","Hierba Buena ","HIERBA BUENA INCORPORATED","RECREATIONAL RETAILER","No","2026-02-12","2027-02-11",,,"3674 PACIFIC HWY HUBBARD OR  97032-9302","Marion",,,
"050-10054963D9C","4.0 Belmont","4.0 BELMONT, INC","RECREATIONAL RETAILER","Yes","2023-06-20","2024-06-19",,,"4011 SE BELMONT ST PORTLAND OR  97214-4417","Multnomah",,,"Medical Marijuana Retailer"
"020-1017696DF8A","Desert River Flower Co","SEGRETO LLC","RECREATIONAL PRODUCER","No","2025-11-09","2026-11-08",,,"Exempt from Public Disclosure","Grant","Tier II","Outdoor",
"050-10114946F80","WeedAgain","TRI CONSULTING & PROPERTIES LLC","RECREATIONAL RETAILER","No","2026-07-31","2027-07-30",,,"2410 MISSION ST SE STE 010, SALEM OR  97302-1119","Marion",,,"Marijuana Home Delivery, Medical Marijuana Retailer"
"050-1007724B972","La Mota ","LA MOTA MEDFORD 2 LLC","RECREATIONAL RETAILER","No","2026-07-08","2026-11-14",,,"620 W STEWART AVE MEDFORD OR  97501-3760","Jackson",,,"Marijuana Home Delivery, Medical Marijuana Retailer"
"030-10171698A20","Farmer Ken's","LITTLE OAK, INC","RECREATIONAL PROCESSOR","No","2025-06-21","2026-06-20",,,"Exempt from Public Disclosure","Lincoln",,,"Concentrate Processor, Medical Marijuana Processor"
"030-1017391B629","Innovative Concepts Worldwide 3 ","INNOVATIVE CONCEPTS WORLDWIDE INC","RECREATIONAL PROCESSOR","No","2025-10-05","2026-10-04",,,"Exempt from Public Disclosure","Jackson",,,"Concentrate Processor"
"020-10179648B9E","The Action Holdings LLC","THE ACTION HOLDINGS, LLC","RECREATIONAL PRODUCER","No","2026-02-22","2027-02-21",,,"Exempt from Public Disclosure","Jackson","Tier II","Mixed",
"050-1011581AD4E","La Mota ","LA MOTA MEDFORD 5 LLC","RECREATIONAL RETAILER","No","2026-07-07","2027-01-26",,,"48257 E 1ST ST OAKRIDGE OR  97463-9701","Lane",,,"Marijuana Home Delivery, Medical Marijuana Retailer"
"050-10079307113","La Mota ","LA MOTA GOLD BEACH LLC","RECREATIONAL RETAILER","No","2026-08-01","2027-07-31",,,"29846 ELLENSBURG AVE GOLD BEACH OR  97444","Curry",,,"Marijuana Home Delivery, Medical Marijuana Retailer"
"030-1017399EB0E","Highly Cultivated Brands","PNW OPERATOR LLC","RECREATIONAL PROCESSOR","No","2025-12-24","2026-11-07",,,"Exempt from Public Disclosure","Multnomah",,,"Concentrate Processor, Edible Processor, Industrial Hemp, Medical Marijuana Processor, Topical Processor"
"020-1017990E485","Third Time Is A Charm","THIRD TIME IS A CHARM LLC","RECREATIONAL PRODUCER","Yes","2025-01-15","2025-11-11","2025-01-15",,"Exempt from Public Disclosure","Jackson","Tier I","Indoor",
"050-10116104A8C","Redbarn Dispensary","RB ROSEBURG 2, LLC","RECREATIONAL RETAILER","No","2026-01-09","2027-01-08",,,"1810 NE STEPHENS ST ROSEBURG OR  97470-1424","Douglas",,,"Marijuana Home Delivery, Medical Marijuana Retailer"
"050-1008270BB4F","La Mota SW Portland ","LA MOTA SW PORTLAND LLC","RECREATIONAL RETAILER","No","2026-07-08","2027-07-07",,,"1103 SW TAYLORS FERRY RD PORTLAND OR  97219-4362","Multnomah",,,"Marijuana Home Delivery, Medical Marijuana Retailer"
"030-10179157FD0","Blacklist Holdings Oregon","BLACKLIST HOLDINGS OR INC.","RECREATIONAL PROCESSOR","Yes","2026-02-03","2026-03-03","2026-02-03",,"Exempt from Public Disclosure","Clackamas",,,"Concentrate Processor, Edible Processor, Extract Processor, Industrial Hemp, Topical Processor"
"020-10182736564","Wicked Flower Farm","EDENTIA LLC","RECREATIONAL PRODUCER","No","2026-06-15","2026-09-14",,,"Exempt from Public Disclosure","Jackson","Tier II","Outdoor",
"050-1011666F84B","Urban Canna Apothecary ","JT DELANGE LLC","RECREATIONAL RETAILER","No","2026-06-22","2026-11-09",,,"1815 MAIN ST STE A SPRINGFIELD OR  97477-5012","Lane",,,"Marijuana Home Delivery, Medical Marijuana Retailer"
"050-1008285A7DD","Nectar","NECTAR MARKETS, LLC","RECREATIONAL RETAILER","No","2026-03-13","2027-03-12",,,"14195 SW ALLEN BLVD BEAVERTON OR  97005-4408","Washington",,,"Marijuana Home Delivery, Medical Marijuana Retailer"
"050-10055680FB3","Bernie's Universal Dispensaries","R&T INDUSTRIES, LLC","RECREATIONAL RETAILER","Yes","2023-02-28","2024-02-27",,,"3842 S COAST HWY SOUTH BEACH OR  97366-9612","Lincoln",,,"Marijuana Home Delivery, Medical Marijuana Retailer"
"020-1018575ACBB","ANM PDX Indoor 1","ANM, INC.","RECREATIONAL PRODUCER","Yes","2025-02-25","2025-04-07",,,"Exempt from Public Disclosure","Multnomah","Micro Tier I","Indoor",
"050-1011675DFC6","Top Shelf Medicine ","TSM LLC","RECREATIONAL RETAILER","No","2026-06-10","2027-02-07",,,"657 SW COAST HWY NEWPORT OR  97365-5023","Lincoln",,,"Marijuana Home Delivery, Medical Marijuana Retailer"
"050-100858709AE","La Mota Lebanon 3 LLC ","LA MOTA LEBANON 3 LLC","RECREATIONAL RETAILER","No","2026-07-08","2027-03-07",,,"2645 S MAIN RD LEBANON OR  97355-2339","Linn",,,"Marijuana Home Delivery"
"050-10059292304","Sweet Leaf Illusions","SWEET LEAF ILLUSIONS LLC","RECREATIONAL RETAILER","No","2026-02-15","2027-02-14",,,"8434 SE 82ND AVE PORTLAND OR  97266-6569","Multnomah",,,"Marijuana Home Delivery"
"020-10198727990","Self Made Cannabis Company","SELF MADE FARMS, LLC","RECREATIONAL PRODUCER","No","2026-06-30","2027-06-29",,,"Exempt from Public Disclosure","Jackson","Tier II","Outdoor",
"050-101185442C9","OG Collective","OG COLLECTIVE, LLC || OG LEASING, LLC","RECREATIONAL RETAILER","No","2026-09-24","2027-09-23",,,"1617 LIBERTY ST NE SALEM OR  97301-6461","Marion",,,"Marijuana Home Delivery, Medical Marijuana Retailer"
"050-10088445D61","OG Collective","OG COLLECTIVE, LLC || OG LEASING, LLC","RECREATIONAL RETAILER","No","2026-07-02","2027-02-27",,,"140 PACIFIC AVE N 140, 142, 144, MONMOUTH OR  97361-1515","Polk",,,"Marijuana Home Delivery, Medical Marijuana Retailer"
"050-10092871208","The House of Dank LLC","THE HOUSE OF DANK LLC","RECREATIONAL RETAILER","No","2026-05-31","2027-05-30",,,"379 FIR AVE STE 6-8 REEDSPORT OR  97467-4405","Douglas",,,"Marijuana Home Delivery, Medical Marijuana Retailer"
"030-10112072740","Market St Edibles","MNG HOLDINGS, LLC","RECREATIONAL PROCESSOR","No",,"2026-11-07",,"0173815 93","Exempt from Public Disclosure","Marion",,,"Edible Processor, Medical Marijuana Processor"
"020-1019918DC45","Gud Gardens","GUD CULTURES LLC","RECREATIONAL PRODUCER","No","2026-07-14","2027-07-13",,,"Exempt from Public Disclosure","Josephine","Tier II","Mixed",
"050-101187459CB","Today's Herbal Choice Tillamook LLC","TODAY'S HERBAL CHOICE TILLAMOOK, LLC","RECREATIONAL RETAILER","No","2025-11-20","2026-11-19",,,"2180 LARSON RD TILLAMOOK OR  97141-9246","Tillamook",,,"Medical Marijuana Retailer"
"030-102008451D4","Avitas ","AVITAS OREGON HOLDINGS LLC","RECREATIONAL PROCESSOR","No","2026-08-25","2027-07-31",,,"Exempt from Public Disclosure","Marion",,,"Concentrate Processor, Edible Processor, Extract Processor, Industrial Hemp"
"030-10115308BBF","Squishy Scientific","SQUISHY SCIENTIFIC LLC","RECREATIONAL PROCESSOR","No","2025-12-23","2026-12-22",,,"Exempt from Public Disclosure","Clackamas",,,"Concentrate Processor"
"050-10103753D2B","Truth Dispensary","TRUTH INC","RECREATIONAL RETAILER","No","2026-07-23","2027-07-22",,,"1735 LANCASTER DR NE SALEM OR  97305-1024","Marion",,,"Marijuana Home Delivery, Medical Marijuana Retailer"
"050-100977881FD","Herbal Choices ","ROSA LAND & TIMBER INC.","RECREATIONAL RETAILER","No","2026-06-20","2027-06-19",,,"50375 HIGHWAY 101 BANDON OR  97411-8200","Coos",,,
"050-1006056756D","Oregon Cannabis Outlet","420 INVESTMENTS LLC","RECREATIONAL RETAILER","Yes","2020-08-06","2025-08-05",,,"1416 W 7TH AVE EUGENE OR  97402-4424","Lane",,,
"020-10199329793","Paradise Farm","A LITTLE BIT OF PARADISE FARMS LLC","RECREATIONAL PRODUCER","No","2025-08-09","2026-08-08",,,"Exempt from Public Disclosure","Jackson","Tier II","Outdoor",
"050-1011885C837","Big Medicine Botanicals llc","BIG MEDICINE BOTANICALS, LLC","RECREATIONAL RETAILER","Yes","2023-11-23","2024-11-22",,,"5594 NE COLUMBIA BLVD PORTLAND OR  97218-1236","Multnomah",,,"Marijuana Home Delivery, Medical Marijuana Retailer"
"030-1021587253A","KO & CO","KAREN OSOVSKY","RECREATIONAL PROCESSOR","Yes","2024-10-24","2024-11-16","2024-10-24",,"Exempt from Public Disclosure","Benton",,,"Edible Processor, Topical Processor"
"030-10124005B89","Greensport","COASTAL HIGH WAYS LLC","RECREATIONAL PROCESSOR","Yes","2026-05-15","2026-12-22","2026-05-15",,"Exempt from Public Disclosure","Douglas",,,"Concentrate Processor"
"050-1010491A550","La Mota Medford 3 ","LA MOTA MEDFORD 3 LLC","RECREATIONAL RETAILER","No","2026-07-08","2027-05-20",,,"3460 N PACIFIC HWY MEDFORD OR  97501-1348","Jackson",,,"Marijuana Home Delivery, Medical Marijuana Retailer"
"050-1010641CEDD","The Bake Shop","THE HONEY POT, L.L.C.","RECREATIONAL RETAILER","Yes","2026-04-30","2026-04-07",,,"3125B PORTLAND RD NE SALEM OR  97301-0129","Marion",,,"Marijuana Home Delivery, Medical Marijuana Retailer"
"050-10061095779","Cloud 9 Wellness","TJH ENTERPRISES INC","RECREATIONAL RETAILER","No","2026-08-23","2027-08-22",,,"2560 CRATER LAKE HWY STE C MEDFORD OR  97504-4172","Jackson",,,"Marijuana Home Delivery, Medical Marijuana Retailer"
"020-10212520A82","Northern Oak Farms","NORTHERN OAK GARDENS LLC","RECREATIONAL PRODUCER","Yes","2024-11-19","2025-02-27",,,"Exempt from Public Disclosure","Polk","Tier II","Outdoor",
"050-1012469940D","Redbarn Dispensary","RB COOS BAY 1, LLC","RECREATIONAL RETAILER","No","2026-09-10","2027-09-09",,,"902 S MAIN ST MYRTLE CREEK OR  97457-7328","Douglas",,,"Marijuana Home Delivery, Medical Marijuana Retailer"
"030-102236466AF","WE THE BEST EXTRACTS LLC","WE THE BEST EXTRACTS LLC","RECREATIONAL PROCESSOR","No","2025-11-07","2026-11-06",,,"Exempt from Public Disclosure","Clackamas",,,"Concentrate Processor, Edible Processor, Industrial Hemp, Medical Marijuana Processor, Topical Processor"
"050-10061656460","HD Botanicals","HD BOTANICALS, LLC","RECREATIONAL RETAILER","No","2026-08-28","2027-06-19",,,"51366 HIGHWAY 97 LA PINE OR  97739-9871","Deschutes",,,"Medical Marijuana Retailer"
"050-1006553111A","Green Knottz","GREEN KNOTTZ, LLC","RECREATIONAL RETAILER","No","2026-07-10","2027-07-09",,,"51546 HIGHWAY 97 # 7 LA PINE OR  97739-8957","Deschutes",,,"Marijuana Home Delivery, Medical Marijuana Retailer"
"050-101248731A2","Emerald Triangle Dispensary","ETD ENTERPRISES, INC","RECREATIONAL RETAILER","Yes","2025-07-29","2025-12-29","2025-07-29",,"1818 E MCANDREWS RD MEDFORD OR  97504-5578","Jackson",,,"Marijuana Home Delivery, Medical Marijuana Retailer"
"050-10106545CBB","La Mota Sweet Home LLC","LA MOTA SWEET HOME LLC AND ROSA CAZARES","RECREATIONAL RETAILER","No","2026-07-08","2026-11-14",,,"1025 MAIN ST AND 1027, SWEET HOME OR  97386-1515","Linn",,,"Marijuana Home Delivery, Medical Marijuana Retailer"
"030-1012464A6C3","Hotbox","HOTBOX FARMS LLC","RECREATIONAL PROCESSOR","No",,"2027-02-09",,,"Exempt from Public Disclosure","Malheur",,,"Concentrate Processor, Edible Processor, Industrial Hemp, Medical Marijuana Processor, Topical Processor"
"020-1021804DA50","Blackthumb","BLACKTHUMB LLC","RECREATIONAL PRODUCER","No","2025-08-22","2026-08-21",,,"Exempt from Public Disclosure","Jackson","Tier II","Outdoor","Propagation Producer"
"050-10109202F8F","Oregon Bud Company","OREGON BUD COMPANY LLC","RECREATIONAL RETAILER","No","2026-08-06","2027-02-25",,,"5515 SE 122ND AVE PORTLAND OR  97236-4201","Multnomah",,,"Marijuana Home Delivery, Medical Marijuana Retailer"
"030-102243969FE","Omni Solutions LLC","OMNI SOLUTIONS LLC","RECREATIONAL PROCESSOR","Yes","2024-04-25","2024-05-16",,,"Exempt from Public Disclosure","Jackson",,,"Concentrate Processor"
"050-10066453EB4","Oregon Cannabis Outlet-Willamette","420 INVESTMENTS LLC","RECREATIONAL RETAILER","Yes","2021-08-28","2025-08-27",,,"1361 WILLAMETTE ST EUGENE OR  97401-4002","Lane",,,
"050-1012488B7F2","Emerald Triangle Dispensary","ETD ENTERPRISES, INC","RECREATIONAL RETAILER","Yes","2025-07-29","2026-02-11","2025-07-29",,"2226 WASHBURN WAY KLAMATH FALLS OR  97603-4508","Klamath",,,"Marijuana Home Delivery, Medical Marijuana Retailer"
"030-1023537D468","One Speed LLC ","ONE SPEED LLC","RECREATIONAL PROCESSOR","Yes","2026-04-06","2026-07-11","2026-01-07",,"Exempt from Public Disclosure","Josephine",,,"Concentrate Processor, Edible Processor, Extract Processor, Topical Processor"
"020-8636","Greenwoods","GARNER HOLDINGS LLC","RECREATIONAL PRODUCER","No","2025-12-20","2026-12-19",,,"Exempt from Public Disclosure","Clackamas","Tier I","Indoor",
"050-10070593E9E","Diem","VLF MANAGEMENT, LLC","RECREATIONAL RETAILER","Yes","2024-11-11","2024-09-27","2024-11-11",,"1110 13TH ST SE SALEM OR  97302-2509","Multnomah",,,"Marijuana Home Delivery, Medical Marijuana Retailer"
"050-10126270C7D","Nectar Markets, LLC","NECTAR MARKETS, LLC","RECREATIONAL RETAILER","No","2026-03-13","2027-01-20",,,"2422 SE HAWTHORNE BLVD PORTLAND OR  97214-3925","Multnomah",,,"Marijuana Home Delivery, Medical Marijuana Retailer"
"030-10238213C5B","SDKitchen ","SDKITCHEN LLC","RECREATIONAL PROCESSOR","No","2026-06-14","2027-06-13",,,"Exempt from Public Disclosure","Multnomah",,,"Concentrate Processor, Edible Processor, Industrial Hemp, Topical Processor"
"020-8676","FreeBird Cannabis","SUNTAN LLC","RECREATIONAL PRODUCER","No","2026-06-15","2026-12-22",,,"Exempt from Public Disclosure","Lane","Tier II","Mixed",
"050-10076627A48","La Mota Lebanon 2 LLC ","LA MOTA LEBANON 2 LLC","RECREATIONAL RETAILER","No","2026-07-08","2027-03-06",,,"260 N SANTIAM HWY LEBANON OR  97355-2372","Linn",,,"Marijuana Home Delivery, Medical Marijuana Retailer"
"050-1012871B839","OG Collective","OG COLLECTIVE, LLC || OG LEASING, LLC","RECREATIONAL RETAILER","No","2026-07-02","2026-11-24",,,"908 EDGEWATER ST NW STE 100, SALEM OR  97304-3820","Polk",,,"Marijuana Home Delivery, Medical Marijuana Retailer"
"030-10241589736","Only Gas Extracts","PWD LLC","RECREATIONAL PROCESSOR","No","2025-09-26","2026-09-25",,,"Exempt from Public Disclosure","Jackson",,,"Concentrate Processor"
"020-8822","Cabra Cannabis ","CABRA CANNABIS LLC","RECREATIONAL PRODUCER","No","2026-08-20","2027-01-01",,,"Exempt from Public Disclosure","Josephine","Tier II","Outdoor",
"030-1013003AED8","Western Oregon Gourmet LLC","WESTERN OREGON GOURMET LLC","RECREATIONAL PROCESSOR","Yes","2025-03-31","2025-07-09","2025-03-31",,"Exempt from Public Disclosure","Yamhill",,,"Medical Marijuana Processor, Topical Processor"
"030-1013072DD68","WONDER WORLD","RDNA PROCESSING LLC","RECREATIONAL PROCESSOR","Yes","2024-02-08","2025-02-07",,,"Exempt from Public Disclosure","Lane",,,"Concentrate Processor, Edible Processor, Topical Processor"
"050-1013305B57E","Farma","FARMA ON HAWTHORNE, INC.","RECREATIONAL RETAILER","No","2026-04-17","2026-11-27",,,"916 SE HAWTHORNE BLVD PORTLAND OR  97214-3555","Multnomah",,,"Marijuana Home Delivery, Medical Marijuana Retailer"
"030-1024221BB5B","Real Oregon","REAL OREGON INC","RECREATIONAL PROCESSOR","No","2026-09-15","2027-09-14",,,"Exempt from Public Disclosure","Jackson",,,"Concentrate Processor, Industrial Hemp, Medical Marijuana Processor, Topical Processor"
"020-9123","JL Exotica LLC","JL EXOTICA LLC","RECREATIONAL PRODUCER","No","2026-01-13","2027-01-12",,,"Exempt from Public Disclosure","Josephine","Tier II","Outdoor",
"030-1013287FF4D","Extractioneering Oregon","EXTRACTIONEERING OREGON LLC","RECREATIONAL PROCESSOR","Yes","2025-06-12","2026-04-24","2025-06-12",,"Exempt from Public Disclosure","Jackson",,,"Concentrate Processor, Extract Processor, Industrial Hemp, Topical Processor"
"050-10134898DE3","Growing Releaf Salem","GROWING RELEAF INC.","RECREATIONAL RETAILER","Yes","2025-03-01","2024-04-05","2025-03-01",,"309 SHIPPING ST NE SALEM OR  97301-6427","Marion",,,
"030-10246694C18","Airlume Labs","SJJD CONSULTING LLC","RECREATIONAL PROCESSOR","No","2026-09-06","2027-09-05",,,"Exempt from Public Disclosure","Multnomah",,,"Extract Processor, Medical Marijuana Processor"
"020-9186","Jeff Extractz","JEFF EXTRACTZ LLC","RECREATIONAL PRODUCER","No","2026-08-03","2027-01-14",,,"Exempt from Public Disclosure","Josephine","Tier II","Outdoor",
"030-1013904B282","White-Decoste, LLC","WHITE-DECOSTE, LLC","RECREATIONAL PROCESSOR","Yes","2023-07-14","2024-07-13",,,"Exempt from Public Disclosure","Jackson",,,"Concentrate Processor, Edible Processor, Industrial Hemp, Medical Marijuana Processor, Topical Processor"
"050-101369028B1","LUCKY LION","LL RETAIL INCORPORATED","RECREATIONAL RETAILER","No","2026-06-10","2027-02-10",,,"7815 NE HALSEY ST PORTLAND OR  97213-6730","Multnomah",,,"Marijuana Home Delivery, Medical Marijuana Retailer"
"030-1024788B0DF","Garden First Cannabis","GARDEN FIRST LLC","RECREATIONAL PROCESSOR","No","2025-09-26","2026-09-25",,,"Exempt from Public Disclosure","Linn",,,"Concentrate Processor"
"050-101070561E6","Electric Lettuce Sunnyside","SUNNYSIDE RETAIL INVESTMENTS INC.","RECREATIONAL RETAILER","No","2026-03-07","2027-03-06",,,"16416 SE SUNNYSIDE RD HAPPY VALLEY OR  97015-8739","Clackamas",,,"Marijuana Home Delivery, Medical Marijuana Retailer"
"050-10082288469","Pharm To Table","4 LOBOS, LLC","RECREATIONAL RETAILER","Yes","2026-06-01","2026-07-05","2026-06-01",,"214 N REDWOOD HWY CAVE JUNCTION OR  97523","Josephine",,,"Marijuana Home Delivery, Medical Marijuana Retailer"
"020-10219481C44","Mike's Green Farm","MNG OP - 2581 DICK GEORGE ROAD 1 LLC","RECREATIONAL PRODUCER","No","2026-05-18","2026-09-21",,,"Exempt from Public Disclosure","Josephine","Tier II","Outdoor",
"050-10109253AEE","Nectar Markets, LLC","NECTAR MARKETS, LLC","RECREATIONAL RETAILER","No","2026-03-13","2026-12-13",,,"13800 SE MCLOUGHLIN BLVD MILWAUKIE OR  97222-7162","Clackamas",,,"Marijuana Home Delivery, Medical Marijuana Retailer"
"050-10109129484","Blue River Grass Station","BLUE RIVER GRASS STATION LLC","RECREATIONAL RETAILER","Yes","2023-04-05","2024-04-04",,,"51752 BLUE RIVER DR BLUE RIVER OR  97413-9755","Lane",,,"Marijuana Home Delivery, Medical Marijuana Retailer"
"020-9313","gas valley cultivation ","JRF LABS OREGON LLC","RECREATIONAL PRODUCER","No","2026-01-20","2027-01-19",,,"Exempt from Public Disclosure","Polk","Tier II","Indoor",
"020-1022104451D","NJ95","NJ95 LLC","RECREATIONAL PRODUCER","Yes","2026-04-17","2026-09-11","2026-04-17",,"Exempt from Public Disclosure","Lane","Micro Tier I","Indoor",
"050-10110469A34","W.O.D Distro","WESTERN OREGON DISPENSARY, INC.","RECREATIONAL RETAILER","No","2025-12-12","2026-12-11",,,"760 NW DALE AVE PORTLAND OR  97229-5829","Washington",,,"Marijuana Home Delivery, Medical Marijuana Retailer"
"050-1011062F6DA","Yachats Cannabis Company","YACHATS CANNABIS COMPANY LLC","RECREATIONAL RETAILER","No","2026-01-11","2027-01-10",,,"430 HIGHWAY 101 N YACHATS OR  97498","Lincoln",,,
"050-10112894E36","La Mota Courts LLC","LA MOTA COURTS LLC","RECREATIONAL RETAILER","No","2026-07-08","2027-02-25",,,"1037 COURT ST MEDFORD OR  97501-5727","Jackson",,,"Marijuana Home Delivery, Medical Marijuana Retailer"
"020-9749","Dr. Weed","DR. WEED LLC","RECREATIONAL PRODUCER","No","2026-02-03","2027-02-02",,,"Exempt from Public Disclosure","Linn","Tier II","Indoor",
"020-1022110FCF0","WJ Holdings","WJ HOLDINGS LLC","RECREATIONAL PRODUCER","No","2026-06-23","2026-09-21",,,"Exempt from Public Disclosure","Josephine","Tier II","Outdoor",
"030-1025517A2F7","Black Castle Cannabis","THE HONEY POT, L.L.C.","RECREATIONAL PROCESSOR","No","2026-06-01","2027-02-28",,,"Exempt from Public Disclosure","Marion",,,"Concentrate Processor, Medical Marijuana Processor"
"050-10113069B02","Power Plant","POWER PLANT LLC","RECREATIONAL RETAILER","Yes","2026-04-27","2026-06-06","2026-04-27",,"10215 SE FOSTER RD PORTLAND OR  97266-5115","Multnomah",,,"Marijuana Home Delivery, Medical Marijuana Retailer"
"030-10002372F41","Core Gardens","WICC INVESTMENTS, LLC","RECREATIONAL PROCESSOR","Yes","2023-10-16","2024-10-15",,,"Exempt from Public Disclosure","Wasco",,,"Concentrate Processor, Extract Processor, Industrial Hemp, Medical Marijuana Processor, Topical Processor"
"020-1022298E7F4","Northwest Remedy","NORTHWEST REMEDY INC","RECREATIONAL PRODUCER","No","2025-10-05","2026-10-04",,,"Exempt from Public Disclosure","Josephine","Tier II","Mixed",
"030-18488","Rossi Express LLC ","ROSSI EXPRESS LLC ","RECREATIONAL PROCESSOR","No","2025-09-03","2026-09-02",,"01891524-8","Exempt from Public Disclosure","Jackson",,,"Concentrate Processor"
"050-10114962EEF","Electric Lettuce Hillsboro","TUALATIN VALLEY RETAIL INVESTMENTS INC.","RECREATIONAL RETAILER","No","2025-09-23","2026-09-22",,,"2795 SE TUALATIN VALLEY HWY HILLSBORO OR  97123-7937","Washington",,,"Marijuana Home Delivery, Medical Marijuana Retailer"
"030-1001338114B","Sublime Solutions, LLC","SUBLIME SOLUTIONS, LLC","RECREATIONAL PROCESSOR","No","2025-12-27","2026-12-26",,,"Exempt from Public Disclosure","Lane",,,"Concentrate Processor, Edible Processor, Extract Processor, Industrial Hemp, Medical Marijuana Processor"
"020-1022320B513","Piff Stixs","JEETER VENTURES LLC.","RECREATIONAL PRODUCER","No","2026-03-27","2026-11-03",,,"Exempt from Public Disclosure","Linn","Tier II","Indoor",
"030-20587","APCO, LLC","APCO, LLC","RECREATIONAL PROCESSOR","No","2026-08-26","2026-11-02",,,"Exempt from Public Disclosure","Deschutes",,,"Concentrate Processor, Edible Processor, Extract Processor, Industrial Hemp, Medical Marijuana Processor"
"050-1011537E502","LA MOTA","AARON MITCHELL","RECREATIONAL RETAILER","No","2026-06-06","2027-06-05",,,"1945 W MAIN ST MEDFORD OR  97501-2203","Jackson",,,"Marijuana Home Delivery, Medical Marijuana Retailer"
"030-1001972282D","C&R Oregon Corporation","C&R OREGON CORPORATION","RECREATIONAL PROCESSOR","No","2026-01-25","2027-01-24",,,"Exempt from Public Disclosure","Benton",,,"Concentrate Processor, Edible Processor, Industrial Hemp, Medical Marijuana Processor, Topical Processor"
"020-10223340362","Ghost Town Farms","GHOST TOWN FARMS, LLC","RECREATIONAL PRODUCER","No","2026-06-24","2027-02-08",,,"Exempt from Public Disclosure","Malheur","Tier I","Mixed",
"030-22470","Thur's Smoke Shop","THUR'S SMOKE SHOP LLC","RECREATIONAL PROCESSOR","No","2026-01-08","2027-01-07",,,"Exempt from Public Disclosure","Malheur",,,"Processing for Cardholders, Concentrate Processor, Edible Processor, Industrial Hemp, Medical Marijuana Processor, Topical Processor"
"050-1011548412A","The Green Planet","THE GREEN PLANET, INC.","RECREATIONAL RETAILER","No","2026-05-15","2027-02-07",,,"17332 SE POWELL BLVD PORTLAND OR  97236-1648","Multnomah",,,"Marijuana Home Delivery, Medical Marijuana Retailer"
"030-10021400628","Dirty Arm Farm","CHOSEN VENTURES, LLC","RECREATIONAL PROCESSOR","No","2026-04-01","2027-03-31",,,"Exempt from Public Disclosure","Jackson",,,"Concentrate Processor, Edible Processor, Extract Processor, Industrial Hemp, Topical Processor"
"020-1022508EA40","The Oregon Grow Group","COASTAL INVESTMENTS XX LLC","RECREATIONAL PRODUCER","Yes","2023-11-09","2024-11-08",,,"Exempt from Public Disclosure","Lane","Tier I","Indoor",
"030-25359","Terra Australis","TERRA AUSTRALIS LLC","RECREATIONAL PROCESSOR","No","2026-04-08","2027-04-07",,,"Exempt from Public Disclosure","Polk",,,"Concentrate Processor"
"050-1013753ACFE","La Mota ","LA MOTA MEDFORD 6 LLC","RECREATIONAL RETAILER","Yes","2026-04-09","2027-05-09","2026-04-09",,"1685 LANCASTER DR NE SALEM OR  97301-1965","Marion",,,"Marijuana Home Delivery, Medical Marijuana Retailer"
"050-1011662585D","Floyd's","BTE 4 LLC","RECREATIONAL RETAILER","No","2026-04-14","2026-12-14",,,"2515 NW NICOLAI ST PORTLAND OR  97210-1814","Multnomah",,,"Marijuana Home Delivery, Medical Marijuana Retailer"
"030-10033237763","Sacred Herb Medicinals Inc","SACRED HERB MEDICINALS INC","RECREATIONAL PROCESSOR","Yes","2024-11-14","2024-12-27","2024-11-14",,"Exempt from Public Disclosure","Deschutes",,,
"020-10227823F64","CHH Farm","WY ENTERPRISE, INC","RECREATIONAL PRODUCER","Yes","2025-04-23","2026-03-02","2025-04-23",,"Exempt from Public Disclosure","Yamhill","Tier I","Indoor",
"050-10140556CE8","Five Zero Trees Portland West","GW RETAIL FZT PORTLAND WEST, INC.","RECREATIONAL RETAILER","No","2025-10-31","2026-10-30",,,"5336 SW BEAVERTON HILLSDALE HWY PORTLAND OR  97221-1917","Multnomah",,,"Marijuana Home Delivery, Medical Marijuana Retailer"
"050-1011718F505","Nectar ","NECTAR MARKETS, LLC","RECREATIONAL RETAILER","No","2026-03-13","2026-09-08",,,"3331 PACIFIC AVE FOREST GROVE OR  97116-1914","Washington",,,"Marijuana Home Delivery, Medical Marijuana Retailer"
"030-1003640E36D","Entourage Cannabis","CBDISCOVERY LLC","RECREATIONAL PROCESSOR","No","2026-01-20","2027-01-19",,,"Exempt from Public Disclosure","Lane",,,"Concentrate Processor, Extract Processor, Industrial Hemp, Topical Processor"
"020-1023206672F","SugarTop Buddery","STB ENTERPRISES LLC","RECREATIONAL PRODUCER","No","2026-03-31","2027-03-30",,,"Exempt from Public Disclosure","Lane","Tier I","Mixed",
"050-1014058379E","Five Zero Trees Portland East ","GW RETAIL FZT PORTLAND EAST, INC.","RECREATIONAL RETAILER","Yes","2025-11-03","2026-09-01","2025-11-03",,"157 NW 15TH ST NEWPORT OR  97365-2369","Multnomah",,,"Marijuana Home Delivery, Medical Marijuana Retailer"
"050-10118198534","Mr. Nice Guy Retail","MNG HOLDINGS, LLC","RECREATIONAL RETAILER","Yes",,"2025-11-30","2025-05-22","0173815 93","2335 NW 29TH AVE PORTLAND OR  97210-2005","Coos",,,"Marijuana Home Delivery"
"030-1003825DB95","Luminous Botanicals; Brother David's Sacred Allies","ANWORTH, INC.","RECREATIONAL PROCESSOR","Yes","2024-07-24","2025-04-03",,,"Exempt from Public Disclosure","Multnomah",,,"Concentrate Processor, Edible Processor, Industrial Hemp, Medical Marijuana Processor, Topical Processor"
"020-1023217A479","CannaJoe's Farm","CANNAJOE'S FARM LLC","RECREATIONAL PRODUCER","No","2026-07-28","2027-07-27",,,"Exempt from Public Disclosure","Jackson","Tier II","Outdoor",
"050-1014532539B","Electric Lettuce Tigard","GW RETAIL 11642 SW PACIFIC HWY, INC.","RECREATIONAL RETAILER","No","2026-07-15","2027-07-14",,,"11642 SW PACIFIC HWY STE 100, TIGARD OR  97223-8852","Washington",,,"Marijuana Home Delivery, Medical Marijuana Retailer"
"050-1012241E9AE","Singing Sands Cannabis Company","SINGING SANDS CANNABIS COMPANY LLC","RECREATIONAL RETAILER","Yes","2024-11-25","2024-07-05",,,"279 N HEMLOCK ST CANNON BEACH OR  97110","Clatsop",,,
"030-100387530AF","Portland Oven","PORTLAND OVEN, LLC","RECREATIONAL PROCESSOR","Yes","2025-05-13","2025-09-25","2025-05-13",,"Exempt from Public Disclosure","Washington",,,"Concentrate Processor, Edible Processor, Industrial Hemp"
"020-1023221F754","Producer Holdings","PRODUCER HOLDINGS LLC","RECREATIONAL PRODUCER","Yes","2025-11-20","2026-03-02","2025-11-20",,"Exempt from Public Disclosure","Lane","Micro Tier I","Indoor",
"050-101455619DD","SR Collective","CHRISTOPHER SHIPPS","RECREATIONAL RETAILER","No","2026-03-01","2027-02-28",,,"26033 SALMON RIVER HWY WILLAMINA OR  97396-9728","Yamhill",,,"Medical Marijuana Retailer"
"050-1012246E7D7","Top Shelf Wellness Center","BB & G GROUP LLC","RECREATIONAL RETAILER","No","2025-12-05","2026-12-04",,,"7162 CRATER LAKE HWY WHITE CITY OR  97503-1614","Jackson",,,"Marijuana Home Delivery, Medical Marijuana Retailer"
"030-1003919CE3E","NW Kind","NW KIND LLC","RECREATIONAL PROCESSOR","No","2026-07-22","2027-01-04",,,"Exempt from Public Disclosure","Deschutes",,,"Concentrate Processor, Edible Processor, Extract Processor, Industrial Hemp"
"030-10039586F31"," America1776 LLC","AMERICA1776 LLC","RECREATIONAL PROCESSOR","Yes","2024-04-24","2025-04-23",,,"Exempt from Public Disclosure","Polk",,,"Concentrate Processor, Medical Marijuana Processor"
"020-1023244239C","Columbia Growing","COLUMBIA GROWING LLC","RECREATIONAL PRODUCER","No","2026-03-14","2027-03-13",,,"Exempt from Public Disclosure","Columbia","Tier II","Mixed",
"050-10146546503","TJ's Provisions","KIND CARE, LLC","RECREATIONAL RETAILER","Yes","2025-01-08","2025-09-03","2025-01-08",,"1910 EMPIRE PARK DR EUGENE OR  97402-1690","Lane",,,"Medical Marijuana Retailer"
"050-1012482959A","Red Barn Dispensary","RB BANDON 1 LLC","RECREATIONAL RETAILER","No","2026-03-11","2026-10-25",,,"161 NE MAIN ST WINSTON OR  97496","Douglas",,,"Marijuana Home Delivery, Medical Marijuana Retailer"
"030-10039682015","Laurie & MaryJane","LMJ PARTNERS, LLC","RECREATIONAL PROCESSOR","Yes","2024-01-10","2025-01-09",,,"Exempt from Public Disclosure","Multnomah",,,"Concentrate Processor, Edible Processor, Industrial Hemp"
"020-1023383B9DD","Grown Rogue Gardens, LLC.","GROWN ROGUE GARDENS LLC","RECREATIONAL PRODUCER","No","2026-06-18","2027-03-16",,,"Exempt from Public Disclosure","Jackson","Tier II","Outdoor",
"050-1015130EFE0","Nectar ","NECTAR MARKETS, LLC","RECREATIONAL RETAILER","No","2026-03-13","2026-11-01",,,"1180 SE 13TH AVE HILLSBORO OR  97123","Washington",,,"Marijuana Home Delivery, Medical Marijuana Retailer"
"050-1012848DB9F","Good Good ","RY INDUSTRIES LLC","RECREATIONAL RETAILER","No","2026-01-19","2027-01-18",,,"100 SAINT HELENS ST SAINT HELENS OR  97051-2030","Columbia",,,"Marijuana Home Delivery, Medical Marijuana Retailer"
"030-1004593C880","Magic Number","MAGIC NUMBER LLC","RECREATIONAL PROCESSOR","No","2026-08-07","2027-08-06",,,"Exempt from Public Disclosure","Deschutes",,,"Edible Processor, Industrial Hemp, Medical Marijuana Processor"
"020-1023401C77D","Focus North Cap ","FOCUS NORTH CAP, LLC","RECREATIONAL PRODUCER","No","2026-04-19","2027-04-18",,,"Exempt from Public Disclosure","Lane","Tier I","Indoor",
"050-1015135E4D3","Green Lion","MISS ORGANIC LLC","RECREATIONAL RETAILER","No","2025-10-28","2026-10-27",,,"7000 SE JOHNSON CREEK BLVD PORTLAND OR  97206-9464","Multnomah",,,"Marijuana Home Delivery, Medical Marijuana Retailer"
"050-1013413CA5B","Ascend Dispensary","REC REHAB CONSULTING LLC","RECREATIONAL RETAILER","No","2026-02-19","2027-02-18",,,"13836 NE SANDY BLVD & 13826, PORTLAND OR  97230-2600","Multnomah",,,"Marijuana Home Delivery, Medical Marijuana Retailer"
"030-10046634C7F","Pacific Wave ","KELLY LYNN HUTSON & PHILIP J HUTSON","RECREATIONAL PROCESSOR","No","2026-04-21","2027-01-11",,,"Exempt from Public Disclosure","Clatsop",,,"Edible Processor, Industrial Hemp, Medical Marijuana Processor, Topical Processor"
"020-1023527A7B3","Le Fleurs Du Mal Farms","LE FLEUR DU MAL FARMS, LLC","RECREATIONAL PRODUCER","No","2025-10-02","2026-10-01",,,"Exempt from Public Disclosure","Josephine","Tier II","Outdoor",
"050-1015536CD46","Kaleafa","OC JOE, LLC","RECREATIONAL RETAILER","No","2025-08-04","2026-08-03",,,"19197 S MOLALLA AVE OREGON CITY OR  97045-9048","Clackamas",,,"Marijuana Home Delivery, Medical Marijuana Retailer"
"050-10135587382","Mr. Nice Guy Bend","MNG BEND, LLC","RECREATIONAL RETAILER","No","2026-02-24","2025-11-14",,,"224 SE DAVIS AVE BEND OR  97702-1334","Deschutes",,,"Marijuana Home Delivery, Medical Marijuana Retailer"
"030-100511681A8","The CO2 Company","THE CO2 COMPANY LLC","RECREATIONAL PROCESSOR","No","2026-02-07","2027-02-06",,,"Exempt from Public Disclosure","Jackson",,,"Concentrate Processor, Edible Processor, Extract Processor, Industrial Hemp, Medical Marijuana Processor, Topical Processor"
"020-1023559091C","Joy Entertainment INC","JOY ENTERTAINMENT INC","RECREATIONAL PRODUCER","No","2026-03-03","2027-04-20",,,"Exempt from Public Disclosure","Clackamas","Tier II","Indoor",
"050-10155684476","Going Green Eugene","GOING GREEN SWEET HOME INC","RECREATIONAL RETAILER","No","2026-07-28","2026-09-28",,,"439 W 1ST AVE EUGENE OR  97401-2276","Lane",,,"Marijuana Home Delivery, Medical Marijuana Retailer"
"050-1013574C1D1","hashstoria","JCCD3 LLC","RECREATIONAL RETAILER","Yes","2023-05-20","2024-05-19",,,"49332 HIGHWAY 30 WESTPORT OR  97016-8282","Columbia",,,"Marijuana Home Delivery, Medical Marijuana Retailer"
"050-1013745FADA","Canna Daddy's","GW RETAIL 17020 SE DIVISION, INC.","RECREATIONAL RETAILER","No","2026-07-01","2027-06-30",,,"17020 SE DIVISION ST PORTLAND OR  97236-1237","Multnomah",,,"Marijuana Home Delivery, Medical Marijuana Retailer"
"030-10053907E1E","Chronic Extracts","CHRONIC EXTRACTS LLC","RECREATIONAL PROCESSOR","No","2025-12-21","2026-12-20",,,"Exempt from Public Disclosure","Josephine",,,"Concentrate Processor, Extract Processor, Industrial Hemp, Medical Marijuana Processor"
"020-1023622DC59","JoCo Green","JOCO FOLKS LLC","RECREATIONAL PRODUCER","No","2026-08-30","2027-08-29",,,"Exempt from Public Disclosure","Josephine","Tier II","Outdoor",
"050-10158286B2C","Broadway Cannabis Market","BROADWAY PROJECT, INC.","RECREATIONAL RETAILER","No","2025-09-22","2026-09-21",,,"219 SW BROADWAY PORTLAND OR  97205-3705","Multnomah",,,"Marijuana Home Delivery, Medical Marijuana Retailer"
"050-1014138FB3D","Amberlight Cannabis House","PORTLAND ASSET HOLDINGS CORPORATION","RECREATIONAL RETAILER","No","2025-11-19","2026-05-07",,,"2407 SE 49TH AVE PORTLAND OR  97206-1561","Multnomah",,,"Marijuana Home Delivery, Medical Marijuana Retailer"
"030-1005467ADA3","Lake Creek Vineyards, LLC","LAKE CREEK VINEYARDS, LLC","RECREATIONAL PROCESSOR","Yes","2023-08-04","2024-08-03",,,"Exempt from Public Disclosure","Jackson",,,"Concentrate Processor"
"020-1023794256F","Livin Life","VIZ, LLC","RECREATIONAL PRODUCER","Yes","2025-10-17","2026-06-25","2025-10-17",,"Exempt from Public Disclosure","Jackson","Tier II","Indoor",
"050-10160557FF1","Board & Brush Creative Studio, Salem OR","CHERRY CITY LOGISTICS INC","RECREATIONAL RETAILER","Yes","2022-11-10","2023-11-09",,,"1855 25TH ST SE SALEM OR  97302-1105","Marion",,,"Medical Marijuana Retailer"
"050-101440792DC","Holy Grail","HG-R LLC","RECREATIONAL RETAILER","No","2026-08-13","2027-01-13",,,"1293 LINCOLN ST EUGENE OR  97401-3418","Lane",,,"Marijuana Home Delivery, Medical Marijuana Retailer"
"030-1005593A41A","The New Amsterdam","THE NEW AMSTERDAM LLC","RECREATIONAL PROCESSOR","No","2026-04-30","2027-04-29",,"01679198 2","Exempt from Public Disclosure","Multnomah",,,"Concentrate Processor, Edible Processor, Industrial Hemp, Medical Marijuana Processor, Topical Processor"
"020-1023796C86D","FA Ranch","FA RANCH, LLC","RECREATIONAL PRODUCER","Yes","2026-07-10","2027-05-24","2026-07-10",,"Exempt from Public Disclosure","Josephine","Tier II","Outdoor",
"050-101605722B3","Kaleafa","WALNUT ST LLC","RECREATIONAL RETAILER","No","2025-12-10","2026-12-09",,,"353 SW WALNUT ST HILLSBORO OR  97123-3941","Washington",,,"Marijuana Home Delivery, Medical Marijuana Retailer"
"050-10145124694","Cream Cannabis","MAIN STRAINS LLC","RECREATIONAL RETAILER","Yes","2025-04-19","2026-04-18",,,"2824 SW SAM JACKSON PARK RD PORTLAND OR  97201-3006","Multnomah",,,"Marijuana Home Delivery, Medical Marijuana Retailer"
"030-10065257267","Oregon Original LLC","OREGON ORIGINAL LLC","RECREATIONAL PROCESSOR","No","2026-04-16","2027-04-15",,,"Exempt from Public Disclosure","Jackson",,,"Concentrate Processor, Edible Processor, Industrial Hemp, Medical Marijuana Processor, Topical Processor"
"020-1023846998E","Ganja Key","SPANGLER FARMS LLC","RECREATIONAL PRODUCER","No","2026-07-11","2027-07-10",,,"Exempt from Public Disclosure","Clackamas","Tier II","Indoor",
"050-1016174005F","Substance","BLOOM WELL INC","RECREATIONAL RETAILER","No","2026-07-14","2027-07-13",,,"2715 ROW RIVER RD STE A, COTTAGE GROVE OR  97424-9582","Lane",,,"Marijuana Home Delivery, Medical Marijuana Retailer"
"050-101460884BD","Oregon Grown","OREGON GROWN, LLC","RECREATIONAL RETAILER","Yes","2024-06-21","2024-06-21","2024-06-21",,"12745 SW WALKER RD STE 100A BEAVERTON OR  97005-1318","Multnomah",,,
"030-1006626565C","White Label Extracts & Chromatic","OREGON ESSENTIALS, LLC","RECREATIONAL PROCESSOR","No","2026-07-21","2027-07-20",,,"Exempt from Public Disclosure","Lane",,,"Extract Processor, Industrial Hemp, Medical Marijuana Processor"
"020-10239068D99","JDSLIGHT ","JDSLIGHT LLC","RECREATIONAL PRODUCER","No","2026-01-29","2027-01-28",,,"Exempt from Public Disclosure","Clackamas","Tier II","Indoor",
"050-1016274AD84","Lifted Northwest","BENJAMINSBUDZ LLC","RECREATIONAL RETAILER","No","2025-11-23","2026-11-22",,,"11121 SE DIVISION ST PORTLAND OR  97266-1115","Multnomah",,,"Marijuana Home Delivery, Medical Marijuana Retailer"
"050-10163219ABA","Oregrown Portland","PDX FLAGSHIP, INC","RECREATIONAL RETAILER","No","2026-03-30","2027-03-29",,,"111 NE 12TH AVE STE A, PORTLAND OR  97232-3004","Multnomah",,,"Marijuana Home Delivery, Medical Marijuana Retailer"
"050-1014882C655","Gnome Grown Oregon","MEDICATED LLC","RECREATIONAL RETAILER","No","2026-07-13","2027-07-12",,,"5012 NE 28TH AVE PORTLAND OR  97211-6339","Multnomah",,,"Marijuana Home Delivery, Medical Marijuana Retailer"
"030-1006997D873","Natural Roots","OREGON NATURAL ROOTS LLC","RECREATIONAL PROCESSOR","Yes","2025-01-16","2026-01-15",,,"Exempt from Public Disclosure","Washington",,,"Concentrate Processor, Extract Processor, Industrial Hemp"
"020-1023951DC2A","Dragon Ladies Flower ","CHA GREEN FARM LLC","RECREATIONAL PRODUCER","No","2026-08-26","2027-06-08",,,"Exempt from Public Disclosure","Jackson","Tier II","Outdoor",
"050-101122730F7","Buds 4 U","BUDS4U LLC","RECREATIONAL RETAILER","Yes","2026-02-09","2026-02-21","2026-02-09",,"72217 HIGHWAY 101 LAKESIDE OR  97449-8659","Coos",,,"Medical Marijuana Retailer"
"050-1008370DC68","Mr. Nice Guy Lebanon","MNG HOLDINGS, LLC","RECREATIONAL RETAILER","No",,"2026-04-22",,"0173815 93","700 PARK ST LEBANON OR  97355-3202","Linn",,,"Marijuana Home Delivery, Medical Marijuana Retailer"
"030-30879","2200 SE Mailwell Drive","HIGH LINE MANUFACTURING & DISTRIBUTION, LLC","RECREATIONAL PROCESSOR","No","2026-08-12","2027-08-11",,,"Exempt from Public Disclosure","Clackamas",,,
"020-102395384E8","Self Made Cannabis Company","SELF MADE FARMS, LLC","RECREATIONAL PRODUCER","No","2026-06-29","2027-06-28",,,"Exempt from Public Disclosure","Josephine","Tier II","Outdoor",
"050-101188454E0","Herbal Choices","HC RETAIL, INC.","RECREATIONAL RETAILER","No","2025-10-28","2026-10-27",,,"1845 SHERMAN AVE NORTH BEND OR  97459-3417","Coos",,,"Medical Marijuana Retailer"
"050-10087509BD5","Nectar ","NECTAR MARKETS, LLC","RECREATIONAL RETAILER","No","2026-03-13","2026-09-17",,,"15930 SW REGATTA LN BEAVERTON OR  97006-8925","Washington",,,"Marijuana Home Delivery, Medical Marijuana Retailer"
"030-3092","Lit Oregon ","LIT OREGON LLC","RECREATIONAL PROCESSOR","No","2026-04-23","2027-04-22",,,"Exempt from Public Disclosure","Clackamas",,,"Concentrate Processor, Edible Processor, Industrial Hemp, Medical Marijuana Processor, Topical Processor"
"020-1023981A1DB","Chapman Creek LLC","CHAPMAN CREEK LLC","RECREATIONAL PRODUCER","Yes","2023-08-25","2024-08-24",,,"Exempt from Public Disclosure","Josephine","Tier II","Outdoor",
"050-1012021E786","Electric Lettuce Holgate","HOLGATE RETAIL INVESTMENTS INC.","RECREATIONAL RETAILER","No","2026-04-17","2026-11-15",,,"12131 SE HOLGATE BLVD PORTLAND OR  97266-2161","Multnomah",,,"Marijuana Home Delivery, Medical Marijuana Retailer"
"050-10090892548","Greenery","SHH..., LLC","RECREATIONAL RETAILER","No","2025-08-29","2026-08-28",,,"8700 SW BARBUR CT STE M, PORTLAND OR  97219-4074","Multnomah",,,"Marijuana Home Delivery, Medical Marijuana Retailer"
"030-3455","F & J's Farm","F & J'S FARM LLC","RECREATIONAL PROCESSOR","Yes","2025-11-10","2026-05-19","2025-11-10",,"Exempt from Public Disclosure","Coos",,,"Concentrate Processor"
"020-102400917FC","Total Titan Systems LLC","TOTAL TITAN SYSTEMS LLC","RECREATIONAL PRODUCER","No","2026-07-20","2027-07-05",,,"Exempt from Public Disclosure","Jackson","Tier II","Outdoor",
"050-10126352F60","Nectar Markets, LLC","NECTAR MARKETS, LLC","RECREATIONAL RETAILER","No","2026-03-13","2026-11-21",,,"10477 SW BEAVERTON HILLSDALE HWY BEAVERTON OR  97005-3107","Washington",,,"Marijuana Home Delivery, Medical Marijuana Retailer"
"050-10096429A3B","Silver Creek Dispensary","INTEGRO GROUP, LLC","RECREATIONAL RETAILER","No","2026-05-07","2027-05-06",,,"307 E MAIN ST SILVERTON OR  97381-1714","Marion",,,"Marijuana Home Delivery, Medical Marijuana Retailer"
"030-4041","Just Say Thx","THE HIGHEST XPECTATIONS LLC","RECREATIONAL PROCESSOR","No","2025-08-14","2026-08-13",,,"Exempt from Public Disclosure","Yamhill",,,"Concentrate Processor, Extract Processor"
"030-4885","The Lab","ODYSSEY DISTRIBUTION LLC","RECREATIONAL PROCESSOR","No","2025-09-09","2026-09-08",,,"Exempt from Public Disclosure","Multnomah",,,"Concentrate Processor"
"020-1024168F6B4","Exotic NRV ","EXOTIC NRV LLC","RECREATIONAL PRODUCER","No","2025-09-26","2026-09-25",,,"Exempt from Public Disclosure","Josephine","Tier II","Mixed",
"050-1012887F9A0","Western Oregon Dispensary","WESTERN OREGON DISPENSARY, INC.","RECREATIONAL RETAILER","No","2026-09-20","2027-09-19",,,"19665 SW TUALATIN VALLEY HWY STE A BEAVERTON OR  97003-2352","Washington",,,"Marijuana Home Delivery, Medical Marijuana Retailer"
"050-1015330739B","Zuni Products","ZUNI PRODUCTS, INC.","RECREATIONAL RETAILER","No","2026-05-12","2027-05-11",,,"3224 DEMARAY DR GRANTS PASS OR  97527-9327","Josephine",,,"Marijuana Home Delivery"
"030-5228","Not Even Worth Knowing","NOT EVEN WORTH KNOWING LLC","RECREATIONAL PROCESSOR","No","2026-09-17","2027-09-16",,,"Exempt from Public Disclosure","Clatsop",,,"Concentrate Processor"
"030-1014315F17B","Easy Extracts","URBAN COLLECTIVE PDX, LLC","RECREATIONAL PROCESSOR","Yes","2024-05-27","2025-05-26",,,"Exempt from Public Disclosure","Multnomah",,,"Concentrate Processor, Extract Processor"
"050-101648406F4","Smiles","SMILE VENTURES, INC.","RECREATIONAL RETAILER","No","2026-02-11","2027-02-10",,,"655 NE CHESTNUT AVE ROSEBURG OR  97470-2186","Douglas",,,"Marijuana Home Delivery, Medical Marijuana Retailer"
"050-10158961801","La Mota","LA MOTA NORTH PORTLAND LLC","RECREATIONAL RETAILER","No","2026-07-08","2026-11-03",,,"9440 N SAINT LOUIS AVE PORTLAND OR  97203-2273","Multnomah",,,"Marijuana Home Delivery, Medical Marijuana Retailer"
"030-6530","Upstream Lab","ODYSSEY DISTRIBUTION LLC","RECREATIONAL PROCESSOR","No","2025-10-22","2026-10-21",,,"Exempt from Public Disclosure","Multnomah",,,"Concentrate Processor"
"030-1014657D1EC","Craft Extracts","JV EXTRACTION LLC","RECREATIONAL PROCESSOR","Yes","2025-01-16","2025-09-03","2025-01-16",,"Exempt from Public Disclosure","Lane",,,"Concentrate Processor, Edible Processor, Extract Processor, Industrial Hemp, Medical Marijuana Processor, Topical Processor"
"050-1016538BD86","Arcanna","RANDOM POINT LLC","RECREATIONAL RETAILER","Yes","2026-07-31","2027-03-09","2026-07-31",,"698 W 6TH AVE APT 1, EUGENE OR  97402-5119","Lane",,,"Marijuana Home Delivery, Medical Marijuana Retailer"
"050-1015927ADFE","Green Room (South)","COPR INCORPORATED","RECREATIONAL RETAILER","No","2025-12-28","2026-12-27",,,"1665 SE 3RD ST CORVALLIS OR  97333-1244","Benton",,,"Marijuana Home Delivery, Medical Marijuana Retailer"
"030-7439","OCC Processing Eugene","OCC WHOLESALE EUGENE, LLC/OCC PROCESSING EUGENE, LLC","RECREATIONAL PROCESSOR","No","2025-11-15","2026-11-14",,,"Exempt from Public Disclosure","Lane",,,"Concentrate Processor, Extract Processor, Industrial Hemp, Medical Marijuana Processor, Topical Processor"
"030-1015351A991","Green Clover Farms","COPP FAMILY LLC","RECREATIONAL PROCESSOR","Yes","2024-12-09","2025-02-08","2024-12-09",,"Exempt from Public Disclosure","Clackamas",,,
"050-10169186E09","Weedbucks","WEEDBUCKS, LLC","RECREATIONAL RETAILER","No","2026-01-26","2025-11-03",,,"204 MADRONE ST ROGUE RIVER OR  97537-9437","Jackson",,,"Marijuana Home Delivery, Medical Marijuana Retailer"
"050-10160898042","Substance","BLOOM WELL INC","RECREATIONAL RETAILER","No","2026-10-07","2027-10-06",,,"26 N E ST LAKEVIEW OR  97630-1524","Lake",,,"Marijuana Home Delivery, Medical Marijuana Retailer"
"030-8692","Full Circle CO2","FULL CIRCLE EXTRACTION CO., LLC","RECREATIONAL PROCESSOR","No","2025-12-26","2026-12-25",,,"Exempt from Public Disclosure","Lane",,,"Concentrate Processor, Extract Processor, Industrial Hemp, Topical Processor"
"030-1017166F8C4","Green Beehive","GREEN BEEHIVE II, LLC","RECREATIONAL PROCESSOR","No","2026-02-10","2026-11-03",,,"Exempt from Public Disclosure","Washington",,,"Edible Processor"
"050-1017243C0D9","Highly Cultivated Brands","PNW OPERATOR LLC","RECREATIONAL RETAILER","No","2025-08-11","2026-08-10",,,"901 EDGEWATER ST NW SALEM OR  97304-3819","Polk",,,"Marijuana Home Delivery"
"050-10161982296","Knotty Leaves","KDL CORPORATION","RECREATIONAL RETAILER","No","2025-12-10","2026-12-09",,,"769 N MAIN ST STE C, INDEPENDENCE OR  97351-2201","Polk",,,"Medical Marijuana Retailer"
"030-9025","Extracts 2 Go","EXTRACTS2GO LLC","RECREATIONAL PROCESSOR","No","2026-01-09","2027-01-08",,,"Exempt from Public Disclosure","Clackamas",,,"Concentrate Processor"
"050-100035555F6","The Herbal Connection ","THE HERBAL CENTRE LLC","RECREATIONAL RETAILER","No","2026-01-01","2026-12-31",,,"463 RIVER AVE EUGENE OR  97404-3541","Lane",,,"Marijuana Home Delivery, Medical Marijuana Retailer"
"030-1017286CD4E","Rolling Fields, LLC","ROLLING FIELDS, LLC","RECREATIONAL PROCESSOR","No","2026-04-26","2027-04-25",,,"Exempt from Public Disclosure","Multnomah",,,"Edible Processor"
"050-1017346D1E7","Weedbucks","WEEDBUCKS, LLC","RECREATIONAL RETAILER","No","2026-05-06","2026-02-06",,,"330 GALICE RD MERLIN OR  97532-8754","Josephine",,,"Marijuana Home Delivery, Medical Marijuana Retailer"
"050-10163048F86","Nectar","NECTAR MARKETS, LLC","RECREATIONAL RETAILER","No","2026-03-13","2027-02-01",,,"2367 SE 122ND AVE PORTLAND OR  97233-1403","Multnomah",,,"Marijuana Home Delivery, Medical Marijuana Retailer"
"030-1008311722F","ALTERED ALCHEMY, ANTHOLOGY, VAPE TREE, DAB TREE","SRS FARMS, LLC","RECREATIONAL PROCESSOR","No","2026-04-06","2027-02-11",,,"Exempt from Public Disclosure","Jackson",,,"Concentrate Processor, Edible Processor, Extract Processor, Industrial Hemp, Medical Marijuana Processor, Topical Processor"
"020-1024198F04F","Tonka Tinker Farms","TONKA TINKER FARMS LLC","RECREATIONAL PRODUCER","No","2026-07-28","2027-07-27",,,"Exempt from Public Disclosure","Jackson","Tier II","Outdoor",
"050-1000360C340","Tokyo Starfish","TOKYO STARFISH 1, INC.","RECREATIONAL RETAILER","No","2025-12-13","2026-12-12",,,"542 NW ARIZONA AVE BEND OR  97703-3258","Deschutes",,,"Marijuana Home Delivery, Medical Marijuana Retailer"
"050-10129165BBF","Today's Herbal Choice Stayton, LLC","TODAY'S HERBAL CHOICE STAYTON, LLC","RECREATIONAL RETAILER","No","2025-12-29","2026-12-28",,,"494 WILCO RD STAYTON OR  97383-1087","Marion",,,"Medical Marijuana Retailer"
"050-10111819607","Herbal Choices","HC RETAIL, INC.","RECREATIONAL RETAILER","No","2026-07-05","2027-07-04",,,"1891 WINCHESTER AVE REEDSPORT OR  97467-1148","Douglas",,,"Medical Marijuana Retailer"
"030-1017339458C","Buddies Processing","COOK INVESTMENTS NORTHWEST OREGON, LLC","RECREATIONAL PROCESSOR","Yes","2024-10-21","2024-11-16","2024-10-21",,"Exempt from Public Disclosure","Clackamas",,,
"050-1017449E2EB","Frontier Farms - The Dalles","ROUTE 30 RETAIL, LLC","RECREATIONAL RETAILER","No","2026-09-13","2027-09-12",,,"609 E 2ND ST THE DALLES OR  97058-2415","Wasco",,,"Marijuana Home Delivery, Medical Marijuana Retailer"
"050-10129671010","RJ's Leaf","GREEN TRAIN LLC","RECREATIONAL RETAILER","Yes","2026-04-24","2026-12-07","2026-04-24",,"5501 NW SAINT HELENS RD PORTLAND OR  97210-1139","Multnomah",,,"Marijuana Home Delivery, Medical Marijuana Retailer"
"050-1011183437D","Mr. Nice Guy Retail","MNG HOLDINGS, LLC","RECREATIONAL RETAILER","No","2026-04-22","2026-03-07",,"0173815 93","3146 BASELINE ST CORNELIUS OR  97123-5403","Washington",,,"Marijuana Home Delivery, Medical Marijuana Retailer"
"020-10244940D86","NWKindLLC","NW KIND LLC","RECREATIONAL PRODUCER","No","2026-08-18","2027-08-17",,,"Exempt from Public Disclosure","Josephine","Tier II","Outdoor",
"050-10005564876","I and I Newport","JAH LION LLC","RECREATIONAL RETAILER","Yes","2022-12-23","2023-12-22",,,"452 SW BAY BLVD NEWPORT OR  97365-4508","Lincoln",,,"Marijuana Home Delivery, Medical Marijuana Retailer"
"050-1016525DC37","The Herb Center","THC RETAIL LLC","RECREATIONAL RETAILER","Yes","2025-09-08","2026-03-16","2025-09-08",,"2205 NE DIVISION ST STE 150 BEND OR  97703-3548","Deschutes",,,"Marijuana Home Delivery, Medical Marijuana Retailer"
"050-1011403433E","Terpene Station","LGCLORDIS2 LLC","RECREATIONAL RETAILER","Yes","2023-09-24","2024-05-07","2024-05-07",,"645 RIVER RD STE 3 EUGENE OR  97404-3288","Lane",,,"Marijuana Home Delivery, Medical Marijuana Retailer"
"020-10245917643","Stinky Pete Farmz","STINKYCONSULTATIONS LLC","RECREATIONAL PRODUCER","No","2026-05-01","2026-08-07",,,"Exempt from Public Disclosure","Jackson","Tier II","Mixed",
"050-10006222890","The Holistic Coop LLC","THE HOLISTIC COOP LLC","RECREATIONAL RETAILER","No","2025-11-17","2026-11-16",,,"1049 E MAIN ST COTTAGE GROVE OR  97424-2231","Lane",,,"Marijuana Home Delivery, Medical Marijuana Retailer"
"050-1016536C5D3","Mr. Nice Guy Springfield","SPRINGFIELD RETAIL LLC","RECREATIONAL RETAILER","Yes","2024-12-11","2025-05-23","2024-12-11",,"6033 NE WIN SIVERS DR STE B PORTLAND OR  97220-9052","Lane",,,"Marijuana Home Delivery, Medical Marijuana Retailer"
"050-10167004BB9","Canna Bros","RIVERGLASS SHOP LLC","RECREATIONAL RETAILER","No","2026-05-17","2027-05-16",,,"2335 INDUSTRIAL AVE HUBBARD OR  97032","Marion",,,"Medical Marijuana Retailer"
"050-10114859E17","Hashstoria","JCCD2, LLC","RECREATIONAL RETAILER","Yes","2024-10-19","2025-10-18",,,"1840 MAIN ST SPRINGFIELD OR  97477-5052","Lane",,,"Marijuana Home Delivery, Medical Marijuana Retailer"
"020-1024599BEC5","Long River Investment LLC ","LONG RIVER INVESTMENT LLC","RECREATIONAL PRODUCER","No","2026-08-31","2027-08-30",,,"Exempt from Public Disclosure","Washington","Tier II","Indoor",
"050-1017648E8FD","CHRONIX CANNABIS DISPENSARY","GREEN MONKEY LLC","RECREATIONAL RETAILER","No","2025-03-17","2026-03-16",,,"933 NE 82ND AVE PORTLAND OR  97220-5804","Multnomah",,,"Marijuana Home Delivery, Medical Marijuana Retailer"
"050-10167486CA7","Nectar","NECTAR MARKETS, LLC","RECREATIONAL RETAILER","No","2026-06-16","2027-01-04",,,"403 SE 162ND AVE Gresham OR  97233-3809","Multnomah",,,"Marijuana Home Delivery, Medical Marijuana Retailer"
"050-101157106FA","Oregon Bud Company","OREGON BUD COMPANY LLC","RECREATIONAL RETAILER","No","2026-08-06","2026-12-02",,,"4511 SE CESAR E CHAVEZ BLVD PORTLAND OR  97202-3119","Multnomah",,,"Marijuana Home Delivery, Medical Marijuana Retailer"
"020-1024659425A","Rich Rising Farms ","RICH RISING FARMS LLC","RECREATIONAL PRODUCER","No","2026-03-16","2026-07-20",,,"Exempt from Public Disclosure","Jackson","Tier II","Outdoor",
"050-1018133AC46","Brothers Cannabis","NUWAVE SEASIDE LLC","RECREATIONAL RETAILER","Yes","2025-10-30","2026-02-02","2025-10-30",,"1675 FRANKLIN BLVD EUGENE OR  97403-1982","Clatsop",,,"Marijuana Home Delivery, Medical Marijuana Retailer"
"050-1016923EE82","POPS' LLC","POPS' LLC","RECREATIONAL RETAILER","No","2026-01-07","2027-01-20",,,"264 6TH ST UNIT A, PORT ORFORD OR  97465-9597","Curry",,,"Marijuana Home Delivery, Medical Marijuana Retailer"
"050-1011685A401","Nectar","NECTAR MARKETS, LLC","RECREATIONAL RETAILER","No","2026-03-13","2027-04-18",,,"20595 SW TUALATIN VALLEY HWY STE 103, BEAVERTON OR  97003-1762","Washington",,,"Marijuana Home Delivery, Medical Marijuana Retailer"
"020-10247010202","Flying High ","FLYING HIGH OREGON LLC","RECREATIONAL PRODUCER","Yes","2025-12-05","2026-07-23","2025-12-05",,"Exempt from Public Disclosure","Clackamas","Tier I","Indoor",
"050-1018487D91D","Pete's Farm Dispensary","PETE'S FARM LLC","RECREATIONAL RETAILER","No","2025-12-23","2026-12-22",,,"433 N HIGHWAY 101 DEPOE BAY OR  97341-1900","Lincoln",,,
"050-1016958498D","OG Collective","OG COLLECTIVE, LLC || OG LEASING, LLC","RECREATIONAL RETAILER","No","2026-06-22","2027-06-21",,,"414 NW 4TH ST CORVALLIS OR  97330-6409","Benton",,,"Marijuana Home Delivery, Medical Marijuana Retailer"
"050-10121449985","Eden","HOLMAN ST VENTURES LLC","RECREATIONAL RETAILER","Yes","2024-08-13","2024-03-07",,,"11309 NE HOLMAN ST PORTLAND OR  97220-1065","Multnomah",,,"Marijuana Home Delivery, Medical Marijuana Retailer"
"020-1024719555D","HOOD VALLEY FARMS","YING JING LLC","RECREATIONAL PRODUCER","No","2026-08-14","2027-08-13",,,"Exempt from Public Disclosure","Clackamas","Tier I","Indoor",
"050-101881063C7","Paka House Cannabis","PONO LAPINE LLC","RECREATIONAL RETAILER","Yes","2025-12-04","2024-03-14","2024-08-08",,"52690 HIGHWAY 97 STE A, LA PINE OR  97739-9710","Deschutes",,,
"050-10170361E30","La Mota","LA MOTA LLC","RECREATIONAL RETAILER","No","2026-07-08","2026-08-02",,,"924 S CENTRAL AVE STE 2, MEDFORD OR  97501-7800","Jackson",,,"Marijuana Home Delivery, Medical Marijuana Retailer"
"050-10124193FBD","Haystack Surf and Crystal Shop","POINT BREAK LLC","RECREATIONAL RETAILER","No","2026-05-19","2027-05-18",,,"1088 S HEMLOCK ST STE A, CANNON BEACH OR  97110","Clatsop",,,
"020-1024798619D","TLMD LLC","TLMD LLC","RECREATIONAL PRODUCER","No","2026-02-05","2027-02-04",,,"Exempt from Public Disclosure","Josephine","Tier II","Outdoor",
"050-10188271030","Green Cross Cannabis Emporium","TLC MEDICAL, INC.","RECREATIONAL RETAILER","Yes","2025-04-27","2026-03-14","2025-04-27","1721081-1","1695 CENTER ST NE SALEM OR  97301-4268","Marion",,,"Marijuana Home Delivery, Medical Marijuana Retailer"
"050-1018857A045","Emerald triangle Dispensary","ETD ENTERPRISES, INC","RECREATIONAL RETAILER","No","2026-06-21","2027-06-20",,,"3945 N HIGHWAY 97 KLAMATH FALLS OR  97601-9445","Klamath",,,"Marijuana Home Delivery, Medical Marijuana Retailer"
"050-10170556BAB","Substance","BLOOM WELL INC","RECREATIONAL RETAILER","No","2026-10-07","2027-10-06",,,"1749 E MCANDREWS RD MEDFORD OR  97504-5508","Jackson",,,"Marijuana Home Delivery, Medical Marijuana Retailer"
"050-10126938755","Bud's","454 LLC","RECREATIONAL RETAILER","Yes","2025-05-23","2025-06-01","2025-05-23",,"101 S RIVERSIDE AVE MEDFORD OR  97501-7234","Jackson",,,"Marijuana Home Delivery, Medical Marijuana Retailer"
"020-1025259C395","Ocean World Investments Inc","OCEAN WORLD INVESTMENTS INC","RECREATIONAL PRODUCER","No","2025-12-05","2026-12-04",,,"Exempt from Public Disclosure","Jackson","Tier II","Outdoor",
"050-1022133081E","MAKS Oregon LLC","MAKS OREGON LLC","RECREATIONAL RETAILER","Yes","2026-01-20","2026-04-26","2026-01-20",,"11030 SW Capitol Hwy Portland, OR 97219","Clackamas",,,"Marijuana Home Delivery, Medical Marijuana Retailer"
"050-1017115637F","Natural Remedies","GREEN REMEDIES LLC","RECREATIONAL RETAILER","No","2026-06-28","2027-06-27",,,"9810 E BURNSIDE ST PORTLAND OR  97216-2330","Multnomah",,,"Marijuana Home Delivery, Medical Marijuana Retailer"
"050-101304477BC","Kush Gardens Co","LONDON PARTNERS LLC","RECREATIONAL RETAILER","No","2026-07-07","2027-01-26",,,"215 GALICE RD MERLIN OR  97532-8752","Josephine",,,"Marijuana Home Delivery, Medical Marijuana Retailer"
"020-1025476B2F7","Kaihua168","KAIHUA168 LLC","RECREATIONAL PRODUCER","No","2026-01-11","2027-01-10",,,"Exempt from Public Disclosure","Clackamas","Tier II","Indoor",
"050-1022348FA16","ADNA RETAIL OREGON LLC","ADNA RETAIL OREGON, LLC","RECREATIONAL RETAILER","Yes","2024-09-06","2025-02-02","2024-09-06",,"1681 W 7TH AVE EUGENE OR  97402-4309","Marion",,,"Marijuana Home Delivery, Medical Marijuana Retailer"
"050-10171226BE6","Oregrown Cannon Beach","CB FLAGSHIP, INC.","RECREATIONAL RETAILER","No","2026-06-23","2027-07-07",,,"2127 S HIGHWAY 97 STE 110, REDMOND OR  97756-2656","Deschutes",,,"Medical Marijuana Retailer"
"050-1013239D34B","Electric Lettuce Alberta","GW RETAIL ALBERTA, INC.","RECREATIONAL RETAILER","No","2026-03-07","2027-03-06",,,"1313 NE ALBERTA ST PORTLAND OR  97211-5005","Multnomah",,,
"020-10720","WEALTH BLOSSOM CROPS ","WEALTH BLOSSOM CROPS LLC","RECREATIONAL PRODUCER","No","2026-02-28","2027-02-27",,,"Exempt from Public Disclosure","Clackamas","Tier II","Outdoor",
"050-1022732561B","Pendleton Cannabis","GFE, LLC","RECREATIONAL RETAILER","No","2025-12-12","2026-12-11",,,"816 SOUTHGATE PENDLETON OR  97801-3949","Umatilla",,,"Marijuana Home Delivery, Medical Marijuana Retailer"
"050-1017143AEF5","Cookies","HILLCO ASSET MANAGEMENT LLC","RECREATIONAL RETAILER","Yes","2025-04-22","2025-08-12","2025-04-22",,"1158 HIGH ST STE 101, EUGENE OR  97401-3688","Lane",,,"Marijuana Home Delivery, Medical Marijuana Retailer"
"050-101385551D0","Weedology","SEGRETO LLC","RECREATIONAL RETAILER","No","2025-07-19","2026-07-18",,,"591 E IDAHO AVE ONTARIO OR  97914-2544","Malheur",,,"Medical Marijuana Retailer"
"020-10731","Gordos Farm","GORDOS FARM LLC","RECREATIONAL PRODUCER","No","2026-02-28","2027-02-27",,,"Exempt from Public Disclosure","Jackson","Tier II","Outdoor",
"050-1023191B69C","Emerald Triangle Dispensary","ZACHARY KOHLER","RECREATIONAL RETAILER","Yes","2026-02-18","2026-02-22","2026-02-18",,"103 N PACIFIC HWY UNITS A B C, TALENT OR  97540-9625","Jackson",,,"Marijuana Home Delivery, Medical Marijuana Retailer"
"050-1017483E9A8","Good Life Collective","MACH ENTERPRISES LLC","RECREATIONAL RETAILER","No","2025-10-08","2026-10-07",,,"193 MARINE DR ASTORIA OR  97103-4346","Clatsop",,,"Marijuana Home Delivery, Medical Marijuana Retailer"
"050-1013873660A","Frontier Farms - Hood River","FFR INC.","RECREATIONAL RETAILER","No","2026-05-08","2027-05-07",,,"602 OAK ST HOOD RIVER OR  97031-1812","Hood River",,,"Marijuana Home Delivery, Medical Marijuana Retailer"
"020-11049","Manmade Gold Nest","MANMADE GOLD NEST LLC","RECREATIONAL PRODUCER","No","2026-07-23","2027-03-09",,,"Exempt from Public Disclosure","Clackamas","Tier II","Indoor",
"020-11318","420 Gardens, LLC","420 GARDENS LLC","RECREATIONAL PRODUCER","No","2026-03-18","2027-03-17",,,"Exempt from Public Disclosure","Washington","Tier I","Indoor",
"050-102340533D3","Slim's Topshelf","SLIMS HOLDING, LLC","RECREATIONAL RETAILER","Yes","2025-03-05","2025-03-13","2025-03-05",,"539 SW 3RD AVE PORTLAND OR  97204-2501","Multnomah",,,
"050-1018267C84D","Blue Dream Cannabis & Vintage","BLUE DREAM CANNABIS & VINTAGE LLC","RECREATIONAL RETAILER","No","2026-04-07","2027-04-06",,,"1436 SE POWELL BLVD PORTLAND OR  97202-2348","Multnomah",,,"Marijuana Home Delivery, Medical Marijuana Retailer"
"050-1013874BDF5","Oregon Euphorics","AG-X, LLC","RECREATIONAL RETAILER","No","2026-03-29","2027-03-28",,,"70 SW CENTURY DR STE 170, BEND OR  97702-3561","Deschutes",,,"Marijuana Home Delivery, Medical Marijuana Retailer"
"050-10007839141","Budlandia","EVERETT HOLDINGS LLC","RECREATIONAL RETAILER","No","2025-12-31","2026-12-30",,,"16440 SE DIVISION ST STE B, PORTLAND OR  97236-1932","Multnomah",,,"Medical Marijuana Retailer"
"050-1023697A509","Lincoln City Collective North","OG3, LLC.","RECREATIONAL RETAILER","No","2026-05-04","2027-05-03",,,"4355 NW HIGHWAY 101 LINCOLN CITY OR  97367-4989","Lincoln",,,"Marijuana Home Delivery, Medical Marijuana Retailer"
"050-1021663B76F","Hash It Out","HASH IT OUT LLC","RECREATIONAL RETAILER","No","2025-09-20","2026-09-19",,,"1080 W CENTRAL BLVD COQUILLE OR  97423-1017","Coos",,,"Marijuana Home Delivery, Medical Marijuana Retailer"
"050-10140","The Jointery","PORTLAND HIGH STANDARDS, INC","RECREATIONAL RETAILER","No","2026-04-20","2027-02-11",,,"5926 NE KILLINGSWORTH ST PORTLAND OR  97218-2424","Multnomah",,,"Marijuana Home Delivery, Medical Marijuana Retailer"
"050-100099996CC","Mr. Nice Guy Holgate","HI CASCADE, LLC","RECREATIONAL RETAILER","No","2025-12-31","2026-12-30",,"81-0832486","11030 SE HOLGATE BLVD PORTLAND OR  97266-3404","Multnomah",,,"Marijuana Home Delivery, Medical Marijuana Retailer"
"050-1023875D6FF","Green Room (Albany)","COPR INCORPORATED","RECREATIONAL RETAILER","No","2026-03-28","2027-03-27",,,"820 PACIFIC BLVD SE STE B, ALBANY OR  97321-3207","Linn",,,"Marijuana Home Delivery, Medical Marijuana Retailer"
"050-10231163EB4","Tropicannabis","TROPICORP INC","RECREATIONAL RETAILER","Yes","2024-05-30","2025-05-29",,,"1817 CASCADE AVE HOOD RIVER OR  97031-1101","Hood River",,,"Medical Marijuana Retailer"
"050-1014039487F","Electric Lettuce Montavilla ","GW RETAIL GLISAN, INC.","RECREATIONAL RETAILER","No","2026-07-11","2027-07-10",,,"7201 NE GLISAN ST STE D, PORTLAND OR  97213-6369","Multnomah",,,"Marijuana Home Delivery, Medical Marijuana Retailer"
"050-10011855BAC","High Tide Wellness Center","HIGH TIDE WELLNESS CENTER LLC","RECREATIONAL RETAILER","No","2025-12-22","2026-12-21",,,"15957 HIGHWAY 101 S STE 4 HARBOR OR  97415-8507","Curry",,,"Marijuana Home Delivery, Medical Marijuana Retailer"
"050-1024051DEE0","Hive Cannabis Connect","HIVE DIRECT LLC","RECREATIONAL RETAILER","No","2026-06-01","2027-05-31",,,"2836 W 11TH AVE UNIT 2, EUGENE OR  97402-3291","Lane",,,"Marijuana Home Delivery, Medical Marijuana Retailer"
"050-1023571A62B","Dreams ","EHC HOLDINGS LLC","RECREATIONAL RETAILER","Yes","2026-02-02","2026-07-04","2026-02-02",,"1000 OBIE ST STE A, EUGENE OR  97402-3054","Lane",,,"Marijuana Home Delivery, Medical Marijuana Retailer"
"050-101408643F8","BLOOMINATI CANNABIS CORP","BLOOMINATI CANNABIS CORP","RECREATIONAL RETAILER","No","2026-05-06","2027-05-05",,,"240 SW WASHINGTON AVE CORVALLIS OR  97333-4407","Benton",,,"Marijuana Home Delivery, Medical Marijuana Retailer"
"050-10013642BA6","La Mota","LA MOTA 7 LLC","RECREATIONAL RETAILER","No","2026-07-08","2026-12-28",,,"257 2ND ST DRAIN OR  97435","Douglas",,,"Marijuana Home Delivery, Medical Marijuana Retailer"
"050-10240901C8A","Smooth Roots Veneta","SR OREGON VENETA LLC","RECREATIONAL RETAILER","No","2026-06-23","2027-06-22",,,"25805 HIGHWAY 126 STE 1-B, VENETA OR  97487","Lane",,,"Marijuana Home Delivery, Medical Marijuana Retailer"
"050-10237733790","Green Oasis Cannabis Dispensary","GO RETAIL GROUP LLC","RECREATIONAL RETAILER","No","2026-05-01","2027-04-30",,,"1035 SE TACOMA ST UNIT A, PORTLAND OR  97202-6529","Multnomah",,,"Marijuana Home Delivery, Medical Marijuana Retailer"
"050-1014500F406","Phresh Start","PHRESH START LLC","RECREATIONAL RETAILER","No","2026-04-28","2027-04-27",,,"2270 W 11TH AVE EUGENE OR  97402-3505","Lane",,,"Marijuana Home Delivery, Medical Marijuana Retailer"
"050-1001649DE75","Top Shelf Cannabis ","TOP SHELF CANNABIS INCORPORATED","RECREATIONAL RETAILER","No","2025-12-31","2026-12-30",,,"353 SE BAKER ST STE C, MCMINNVILLE OR  97128-6039","Yamhill",,,"Medical Marijuana Retailer"
"050-10018957EDE","OG Collective, LLC","OG COLLECTIVE, LLC || OG LEASING, LLC","RECREATIONAL RETAILER","No","2026-07-02","2026-12-30",,,"3410 HAWTHORNE AVE NE SALEM OR  97301-7732","Marion",,,"Marijuana Home Delivery, Medical Marijuana Retailer"
"050-102427410E5","Rogue Valley Cannabis","RVCETD SOUTH LLC","RECREATIONAL RETAILER","No","2026-08-28","2027-08-27",,,"505 SISKIYOU BLVD ASHLAND OR  97520-5108","Jackson",,,"Marijuana Home Delivery, Medical Marijuana Retailer"
"050-102398996F1","Rose Bud Incorporated","ROSE BUD INCORPORATED","RECREATIONAL RETAILER","No","2026-07-14","2026-09-04",,,"2637 NE MARTIN LUTHER KING JR BLVD STE B, PORTLAND OR  97212-3772","Multnomah",,,"Medical Marijuana Retailer"
"030-1008988D8B4","Medicine Farm Botanicals","ABSTRACT EXTRACTS LLC","RECREATIONAL PROCESSOR","No","2026-06-16","2027-05-13",,,"Exempt from Public Disclosure","Lane",,,"Concentrate Processor, Industrial Hemp, Topical Processor"
"050-1001915EA16","Twenty After Four Wellness Center","420 BLAIR BLVD LLC","RECREATIONAL RETAILER","Yes","2023-12-30","2024-12-29","2024-09-05",,"420 BLAIR BLVD EUGENE OR  97402-4393","Lane",,,
"020-11835","Wanda Farming LLC","WANDA FARMING LLC","RECREATIONAL PRODUCER","No","2026-04-01","2027-03-31",,,"Exempt from Public Disclosure","Lane","Tier II","Mixed",
"050-1013444DEA1","Top Shelf Wellness Center","CARDHOLDER CARE, LIMITED LIABILITY COMPANY","RECREATIONAL RETAILER","No","2026-02-07","2027-02-06",,,"205 N PHOENIX RD STE C, PHOENIX OR  97535-9100","Jackson",,,"Marijuana Home Delivery, Medical Marijuana Retailer"
"030-1009885E122","High Point","45TH LATITUDE, LLC","RECREATIONAL PROCESSOR","Yes","2025-04-18","2025-05-15","2025-04-18",,"Exempt from Public Disclosure","Clackamas",,,"Concentrate Processor"
"050-10022589CE7","Plantae","DH WHOLESALE LLC / PLANTAE HEALTH CARE LLC","RECREATIONAL RETAILER","No","2026-01-10","2027-01-09",,,"2115 NE HIGHWAY 20 STE 107, BEND OR  97701-7044","Deschutes",,,"Marijuana Home Delivery, Medical Marijuana Retailer"
"020-12635","JMSCO LLC","JMSCO LLC ","RECREATIONAL PRODUCER","No","2026-04-18","2027-04-17",,,"Exempt from Public Disclosure","Lane","Tier II","Indoor",
"050-1014325BA52","Emerald Triangle Dispensary","ETD ENTERPRISES, INC","RECREATIONAL RETAILER","No","2026-06-25","2027-06-24",,,"3480 WASHBURN WAY STE D, KLAMATH FALLS OR  97603-4582","Klamath",,,"Marijuana Home Delivery, Medical Marijuana Retailer"
"030-10113638326","FRONTIER UNDERGROUND FARMS","JJS ENTERPRISE LLC","RECREATIONAL PROCESSOR","No","2025-09-01","2026-08-31",,,"Exempt from Public Disclosure","Tillamook",,,"Concentrate Processor, Edible Processor, Topical Processor"
"050-10024934771","Medicine Tree LLC","MEDICINE TREE LLC","RECREATIONAL RETAILER","Yes","2026-01-31","2026-12-28","2026-01-31",,"2046 NE HIGHWAY 99W STE A, MCMINNVILLE OR  97128-6290","Yamhill",,,"Medical Marijuana Retailer"
"020-12702","Farm to Table Exotics LLC ","FARM TO TABLE EXOTICS LLC ","RECREATIONAL PRODUCER","No","2026-04-21","2027-04-20",,,"Exempt from Public Disclosure","Josephine","Tier II","Outdoor",
"050-10143394D2C","Seaweed Reef","SEAWEED REEF LLC","RECREATIONAL RETAILER","No","2026-03-28","2027-03-27",,,"5417 N COAST HWY UNIT 3, NEWPORT OR  97365-1213","Lincoln",,,"Medical Marijuana Retailer"
"030-1011649074E","Noble Farms","NOBLE FARMS LLC","RECREATIONAL PROCESSOR","No","2025-12-14","2026-12-13",,,"Exempt from Public Disclosure","Clackamas",,,"Concentrate Processor"
"050-100297375C8","Green Room","COPR INCORPORATED","RECREATIONAL RETAILER","No","2025-12-29","2026-12-28",,,"2521 NW 9TH ST CORVALLIS OR  97330-1536","Benton",,,"Marijuana Home Delivery, Medical Marijuana Retailer"
"020-13089","Immature Stoners","IMMATURE STONERS LLC","RECREATIONAL PRODUCER","No","2026-04-28","2027-04-28",,,"Exempt from Public Disclosure","Clackamas","Micro Tier II","Indoor",
"020-14041","5150 Cannabis","51/50 FARM LLC","RECREATIONAL PRODUCER","No","2026-05-19","2027-05-18",,,"Exempt from Public Disclosure","Polk","Tier II","Outdoor",
"050-1014408AB28","The Green Planet","THE GREEN PLANET, INC.","RECREATIONAL RETAILER","No","2026-08-19","2027-08-18",,,"15171 BANGY RD STE 125, LAKE OSWEGO OR  97035-3270","Clackamas",,,"Marijuana Home Delivery, Medical Marijuana Retailer"
"030-1012444843B","Kalya Extracts, Community Cannabis","AURUM REFINERY LLC","RECREATIONAL PROCESSOR","Yes","2025-08-25","2025-10-17",,,"Exempt from Public Disclosure","Jackson",,,"Concentrate Processor"
"050-10032418898","Green Ridge Apothecary","DANIELLE MARIE KLAUS-BAILEY","RECREATIONAL RETAILER","No","2025-10-04","2026-10-03",,,"106 NE 8TH ST MCMINNVILLE OR  97128-4910","Yamhill",,,"Marijuana Home Delivery, Medical Marijuana Retailer"
"020-14269","Yong Li","YONG LI LLC","RECREATIONAL PRODUCER","No","2026-05-22","2027-05-21",,,"Exempt from Public Disclosure","Lane","Tier II","Indoor",
"050-10150638165","Nectar ","NECTAR MARKETS, LLC","RECREATIONAL RETAILER","No","2026-03-13","2026-10-20",,,"11850 N CENTER AVE PORTLAND OR  97217-7830","Multnomah",,,"Marijuana Home Delivery, Medical Marijuana Retailer"
"030-10124732120","Umpqua Valley Concentrates","UMPQUA VALLEY CONCENTRATES LLC","RECREATIONAL PROCESSOR","Yes","2024-12-30","2025-09-22","2024-12-30",,"Exempt from Public Disclosure","Douglas",,,"Processing for Cardholders, Concentrate Processor, Edible Processor, Medical Marijuana Processor"
"050-1014594A9CC","Discovery Cannabis","DIXD LLC","RECREATIONAL RETAILER","No","2026-06-28","2027-06-27",,,"250 SW HIGHWAY 101 WALDPORT OR  97394","Lincoln",,,"Marijuana Home Delivery, Medical Marijuana Retailer"
"020-14343","JC Enterprises Investment LLC","JC ENTERPRISES INVESTMENT LLC","RECREATIONAL PRODUCER","No","2026-07-29","2027-05-22",,,"Exempt from Public Disclosure","Clackamas","Tier II","Indoor",
"050-10152657D49","Sweet Leaf Cannabis","SLC SPRINGFIELD LLC","RECREATIONAL RETAILER","No","2026-07-28","2027-07-27",,,"3912 MAIN ST SPRINGFIELD OR  97478-6454","Lane",,,"Marijuana Home Delivery, Medical Marijuana Retailer"
"030-10126777770","BA Botanicals","BA BOTANICALS LLC","RECREATIONAL PROCESSOR","No","2026-01-12","2027-01-11",,,"Exempt from Public Disclosure","Clackamas",,,"Concentrate Processor"
"050-101503748E8","Hashstoria","JCCD_GLADSTONE LLC","RECREATIONAL RETAILER","Yes","2024-07-29","2025-07-28",,,"17763 82ND DR STE D, GLADSTONE OR  97027-1822","Clackamas",,,"Marijuana Home Delivery, Medical Marijuana Retailer"
"020-15065","Good Vibes, LLC","GOOD VIBES, LLC","RECREATIONAL PRODUCER","No","2026-06-10","2027-06-09",,,"Exempt from Public Disclosure","Washington","Tier II","Indoor",
"050-10153550A2B","Today's Herbal Choice Milwaukie, LLC","TODAY'S HERBAL CHOICE MILWAUKIE, LLC","RECREATIONAL RETAILER","No","2026-08-20","2027-08-19",,,"3087 SE MONROE ST MILWAUKIE OR  97222-6636","Clackamas",,,"Medical Marijuana Retailer"
"030-10131843A49","Gorge Grown","GORGE GROWN LLC","RECREATIONAL PROCESSOR","No","2026-04-08","2027-04-07",,,"Exempt from Public Disclosure","Hood River",,,"Processing for Cardholders, Concentrate Processor, Edible Processor, Extract Processor, Industrial Hemp, Medical Marijuana Processor, Topical Processor"
"050-1015404D292","Green Lion","MISS ORGANIC LLC","RECREATIONAL RETAILER","No","2026-04-13","2027-04-12",,,"6011 SE 72ND AVE PORTLAND OR  97206-6401","Multnomah",,,"Marijuana Home Delivery, Medical Marijuana Retailer"
"020-15413","BAUM 10130 LLC","BAUM 10130 LLC","RECREATIONAL PRODUCER","No","2026-06-17","2027-06-16",,"Illinois","Exempt from Public Disclosure","Josephine","Tier II","Outdoor",
"050-10158844904","NW Compassion Medical Center, Inc","NW COMPASSION MEDICAL CENTER, INC","RECREATIONAL RETAILER","No","2025-10-07","2026-10-06",,,"1970 NE 238TH DR SUITE A & B, WOOD VILLAGE OR  97060-1136","Multnomah",,,"Marijuana Home Delivery, Medical Marijuana Retailer"
"030-1013394706D","Halo Labs; Hush; Hushcanna","ANM, INC.","RECREATIONAL PROCESSOR","Yes","2025-05-15","2026-01-29","2025-05-15",,"Exempt from Public Disclosure","Jackson",,,"Concentrate Processor, Edible Processor, Extract Processor, Industrial Hemp, Medical Marijuana Processor"
"050-10158479E34","The Green Planet, Inc. ","THE GREEN PLANET, INC.","RECREATIONAL RETAILER","No","2026-08-19","2027-08-18",,,"301 W 1ST ST NEWBERG OR  97132-2401","Yamhill",,,"Marijuana Home Delivery, Medical Marijuana Retailer"
"020-15599","Valleyview Farms, LLC","VALLEYVIEW FARMS, LLC","RECREATIONAL PRODUCER","No","2026-06-22","2027-06-21",,"33-3467566","Exempt from Public Disclosure","Multnomah","Tier II","Indoor",
"020-15692","Dashun LLC","DASHUN LLC","RECREATIONAL PRODUCER","No","2026-06-24","2027-06-23",,,"Exempt from Public Disclosure","Multnomah","Tier II","Indoor",
"050-1015918D2F6","Weed Land Inc","WEED LAND INC","RECREATIONAL RETAILER","No","2025-10-07","2026-10-06",,,"4027 N INTERSTATE AVE PORTLAND OR  97227-1072","Multnomah",,,"Marijuana Home Delivery, Medical Marijuana Retailer"
"030-1015787DB98","Sirius Extracts","SERIOUS ENTERPRISES LLC","RECREATIONAL PROCESSOR","Yes","2025-06-21","2026-06-20",,,"Exempt from Public Disclosure","Multnomah",,,"Processing for Cardholders, Concentrate Processor, Edible Processor, Medical Marijuana Processor, Topical Processor"
"050-1015901628C","La Mota","LA MOTA BURNSIDE LLC","RECREATIONAL RETAILER","No","2026-07-07","2027-01-20",,,"13828 E BURNSIDE ST PORTLAND OR  97233-1854","Multnomah",,,"Marijuana Home Delivery, Medical Marijuana Retailer"
"020-17500","Green Goods LLC","GREEN GOODS LLC","RECREATIONAL PRODUCER","No","2026-08-06","2027-08-05",,,"Exempt from Public Disclosure","Josephine","Tier II","Outdoor",
"050-10159373F6B","Pure Green","WEEDMART LLC","RECREATIONAL RETAILER","No","2026-07-07","2026-02-16",,,"3108 MARINE DR ASTORIA OR  97103-2734","Clatsop",,,"Marijuana Home Delivery, Medical Marijuana Retailer"
"030-1017085F637","Emerald Valley Processors","EMERALD VALLEY PROCESSORS LLC","RECREATIONAL PROCESSOR","No","2026-06-18","2027-06-17",,,"Exempt from Public Disclosure","Lane",,,"Processing for Cardholders, Concentrate Processor, Edible Processor, Extract Processor, Industrial Hemp, Medical Marijuana Processor, Topical Processor"
"050-1016131A101","Top Shelf Wellness Center","3RD BASS LLC","RECREATIONAL RETAILER","No","2026-03-08","2027-03-07",,,"1925 ELM AVE MEDFORD OR  97501-1628","Jackson",,,"Marijuana Home Delivery, Medical Marijuana Retailer"
"020-18158","Mosaic HQ","MOSAIC INVESTMENTS LLC","RECREATIONAL PRODUCER","No","2025-08-23","2026-08-22",,"01894941-7","Exempt from Public Disclosure","Clackamas","Tier I","Mixed",
"050-1016162FFA8","Peach Cannabis","SUGAR OAK LLC","RECREATIONAL RETAILER","Yes","2026-05-14","2026-12-14","2026-05-14",,"1553 OAK ST EUGENE OR  97401-4008","Lane",,,"Marijuana Home Delivery, Medical Marijuana Retailer"
"030-1017133515E","Green Dragon Extracts","GREEN DRAGON EXTRACTS LLC / GREEN DRAGON WHOLESALE LLC","RECREATIONAL PROCESSOR","Yes","2025-12-03","2026-07-27",,,"Exempt from Public Disclosure","Clackamas",,,"Processing for Cardholders, Concentrate Processor, Edible Processor, Extract Processor, Industrial Hemp, Medical Marijuana Processor, Topical Processor"
"050-1016408A189","The Red Eye","HOTBOX FARMS LLC","RECREATIONAL RETAILER","No","2026-06-29","2027-06-28",,,"833 SW 30TH ST ONTARIO OR  97914-4626","Malheur",,,"Marijuana Home Delivery, Medical Marijuana Retailer"
"020-18516","Supreme Co. LLC","SUPREME CO. LLC","RECREATIONAL PRODUCER","No","2026-02-03","2026-09-02",,,"Exempt from Public Disclosure","Clackamas","Tier II","Indoor",
"050-1016410334A","High Supply","HOTBOX FARMS LLC","RECREATIONAL RETAILER","No","2026-06-29","2027-06-28",,,"482 NE 3RD ST ONTARIO OR  97914-2528","Malheur",,,"Marijuana Home Delivery, Medical Marijuana Retailer"
"030-101742659A2","Craft Extracts (ART)","JV EXTRACTION LLC/JV WHOLESALE LLC","RECREATIONAL PROCESSOR","Yes","2024-11-15","2025-09-16","2024-11-15",,"Exempt from Public Disclosure","Lane",,,"Concentrate Processor, Edible Processor, Industrial Hemp, Medical Marijuana Processor, Topical Processor"
"050-1016693DF27","River City Retail","BUDZ RETAIL, LLC","RECREATIONAL RETAILER","No","2026-02-17","2027-03-14",,,"115 GALICE RD STE A, MERLIN OR  97532-9703","Josephine",,,"Medical Marijuana Retailer"
"020-18959","Best Magnificent Inc","BEST MAGNIFICENT INC","RECREATIONAL PRODUCER","No","2026-05-27","2026-09-14",,,"Exempt from Public Disclosure","Clackamas","Tier II","Indoor",
"050-1016622D255","Dr. Jolly's","DR. JOLLY'S LLC","RECREATIONAL RETAILER","Yes","2025-09-08","2026-03-31","2025-09-08",,"415 SE 3RD ST BEND OR  97702-1663","Deschutes",,,"Marijuana Home Delivery, Medical Marijuana Retailer"
"030-10175","The ESM Growers","THE ESM GROWERS LIMITED LIABILITY COMPANY","RECREATIONAL PROCESSOR","No","2026-02-12","2027-02-11",,,"Exempt from Public Disclosure","Josephine",,,"Concentrate Processor, Extract Processor"
"030-101865356D2","Piff Stixs","MONYA VENTURES LLC","RECREATIONAL PROCESSOR","No","2026-08-17","2027-02-28",,,"Exempt from Public Disclosure","Linn",,,"Concentrate Processor, Edible Processor, Medical Marijuana Processor"
"050-101676773B7","Nectar","NECTAR MARKETS, LLC","RECREATIONAL RETAILER","No","2026-03-13","2027-02-01",,,"259 E BARNETT RD STE 2, MEDFORD OR  97501-7953","Jackson",,,"Marijuana Home Delivery, Medical Marijuana Retailer"
"020-19831","RA4D Selma","RA4D INVESTMENTS LLC","RECREATIONAL PRODUCER","No","2025-10-09","2026-10-08",,,"Exempt from Public Disclosure","Josephine","Tier II","Outdoor",
"050-10244304E30","Mount Hood Cannabis Company","TWIN PEAKS CORP.","RECREATIONAL RETAILER","No","2025-10-24","2026-10-23",,,"73410 E HIGHWAY 26 RHODODENDRON OR  97049-8878","Clackamas",,,"Marijuana Home Delivery, Medical Marijuana Retailer"
"050-10245470240","The New Amsterdam","THE NEW AMSTERDAM LLC","RECREATIONAL RETAILER","No","2026-08-28","2027-08-27",,"01679198 2","24394 REDWOOD HWY KERBY OR  97531-9722","Josephine",,,"Marijuana Home Delivery, Medical Marijuana Retailer"
"050-1003433A4EA","Gram Central Station","SERIOUS ENTERPRISES LLC","RECREATIONAL RETAILER","No","2025-03-31","2026-03-30",,,"6430 NE MARTIN LUTHER KING JR BLVD PORTLAND OR  97211-3032","Multnomah",,,"Marijuana Home Delivery, Medical Marijuana Retailer"
"030-1017443A5A3","Grown Rogue - Airport","GROWN ROGUE GARDENS LLC","RECREATIONAL PROCESSOR","No","2026-06-18","2026-11-11",,,"Exempt from Public Disclosure","Jackson",,,"Concentrate Processor, Medical Marijuana Processor"
"050-1025285F717","Phresh Start","PHRESH START LLC","RECREATIONAL RETAILER","No","2026-01-10","2027-01-09",,,"710 ROW RIVER RD COTTAGE GROVE OR  97424-9533","Lane",,,"Marijuana Home Delivery, Medical Marijuana Retailer"
"050-1024663670B","Truth Dispensary","TRUTH 2 INC","RECREATIONAL RETAILER","No","2026-08-10","2027-08-09",,,"2345 CENTER ST NE SALEM OR  97301-4464","Marion",,,"Marijuana Home Delivery, Medical Marijuana Retailer"
"050-1003859B9F6","La Cannaisseur","LA CANNAISSEUR LLC","RECREATIONAL RETAILER","Yes","2025-11-06","2025-12-29","2025-11-06",,"11324 NW SAINT HELENS RD PORTLAND OR  97231-1037","Multnomah",,,"Marijuana Home Delivery, Medical Marijuana Retailer"
"030-1018579B0B5","ANM PDX Processor 1","ANM, INC.","RECREATIONAL PROCESSOR","Yes","2025-01-07","2025-04-07",,,"Exempt from Public Disclosure","Multnomah",,,"Concentrate Processor"
"050-10253279DA1","Chalice Farms","CBR, INC.","RECREATIONAL RETAILER","No","2026-08-26","2026-12-25",,,"5333 SE POWELL BLVD PORTLAND OR  97206-2951","Multnomah",,,
"050-1024749C562","Club Pitbull","NEW FRONTIER LLC","RECREATIONAL RETAILER","No","2025-11-01","2026-10-31",,,"1860 STATE ST SALEM OR  97301-4343","Marion",,,"Marijuana Home Delivery, Medical Marijuana Retailer"
"050-10038830A67","DEFYNE PREMIUM CANNABIS","M&M LLC","RECREATIONAL RETAILER","Yes","2024-11-18","2024-12-26","2024-11-18",,"1775 SE TUALATIN VALLEY HWY BLDG A, HILLSBORO OR  97123-5052","Washington",,,
"030-10233117432","Milmar LLC","MILMAR LLC","RECREATIONAL PROCESSOR","No","2026-05-09","2027-05-08",,,"Exempt from Public Disclosure","Josephine",,,"Concentrate Processor"
"050-102533673EC","Homegrown Oregon","CBR, INC.","RECREATIONAL RETAILER","No","2026-08-26","2026-12-25",,,"1077 EDGEWATER ST NW SALEM OR  97304-4046","Polk",,,"Marijuana Home Delivery, Medical Marijuana Retailer"
"050-1025293A1E7","Budz Barn","BUDZ RETAIL, LLC","RECREATIONAL RETAILER","No","2026-07-27","2026-10-31",,,"3528 S PACIFIC HWY MEDFORD OR  97501-8820","Jackson",,,"Marijuana Home Delivery, Medical Marijuana Retailer"
"050-10039882706","Bigfoot Bud Company","JOMOSH LLC","RECREATIONAL RETAILER","Yes","2025-02-12","2025-12-27","2025-02-12",,"109 W MAIN ST MOLALLA OR  97038","Clackamas",,,"Marijuana Home Delivery, Medical Marijuana Retailer"
"030-10239931D8D","Critical Source","1212 OCEAN ST LLC","RECREATIONAL PROCESSOR","Yes","2024-06-27","2025-06-26",,,"Exempt from Public Disclosure","Lane",,,"Concentrate Processor, Extract Processor, Medical Marijuana Processor"
"030-1024038C1A7","Livetia Solventless","PYSOLA INDUSTRIES LLC","RECREATIONAL PROCESSOR","No","2025-11-08","2026-11-07",,,"Exempt from Public Disclosure","Jackson",,,"Processing for Cardholders, Concentrate Processor, Edible Processor, Medical Marijuana Processor"
"050-1025344846C","Chalice Farms","CBR, INC.","RECREATIONAL RETAILER","No","2026-08-26","2026-12-25",,,"13315 NE AIRPORT WAY STE 700A, PORTLAND OR  97230-1149","Multnomah",,,
"050-1025334EEAD","Homegrown Oregon","CBR, INC.","RECREATIONAL RETAILER","No","2026-08-26","2026-12-25",,,"921 9TH AVE SE ALBANY OR  97322-3201","Linn",,,"Marijuana Home Delivery, Medical Marijuana Retailer"
"050-10040800D20","Columbia River Herbals LLC","COLUMBIA RIVER HERBALS LLC","RECREATIONAL RETAILER","No","2026-03-09","2027-03-08",,,"2630 W 6TH ST THE DALLES OR  97058-4168","Wasco",,,"Marijuana Home Delivery, Medical Marijuana Retailer"
"030-102432606A4","Harmony Processing","HARMONY PROCESSING COMPANY LLC","RECREATIONAL PROCESSOR","No","2026-08-18","2027-08-17",,,"Exempt from Public Disclosure","Multnomah",,,"Concentrate Processor, Edible Processor, Medical Marijuana Processor"
"050-12997","Green Cross Cannabis Emporium","TLC MEDICAL, INC","RECREATIONAL RETAILER","No","2026-04-27","2027-04-26",,"1721081-1","4550 COMMERCIAL ST SE SALEM OR  97302-3983","Marion",,,"Marijuana Home Delivery, Medical Marijuana Retailer"
"050-1025348BC22","Left Coast Connections","CBR, INC.","RECREATIONAL RETAILER","Yes","2025-06-13","2025-12-27","2025-06-13",,"10055 NE GLISAN ST PORTLAND OR  97220-4455","Multnomah",,,"Marijuana Home Delivery, Medical Marijuana Retailer"
"050-100420301FA","Bridge City Collective","GRAND, LLC","RECREATIONAL RETAILER","No","2025-12-31","2026-12-30",,,"215 SE GRAND AVE PORTLAND OR  97214-1154","Multnomah",,,"Marijuana Home Delivery, Medical Marijuana Retailer"
"030-1024593155F","Element 02 LLC","ELEMENT 02 LLC","RECREATIONAL PROCESSOR","Yes","2024-08-09","2025-07-31",,,"Exempt from Public Disclosure","Benton",,,"Edible Processor, Industrial Hemp, Topical Processor"
"050-13000","Green Cross Cannabis Emporium","TLC MEDICAL, INC","RECREATIONAL RETAILER","No","2026-04-27","2027-04-26",,"1721081-1","3165 RIVER RD N KEIZER OR  97303-6001","Marion",,,"Marijuana Home Delivery, Medical Marijuana Retailer"
"050-102587438D9","Brothers Cannabis","PEOU SEA, LLC","RECREATIONAL RETAILER","No","2025-12-28","2026-12-27",,,"3609 SE DIVISION ST PORTLAND OR  97202-1545","Multnomah",,,
"050-1004297C917","Solutions of the Millennium LLC","SOLUTIONS OF THE MILLENNIUM LLC","RECREATIONAL RETAILER","No","2026-08-25","2027-08-24",,,"2893 OAK ST EUGENE OR  97405-3694","Lane",,,"Marijuana Home Delivery, Medical Marijuana Retailer"
"030-12600","TJ's Processing Oregon","TJ'S DOWNTOWN EUGENE LLC","RECREATIONAL PROCESSOR","No","2026-04-18","2027-04-17",,,"Exempt from Public Disclosure","Lane",,,"Concentrate Processor, Industrial Hemp"
"050-16892","4618 Portland Rd","TLC MEDICAL, INC","RECREATIONAL RETAILER","No","2026-07-22","2027-07-21",,"1721081-1","4618 PORTLAND RD NE STE 110, SALEM OR  97305-1657","Marion",,,"Marijuana Home Delivery, Medical Marijuana Retailer"
"050-10868","Nbeula Cannabis ","HARAMKHORLH, LLC","RECREATIONAL RETAILER","No","2026-03-05","2027-03-04",,,"539 SW 3RD AVE PORTLAND OR  97204-2501","Multnomah",,,"Marijuana Home Delivery, Medical Marijuana Retailer"
"050-100431414A0","The Holistic Choice","THE HOLISTIC CHOICE INC.","RECREATIONAL RETAILER","Yes","2025-03-27","2025-01-12",,,"1045 COMMERCIAL ST SE SALEM OR  97302-4111","Marion",,,"Marijuana Home Delivery, Medical Marijuana Retailer"
"030-15672","Purple Island","PURPLE ISLAND LLC","RECREATIONAL PROCESSOR","No","2026-06-24","2027-06-23",,,"Exempt from Public Disclosure","Washington",,,"Concentrate Processor"
"050-18505","Western Oregon Dispensary","WESTERN OREGON DISPENSARY, INC.","RECREATIONAL RETAILER","No","2025-09-03","2026-09-02",,,"38012 HIGHWAY 26 # 2, SEASIDE OR  97138-6365","Clatsop",,,
"050-11620","A&B","A&B RETAIL CONCEPTS LLC","RECREATIONAL RETAILER","No","2026-03-26","2027-03-25",,,"4565 NE 60TH AVE PORTLAND OR  97218-2606","Multnomah",,,"Marijuana Home Delivery, Medical Marijuana Retailer"
"050-1004323E257","Little Amsterdam Wellness Center","LAWC WEST II, INC","RECREATIONAL RETAILER","Yes","2026-03-31","2026-12-30","2026-03-31",,"6767 S MACADAM AVE STE B, PORTLAND OR  97219-2311","Multnomah",,,"Medical Marijuana Retailer"
"050-10044623308","Jenny's Dispensary","JENNY'S OF OREGON I, INC.","RECREATIONAL RETAILER","No","2026-04-14","2027-03-02",,,"932 NE 3RD ST BEND OR  97701-4650","Deschutes",,,"Marijuana Home Delivery, Medical Marijuana Retailer"
"030-16750","Legacy Extracts","PACIFIC NW FARMS, LLC","RECREATIONAL PROCESSOR","No","2026-07-18","2027-07-17",,,"Exempt from Public Disclosure","Clackamas",,,"Processing for Cardholders, Concentrate Processor, Edible Processor, Extract Processor, Industrial Hemp, Medical Marijuana Processor, Topical Processor"
"050-20850","Sessions","DAB FACTORY LLC","RECREATIONAL RETAILER","No","2025-11-10","2026-11-09",,,"48122 HIGHWAY 58 # A, OAKRIDGE OR  97463-9601","Lane",,,"Medical Marijuana Retailer"
"050-13921","WEST COAST ORGANICS","LUCKY NUMBER 7 LLC","RECREATIONAL RETAILER","No","2026-05-15","2027-05-14",,"01881998-6","855 RAILROAD ST BROOKINGS OR  97415-9697","Curry",,,
"050-10169436254","Top Crop Cannabis","CHADCOR HOLDINGS 3 CO.","RECREATIONAL RETAILER","No","2026-08-10","2027-08-09",,,"1945 NW 9TH ST CORVALLIS OR  97330-2146","Benton",,,"Marijuana Home Delivery, Medical Marijuana Retailer"
"020-20257","Natural Nine","NATURAL NINE ENTERPRISES LLC","RECREATIONAL PRODUCER","Yes","2026-05-16","2026-10-22","2026-05-16",,"Exempt from Public Disclosure","Marion","Tier II","Indoor",
"050-10169911EE0","Chalice Farms","SMS VENTURES LLC","RECREATIONAL RETAILER","Yes","2024-05-13","2024-05-16","2024-07-05",,"6330 SW BEAVERTON HILLSDALE HWY PORTLAND OR  97221-4220","Multnomah",,,
"050-14106","High Quality","HQ II LLC","RECREATIONAL RETAILER","No","2026-05-20","2027-05-19",,,"580 SW TWIN OAKS CIR CORVALLIS OR  97333-1115","Benton",,,"Marijuana Home Delivery, Medical Marijuana Retailer"
"050-1017254B390","High Tide NW LLC","HIGH TIDE NW LLC","RECREATIONAL RETAILER","Yes","2026-08-24","2027-07-31","2026-08-24",,"1074 VIRGINIA AVE NORTH BEND OR  97459-3434","Coos",,,"Marijuana Home Delivery, Medical Marijuana Retailer"
"020-20517","Thuyann Nguyen","THUYANN NGUYEN","RECREATIONAL PRODUCER","Yes","2026-02-19","2026-10-30","2026-02-19",,"Exempt from Public Disclosure","Jackson","Micro Tier I","Indoor",
"050-10170663A49","The Rock Dispensary","STAR ROCK INC","RECREATIONAL RETAILER","No","2026-06-29","2027-06-28",,,"1911 LANCASTER DR NE SALEM OR  97305-1041","Marion",,,"Marijuana Home Delivery, Medical Marijuana Retailer"
"050-14983","SkunkRX","ROGUE RIVER FAMILY FARMS LLC","RECREATIONAL RETAILER","No","2026-06-09","2027-06-08",,,"8979 ROGUE RIVER HWY STE B GRANTS PASS OR  97527-4377","Jackson",,,"Medical Marijuana Retailer"
"050-10173159C9A","CannaKing Marijuana Dispensaries","EPOD DISTRIBUTION LLC","RECREATIONAL RETAILER","No","2026-02-16","2027-02-15",,,"1449 NW MULHOLLAND DR ROSEBURG OR  97470-1914","Douglas",,,"Marijuana Home Delivery, Medical Marijuana Retailer"
"020-21561","Fei's Kush","FEITECH LIGHTING SOLUTIONS LLC","RECREATIONAL PRODUCER","No","2025-12-04","2026-11-26",,,"Exempt from Public Disclosure","Jackson","Tier II","Indoor",
"050-10171104DF0","Kaleafa","123 PACIFIC HIGHWAY LLC","RECREATIONAL RETAILER","No","2025-07-28","2026-07-27",,,"11540 SW PACIFIC HWY TIGARD OR  97223-8667","Washington",,,
"050-16507","Sandy Retail","THE SESSION LLC","RECREATIONAL RETAILER","No","2026-07-14","2027-07-13",,,"7420 NE SANDY BLVD PORTLAND OR  97213-5760","Multnomah",,,"Medical Marijuana Retailer"
"050-1017411BF2D","MOSS CROSSING","MC33 LLC","RECREATIONAL RETAILER","Yes","2024-10-25","2024-10-06","2024-10-28",,"2380 N VERDE DR ONTARIO OR  97914-1102","Multnomah",,,"Marijuana Home Delivery"
"020-21774","QUEEN GARDENS ENTERPRISES LLC","QUEEN GARDEN ENTERPRISES LLC","RECREATIONAL PRODUCER","No","2025-12-05","2026-12-04",,,"Exempt from Public Disclosure","Clackamas","Tier II","Indoor",
"050-1017168D93A","Farmer Ken's","LITTLE OAK, INC","RECREATIONAL RETAILER","No","2025-06-21","2026-06-20",,,"150 SW HIGHWAY 101 WALDPORT OR  97394-3035","Lincoln",,,
"050-18655","The Herb Center","CBR, INC.","RECREATIONAL RETAILER","No","2026-08-26","2026-09-04",,,"921 7TH ST OREGON CITY OR  97045-2325","Clackamas",,,"Marijuana Home Delivery, Medical Marijuana Retailer"
"050-22259","Lucky Piff Eugene LLC ","LUCKY PIFF EUGENE LLC ","RECREATIONAL RETAILER","No","2025-12-30","2026-12-29",,,"2164 W 7TH AVE EUGENE OR  97402-7601","Lane",,,"Marijuana Home Delivery, Medical Marijuana Retailer"
"050-101753431B1","Wild West Emporium - Jantzen Beach","WILD WEST EMPORIUM - MOLALLA - OREGON CITY, INC","RECREATIONAL RETAILER","Yes","2023-11-15","2024-11-14",,,"11850 N CENTER AVE PORTLAND OR  97217-7830","Multnomah",,,"Marijuana Home Delivery, Medical Marijuana Retailer"
"020-21949","Desert Stoned LLC","DESERT STONED LLC","RECREATIONAL PRODUCER","No","2026-01-26","2026-12-10",,,"Exempt from Public Disclosure","Jackson","Tier II","Outdoor",
"050-10172122CAC","RE-UP","OCC RETAIL 1, LLC","RECREATIONAL RETAILER","Yes","2026-02-11","2027-01-18","2026-02-11",,"1363 EDGEWATER ST NW SALEM OR  97304-4050","Jackson",,,"Marijuana Home Delivery"
"030-102119562FB","Hidden Leaf Labs","NATURAL WONDERS LLC","RECREATIONAL PROCESSOR","No","2025-08-31","2026-08-30",,,"Exempt from Public Disclosure","Multnomah",,,"Processing for Cardholders, Concentrate Processor, Industrial Hemp, Medical Marijuana Processor"
"030-18201","Meadows Productions LLC","MEADOWS PRODUCTIONS LLC","RECREATIONAL PROCESSOR","No","2025-08-25","2026-08-24",,,"Exempt from Public Disclosure","Marion",,,"Extract Processor"
"050-22768","Broadway Cannabis Market","BROADWAY PROJECT INC.","RECREATIONAL RETAILER","No","2026-01-28","2027-01-19",,"01768553-2","11030 SW Capitol Hwy Portland, OR 97219","Multnomah",,,"Marijuana Home Delivery, Medical Marijuana Retailer"
"050-10045287738","5th LMNT","AGRICULTURAL RESOURCE SERVICES, LLC","RECREATIONAL RETAILER","Yes","2024-10-08","2025-01-11","2024-10-08",,"385 SW COLUMBIA ST BEND OR  97702-1035","Deschutes",,,
"030-10240599866","Next Gen Collective","NEXT GEN COLLECTIVE LLC","RECREATIONAL PROCESSOR","Yes","2025-08-27","2025-08-27","2025-08-27",,"Exempt from Public Disclosure","Benton",,,"Concentrate Processor, Medical Marijuana Processor"
"030-20738","Bonsai","BONSAI OPERATIONS LLC","RECREATIONAL PROCESSOR","No","2025-11-06","2026-11-05",,,"Exempt from Public Disclosure","Lane",,,"Concentrate Processor, Edible Processor, Medical Marijuana Processor"
"050-25528","Green Room Dispensary","COPR INCORPORATED","RECREATIONAL RETAILER","No","2026-04-10","2027-04-09",,,"5070 Commercial St SE STE 120, Salem OR  97306","Marion",,,"Marijuana Home Delivery, Medical Marijuana Retailer"
"050-10045653650","Green Cross Cannabis Emporium ","AGRISERV ENTERPRISES, LLC","RECREATIONAL RETAILER","Yes","2024-02-02","2024-06-10","2024-06-10",,"1234 SW BASELINE ST STE A, HILLSBORO OR  97123-3845","Marion",,,
"030-10243948A86","Weed Babes","LADY THISTLEHAWK LLC","RECREATIONAL PROCESSOR","No","2026-07-27","2026-08-27",,,"Exempt from Public Disclosure","Multnomah",,,"Concentrate Processor, Edible Processor, Industrial Hemp, Medical Marijuana Processor, Topical Processor"
"030-20839","Kingston Lane Property","BERYL INDUSTRIES LLC","RECREATIONAL PROCESSOR","No","2025-11-10","2026-11-09",,,"Exempt from Public Disclosure","Lane",,,"Concentrate Processor"
"050-28804","THC Barbur","NECTAR MARKETS, LLC","RECREATIONAL RETAILER","No","2026-06-22","2027-06-17",,,"9220 SW BARBUR BLVD STE 107, PORTLAND OR  97219-5433","Multnomah",,,"Marijuana Home Delivery, Medical Marijuana Retailer"
"050-100456999AB","Virtue Supply Company","PEARLSERV ENTERPRISES, LLC","RECREATIONAL RETAILER","Yes","2023-08-01","2024-05-10","2024-05-10",,"510 NW 11TH AVE PORTLAND OR  97209-3204","Multnomah",,,"Marijuana Home Delivery, Medical Marijuana Retailer"
"030-10251903431","Honor Roll","HONOR ROLL LLC","RECREATIONAL PROCESSOR","Yes","2026-01-08","2026-02-11","2026-01-08",,"Exempt from Public Disclosure","Multnomah",,,"Concentrate Processor, Medical Marijuana Processor"
"030-21786","Altered Alchemy, Anthology","SRS FARMS, LLC","RECREATIONAL PROCESSOR","No","2025-12-05","2026-12-04",,,"Exempt from Public Disclosure","Josephine",,,"Concentrate Processor, Extract Processor, Industrial Hemp, Medical Marijuana Processor, Topical Processor"
"050-1017271C92C","Kush Dispensary","HAMI GROUP LLC","RECREATIONAL RETAILER","Yes","2025-11-10","2026-02-01","2025-11-10",,"48122 HIGHWAY 58 # A, OAKRIDGE OR  97463-9601","Lane",,,"Medical Marijuana Retailer"
"050-23524","Refinery CC","ZS LLC","RECREATIONAL RETAILER","No","2026-02-10","2027-02-09",,"01904882-5","2707 NE BROADWAY ST PORTLAND OR  97232-1722","Multnomah",,,
"050-1018084C48A","Canna Bros. ","RIVERGLASS SHOP LLC","RECREATIONAL RETAILER","No","2026-05-17","2027-05-16",,,"815 9th Ave SE Albany, OR 97322","Linn",,,"Medical Marijuana Retailer"
"050-10184421855","Chalice Farms","CF BLISS, LLC","RECREATIONAL RETAILER","Yes","2023-06-30","2024-06-29",,,"1917 SE 7TH AVE PORTLAND OR  97214-4601","Multnomah",,,"Marijuana Home Delivery, Medical Marijuana Retailer"
"050-3041","Nectar","NECTAR MARKETS, LLC","RECREATIONAL RETAILER","No","2026-03-13","2027-04-03",,,"510 NW 11TH AVE PORTLAND OR  97209-3204","Multnomah",,,"Marijuana Home Delivery, Medical Marijuana Retailer"
"050-1017327FC6B","WeedAgain","TRI CONSULTING & PROPERTIES LLC","RECREATIONAL RETAILER","No","2025-09-08","2026-09-07",,,"2390 FAIRGROUNDS RD NE SALEM OR  97301-0610","Marion",,,"Marijuana Home Delivery, Medical Marijuana Retailer"
"050-23594","West Salem Cannabis, Edgewater","COWGIRL FARMS LLC","RECREATIONAL RETAILER","No","2026-02-11","2027-02-10",,"Pending","1363 EDGEWATER ST NW SALEM OR  97304-4050","Polk",,,"Marijuana Home Delivery, Medical Marijuana Retailer"
"050-10187356E01","SugarTop Buddery","STB ENTERPRISES LLC","RECREATIONAL RETAILER","Yes","2026-07-29","2027-04-27","2026-07-29",,"118 CAVES HWY STE A, CAVE JUNCTION OR  97523-9678","Josephine",,,"Marijuana Home Delivery, Medical Marijuana Retailer"
"050-31298","HQFarms","HQ RETAIL LLC","RECREATIONAL RETAILER","No","2026-08-25","2027-08-24",,,"5821 SE POWELL BLVD STE A, PORTLAND OR  97206-2857","Multnomah",,,"Marijuana Home Delivery, Medical Marijuana Retailer"
"050-1017449E2EB","Frontier Farms - The Dalles","ROUTE 30 RETAIL, LLC","RECREATIONAL RETAILER","No","2025-09-13","2026-09-12",,,"609 E 2ND ST THE DALLES OR  97058-2415","Wasco",,,"Marijuana Home Delivery, Medical Marijuana Retailer"
"050-25851","Cannavida","CAMPION HOLDINGS, LLC","RECREATIONAL RETAILER","No","2026-04-17","2027-04-16",,,"325 NE FRANKLIN AVE BEND OR  97701-4917","Deschutes",,,
"050-101880202BE","Nectar","NECTAR MARKETS, LLC","RECREATIONAL RETAILER","No","2026-05-25","2027-05-24",,,"2123 SE DIVISION ST STE 100, PORTLAND OR  97202-1297","Multnomah",,,"Marijuana Home Delivery, Medical Marijuana Retailer"
"050-3898","Broadway Cannabis Market","BROADWAY PROJECT, INC.","RECREATIONAL RETAILER","No","2026-07-26","2027-07-25",,,"5035 SE MCLOUGHLIN BLVD PORTLAND OR  97202-4817","Multnomah",,,"Marijuana Home Delivery, Medical Marijuana Retailer"
"050-10174806A48","Trees Oregon, LLC","TREES OREGON, LLC","RECREATIONAL RETAILER","No","2026-01-04","2027-01-03",,,"3607 S CORBETT AVE PORTLAND OR  97239-4366","Multnomah",,,"Marijuana Home Delivery, Medical Marijuana Retailer"
"050-27904","Budz Redwood Hwy","BUDZ RETAIL, LLC","RECREATIONAL RETAILER","No","2026-06-01","2027-05-31",,,"214 N REDWOOD HWY CAVE JUNCTION OR  97523","Josephine",,,"Marijuana Home Delivery, Medical Marijuana Retailer"
"050-101894058F6","Crater Cannabis","DUBCATS LLC","RECREATIONAL RETAILER","No","2026-04-26","2027-04-25",,,"1180 CRATER LAKE AVE MEDFORD OR  97504-6242","Jackson",,,"Marijuana Home Delivery, Medical Marijuana Retailer"
"050-7511","Mint Cannabis Co.","BROADWAY PROJECT, INC.","RECREATIONAL RETAILER","No","2025-11-18","2026-11-17",,,"1775 SE TUALATIN VALLEY HWY BLDG A, HILLSBORO OR  97123-5052","Washington",,,"Marijuana Home Delivery, Medical Marijuana Retailer"
"050-1017498EBF0","Trees Oregon LLC","TREES OREGON, LLC","RECREATIONAL RETAILER","No","2025-12-30","2026-12-29",,,"1234 NE 102ND AVE PORTLAND OR  97220-3903","Multnomah",,,"Marijuana Home Delivery, Medical Marijuana Retailer"
"050-29456","Bakery LLC","BAKERY LLC","RECREATIONAL RETAILER","No","2026-07-07","2027-07-06",,,"4075 NE THREE MILE LN MCMINNVILLE OR  97128-9405","Yamhill",,,"Marijuana Home Delivery, Medical Marijuana Retailer"
"050-101908436B5","Burnt River Farms","NECTAR MARKETS, LLC","RECREATIONAL RETAILER","No","2026-03-13","2027-03-10",,,"1055 NW WASHINGTON AVE ONTARIO OR  97914-1112","Malheur",,,"Marijuana Home Delivery, Medical Marijuana Retailer"
"050-8785","Green Flamingo","AGRICOLA RETAIL, INC","RECREATIONAL RETAILER","Yes","2024-12-31","2025-12-30",,,"4160 SW 109TH AVE BEAVERTON OR  97005-3029","Washington",,,"Marijuana Home Delivery, Medical Marijuana Retailer"
"050-10179386307","Nectar","NECTAR MARKETS, LLC","RECREATIONAL RETAILER","No","2026-03-13","2026-12-21",,,"259 E BARNETT RD STE 1, MEDFORD OR  97501-7953","Jackson",,,"Marijuana Home Delivery, Medical Marijuana Retailer"
"050-10182713171","Wicked Flower Shop","EDENTIA HOLDINGS LLC","RECREATIONAL RETAILER","No","2026-06-09","2027-06-08",,,"600 E JACKSON ST MEDFORD OR  97504-6706","Jackson",,,"Marijuana Home Delivery, Medical Marijuana Retailer"
"050-6783","Today's Herbal Choice Forest Grove, LLC","TODAY'S HERBAL CHOICE FOREST GROVE, LLC","RECREATIONAL RETAILER","No","2026-10-29","2027-10-28",,"01856862-1","3130 PACIFIC AVE FOREST GROVE OR  97116-1803","Washington",,,"Medical Marijuana Retailer"
"050-10211129638","The Herbsman","GIDDY BOY INC","RECREATIONAL RETAILER","No","2026-07-08","2027-07-07",,,"1244 S RIVERSIDE AVE MEDFORD OR  97501-7848","Jackson",,,"Marijuana Home Delivery, Medical Marijuana Retailer"
"050-9260","Up N Smoke","HASHIRE LLC","RECREATIONAL RETAILER","No","2026-01-16","2027-01-15",,"226580496","1487 BROADWAY ST NE SALEM OR  97301-1427","Marion",,,"Marijuana Home Delivery, Medical Marijuana Retailer"
"020-22180","SUPREME GARDENS LLC","SUPREME GARDENS LLC","RECREATIONAL PRODUCER","No","2025-12-23","2026-12-22",,,"Exempt from Public Disclosure","Marion","Tier II","Indoor",
"050-101843884F6","Oregon's Finest","OREGON RESOURCES MARKETING LLC / OREGON RESOURCES WHOLESALE LLC","RECREATIONAL RETAILER","No","2026-08-26","2027-03-16",,,"911 NW 14TH AVE PORTLAND OR  97209-2704","Multnomah",,,"Marijuana Home Delivery, Medical Marijuana Retailer"
"050-1021983EA8C","CULTIV8 ","TMJ NW CULTIV8 ONE LLC","RECREATIONAL RETAILER","Yes","2026-05-18","2026-12-13","2026-05-18",,"5230 SE 52ND AVE PORTLAND OR  97206-5629","Multnomah",,,"Marijuana Home Delivery, Medical Marijuana Retailer"
"020-22196","LIFE'S A GARDEN LLC","LIFE'S A GARDEN LLC","RECREATIONAL PRODUCER","No","2025-12-24","2026-12-23",,,"Exempt from Public Disclosure","Jackson","Tier II","Outdoor",
"050-7694","The Weeds","APEQN CORPORATION","RECREATIONAL RETAILER","No","2025-11-21","2026-11-20",,,"2175 S SANTIAM HWY LEBANON OR  97355-3045","Linn",,,"Marijuana Home Delivery, Medical Marijuana Retailer"
"050-1018565A772","Green Knottz Kfalls","GREEN KNOTTZ 4, LLC","RECREATIONAL RETAILER","No","2026-06-02","2027-06-01",,,"2437 S 6TH ST KLAMATH FALLS OR  97601-4341","Klamath",,,"Medical Marijuana Retailer"
"050-10221550293","Mint Cannabis Co.","BROADWAY PROJECT, INC.","RECREATIONAL RETAILER","No","2026-07-29","2027-07-28",,,"625 SW 10TH AVE PORTLAND OR  97205-2725","Multnomah",,,"Marijuana Home Delivery, Medical Marijuana Retailer"
"020-22197","Kelly Creek Farm","KELLY CREEK FARM LLC","RECREATIONAL PRODUCER","No","2025-12-24","2026-12-23",,,"Exempt from Public Disclosure","Josephine","Tier II","Outdoor",
"050-8401","Oasis Cannabis","DISPENSERVE, LLC","RECREATIONAL RETAILER","No","2025-12-11","2026-12-10",,,"6033 NE WIN SIVERS DR STE B PORTLAND OR  97220-9052","Multnomah",,,"Marijuana Home Delivery, Medical Marijuana Retailer"
"050-10186339455","WeedAgain ","TRI CONSULTING & PROPERTIES LLC","RECREATIONAL RETAILER","No","2026-05-12","2027-05-11",,,"47670 HIGHWAY 58 STE B, OAKRIDGE OR  97463-9584","Lane",,,"Marijuana Home Delivery, Medical Marijuana Retailer"
"050-102229620BA","Canna Bros.","RIVERGLASS SHOP LLC","RECREATIONAL RETAILER","No","2025-11-16","2026-11-15",,,"1111 S MAIN ST LEBANON OR  97355-3217","Linn",,,"Medical Marijuana Retailer"
"020-22348","Elite Hub Corp","ELITE HUB CORP","RECREATIONAL PRODUCER","No","2026-02-23","2027-01-04",,,"Exempt from Public Disclosure","Jackson","Tier II","Outdoor",
"060-10004367659","Frontier Farms - HQ","FRONTIER FARMS LLC","RECREATIONAL WHOLESALER","No","2026-08-08","2027-08-07",,,"Exempt from Public Disclosure","Hood River",,,"Medical Marijuana Wholesaler"
"050-10191166307","Minions","ELEVATE NORTHWEST LLC","RECREATIONAL RETAILER","Yes","2024-06-28","2025-05-25","2024-08-02",,"3700 RIVER RD N STE 9, KEIZER OR  97303-5657","Marion",,,"Marijuana Home Delivery, Medical Marijuana Retailer"
"050-10225541A5A","Treehouse North","ROSBAK CONSULTING LLC","RECREATIONAL RETAILER","No","2025-11-16","2026-11-15",,,"5701 N LOMBARD ST PORTLAND OR  97203-4113","Multnomah",,,"Medical Marijuana Retailer"
"050-1022872F919","Willamette Valley Cannabis Company","WVCC, INC.","RECREATIONAL RETAILER","No","2025-10-25","2026-10-24",,,"8265 SE MCLOUGHLIN BLVD PORTLAND OR  97202-6851","Multnomah",,,"Marijuana Home Delivery, Medical Marijuana Retailer"
"020-22458","Jaden Farm ","JADEN FARM LLC","RECREATIONAL PRODUCER","No","2026-01-21","2027-01-06",,,"Exempt from Public Disclosure","Jackson","Tier II","Mixed",
"060-10017632100","Redbarn Wholesale","RB WHOLESALE LLC","RECREATIONAL WHOLESALER","No","2025-09-21","2026-09-20",,,"Exempt from Public Disclosure","Douglas",,,"Medical Marijuana Wholesaler"
"050-10223602B78","Sea of Green","SEA OF GREEN LLC","RECREATIONAL RETAILER","No","2025-11-15","2026-11-14",,,"1466 SW PACIFIC COAST HWY WALDPORT OR  97394-9001","Lincoln",,,"Marijuana Home Delivery, Medical Marijuana Retailer"
"050-1022911A110","Diem","MYTHOS OREGON LLC","RECREATIONAL RETAILER","No","2026-04-30","2027-02-28",,,"851 NE COLUMBIA BLVD PORTLAND OR  97211-1407","Multnomah",,,"Marijuana Home Delivery, Medical Marijuana Retailer"
"020-22564","Terra Grow","TERRA GROW LLC","RECREATIONAL PRODUCER","No","2026-01-12","2027-01-11",,,"Exempt from Public Disclosure","Lane","Tier I","Indoor",
"060-10029559A03","Self Made Farms, LLC","SELF MADE FARMS, LLC","RECREATIONAL WHOLESALER","No","2026-09-28","2027-09-27",,,"Exempt from Public Disclosure","Multnomah",,,"Medical Marijuana Wholesaler"
"050-102287075E7","Cookies Halsey","HALSEY ORGANIC LTD","RECREATIONAL RETAILER","No","2026-05-25","2027-05-24",,,"16102 NE HALSEY ST STE A & B, PORTLAND OR  97230-5632","Multnomah",,,"Marijuana Home Delivery, Medical Marijuana Retailer"
"050-10241488342","Lemonnade Milwaukie","LEMONNADE MILWAUKIE INC.","RECREATIONAL RETAILER","No","2026-06-28","2027-06-27",,,"18819 SE MCLOUGHLIN BLVD MILWAUKIE OR  97267-6735","Clackamas",,,"Marijuana Home Delivery, Medical Marijuana Retailer"
"020-22889","Tracy Cannabis LLC","TRACY CANNABIS LLC","RECREATIONAL PRODUCER","No","2026-03-26","2027-01-20",,,"Exempt from Public Disclosure","Josephine","Tier II","Outdoor",
"060-100306077C1","HGWS","HGHA, LLC","RECREATIONAL WHOLESALER","No","2026-01-20","2027-01-19",,,"Exempt from Public Disclosure","Jackson",,,"Medical Marijuana Wholesaler"
"050-10237354FF4","Pole Enterprises ","POLE ENTERPRISES LLC","RECREATIONAL RETAILER","No","2026-05-25","2027-05-24",,,"56821 COLUMBIA RIVER HWY WARREN OR  97053-9436","Columbia",,,"Marijuana Home Delivery, Medical Marijuana Retailer"
"050-1024297ED85","Going Green ","GOING GREEN ALBANY INC","RECREATIONAL RETAILER","No","2026-09-13","2027-09-12",,,"925 MAIN ST STE B, SWEET HOME OR  97386-1513","Linn",,,"Marijuana Home Delivery, Medical Marijuana Retailer"
"020-23481","Zombieland - Lot B","ZOMBIELAND LLC","RECREATIONAL PRODUCER","No","2026-02-09","2027-02-08",,,"Exempt from Public Disclosure","Jackson","Tier II","Outdoor",
"060-1003227DB77","Greenpoint Oregon, Inc","GREENPOINT OREGON INC.","RECREATIONAL WHOLESALER","Yes","2023-12-06","2024-12-05","2023-12-26",,"Exempt from Public Disclosure","Clackamas",,,
"050-10242763B45","Rogue Valley Cannabis","RVCETD NORTH LLC","RECREATIONAL RETAILER","No","2026-08-29","2027-08-28",,,"6388 CRATER LAKE AVE CENTRAL POINT OR  97502-8463","Jackson",,,"Marijuana Home Delivery, Medical Marijuana Retailer"
"050-102436818C6","Modern Forrest","MODERN PARTNERS LLC","RECREATIONAL RETAILER","No","2025-11-21","2026-11-20",,,"160 MAIN ST SWEET HOME OR  97386-1404","Linn",,,"Marijuana Home Delivery, Medical Marijuana Retailer"
"060-10038920E70","La Mota","LA MOTA 10 LLC","RECREATIONAL WHOLESALER","No","2026-07-08","2027-07-18",,,"Exempt from Public Disclosure","Marion",,,"Medical Marijuana Wholesaler"
"050-1024297ED85","Going Green ","GOING GREEN ALBANY INC","RECREATIONAL RETAILER","No","2026-06-22","2026-09-12",,,"925 MAIN ST STE B, SWEET HOME OR  97386-1513","Linn",,,"Marijuana Home Delivery, Medical Marijuana Retailer"
"020-24082","Indoor Star","INDOOR STAR LLC","RECREATIONAL PRODUCER","No","2026-02-28","2027-02-27",,,"Exempt from Public Disclosure","Polk","Tier II","Indoor",
"030-22558","5150 Processor ","51/50 FARM LLC","RECREATIONAL PROCESSOR","No","2026-01-12","2027-01-11",,,"Exempt from Public Disclosure","Polk",,,"Concentrate Processor"
"060-10053215E3A","Coastal Canna Supply","HIDDEN VALLEY RANCH INC.","RECREATIONAL WHOLESALER","No","2026-03-07","2027-03-06",,,"Exempt from Public Disclosure","Coos",,,"Medical Marijuana Wholesaler"
"050-102431446CC","Smooth Roots McMinnville","MDSR INC.","RECREATIONAL RETAILER","No","2026-06-26","2027-06-25",,,"1500 SW BAKER ST MCMINNVILLE OR  97128-6660","Yamhill",,,"Marijuana Home Delivery, Medical Marijuana Retailer"
"060-10000642E5C","Pacific Coast Partners, LLC","PACIFIC COAST PARTNERS, LLC","RECREATIONAL WHOLESALER","No","2025-09-04","2026-09-03",,,"Exempt from Public Disclosure","Lane",,,
"050-1004580125D","Oasis Cannabis","DISPENSERVE, LLC","RECREATIONAL RETAILER","No","2026-02-09","2027-02-08",,,"1111 S HOLLADAY DR SEASIDE OR  97138-6614","Clatsop",,,"Marijuana Home Delivery, Medical Marijuana Retailer"
"060-100544359F4","The CO2 Company","THE CO2 COMPANY LLC","RECREATIONAL WHOLESALER","No","2026-05-15","2027-02-01",,,"Exempt from Public Disclosure","Jackson",,,"Medical Marijuana Wholesaler"
"050-1024804B13C","Mint Cannabis Co.","BROADWAY PROJECT, INC.","RECREATIONAL RETAILER","Yes","2025-10-28","2025-10-29","2025-10-28",,"729 SE POWELL BLVD PORTLAND OR  97202-","Multnomah",,,"Marijuana Home Delivery, Medical Marijuana Retailer"
"060-10018309A55","OG Gardens","OG GARDENS, LLC||OG LEASING, LLC","RECREATIONAL WHOLESALER","No","2026-07-02","2027-02-15",,,"Exempt from Public Disclosure","Marion",,,"Medical Marijuana Wholesaler"
"050-1004832102C","Plane Jane's","PLANE JANE'S LLC","RECREATIONAL RETAILER","No","2025-03-08","2026-03-07",,,"10530 NE SIMPSON ST PORTLAND OR  97220-1220","Multnomah",,,"Marijuana Home Delivery, Medical Marijuana Retailer"
"060-10056","Piff Stix ","GRIMES VENTURES LLC","RECREATIONAL WHOLESALER","No","2026-02-10","2027-02-09",,,"Exempt from Public Disclosure","Lane",,,
"030-10257287840","Volcanic Roots LLC","VOLCANIC ROOTS LLC","RECREATIONAL PROCESSOR","Yes","2025-03-28","2026-03-06","2025-03-28",,"Exempt from Public Disclosure","Deschutes",,,"Concentrate Processor"
"060-1003259F4AB","Anthos Distribution","VORGPDX LLC","RECREATIONAL WHOLESALER","No","2026-06-14","2027-06-13",,,"Exempt from Public Disclosure","Multnomah",,,
"050-100485158FE","Cannabiz Experience, LLC","CANNABIZ EXPERIENCE LLC","RECREATIONAL RETAILER","No","2026-02-21","2027-02-20",,,"333 N RIVERSIDE AVE MEDFORD OR  97501-5937","Jackson",,,"Marijuana Home Delivery, Medical Marijuana Retailer"
"060-1005931F691","M Thrive Organics LLC","M THRIVE ORGANICS LLC","RECREATIONAL WHOLESALER","No","2025-10-19","2026-10-18",,,"Exempt from Public Disclosure","Wasco",,,"Medical Marijuana Wholesaler"
"030-11770","Gusto Gardens","GUSTO GARDENS LLC","RECREATIONAL PROCESSOR","No","2026-03-28","2027-03-27",,,"Exempt from Public Disclosure","Jackson",,,"Concentrate Processor"
"060-1004185E1D1","Madrone Wholesale","MCC PDX LLC","RECREATIONAL WHOLESALER","Yes","2025-07-30","2026-01-26","2025-07-30",,"Exempt from Public Disclosure","Jackson",,,
"050-1004903F589","Oregon Cannabis Outlet","DUZON ENTERPRISES, LLC","RECREATIONAL RETAILER","Yes","2021-04-29","2025-04-28",,,"1330 12TH ST SE SALEM OR  97302-2858","Marion",,,
"060-1008929D617","Miracle Wholesale","ATTIS EXTRACTS LLC","RECREATIONAL WHOLESALER","Yes","2024-07-18","2024-09-08","2024-07-19",,"Exempt from Public Disclosure","Multnomah",,,
"030-11804","Cruise Control","J.T.W. III LLC","RECREATIONAL PROCESSOR","No","2026-03-31","2027-03-30",,,"Exempt from Public Disclosure","Yamhill",,,"Concentrate Processor"
"060-1004387FF56","Rebel Spirit Cannabis","WILVACA, LLC","RECREATIONAL WHOLESALER","No","2026-07-09","2026-12-29",,,"Exempt from Public Disclosure","Lane",,,
"050-10049104CFE","The People's Wellness Center","THE PEOPLE'S WELLNESS CENTER INC","RECREATIONAL RETAILER","No","2026-02-01","2027-01-31",,,"71 CENTENNIAL LOOP STE B, EUGENE OR  97401-2443","Lane",,,"Medical Marijuana Retailer"
"060-1010465F85B","Vertical Extent, Inc.","VERTICAL EXTENT, INC.","RECREATIONAL WHOLESALER","No","2026-05-27","2027-05-02",,,"Exempt from Public Disclosure","Clackamas",,,"Medical Marijuana Wholesaler"
"030-13890","State of Mind","STATE OF MIND LLC","RECREATIONAL PROCESSOR","Yes","2026-03-18","2026-05-14",,,"Exempt from Public Disclosure","Jackson",,,"Concentrate Processor, Edible Processor, Industrial Hemp, Medical Marijuana Processor"
"030-15228","Brophy Ranch Inc.","BROPHY RANCH INC.","RECREATIONAL PROCESSOR","No","2026-06-12","2027-06-11",,,"Exempt from Public Disclosure","Jackson",,,"Concentrate Processor"
"060-1004615E2CC","Cultivated Industries","NUG RUN FARMS, LLC","RECREATIONAL WHOLESALER","Yes","2026-03-05","2026-11-09","2026-03-05",,"Exempt from Public Disclosure","Multnomah",,,"Medical Marijuana Wholesaler"
"030-24100","Khoma","KHOMA LLC","RECREATIONAL PROCESSOR","No","2026-06-04","2027-03-01",,,"Exempt from Public Disclosure","Washington",,,"Concentrate Processor, Topical Processor"
"060-10111876884","Truly Oreganic","TRULY OREGANIC FARM LLC","RECREATIONAL WHOLESALER","Yes","2024-10-31","2025-01-24","2024-11-05",,"Exempt from Public Disclosure","Coos",,,
"030-22221","Willamette Valley Alchemy","ABSTRACT EXTRACTS LLC","RECREATIONAL PROCESSOR","No","2025-12-28","2026-12-27",,,"Exempt from Public Disclosure","Lane",,,"Concentrate Processor, Edible Processor, Extract Processor, Industrial Hemp, Medical Marijuana Processor, Topical Processor"
"060-100471033DB","Quantum Oregon - Wholesale","HAPPY HOLLOW FARMS, INC","RECREATIONAL WHOLESALER","Yes","2024-10-10","2025-09-24",,,"Exempt from Public Disclosure","Clackamas",,,"Medical Marijuana Wholesaler"
"030-26265","Fire Flower ","FIRE FLOWER LLC","RECREATIONAL PROCESSOR","No","2026-04-27","2027-04-26",,,"Exempt from Public Disclosure","Jackson",,,"Concentrate Processor"
"060-101260859A4","Elevate Holdings, LLC","ELEVATE HOLDINGS LLC","RECREATIONAL WHOLESALER","No","2026-03-09","2027-01-17",,,"Exempt from Public Disclosure","Clackamas",,,"Medical Marijuana Wholesaler"
"030-22709","Angel2","ANGEL INDUSTRIES CO","RECREATIONAL PROCESSOR","No","2026-01-15","2027-01-14",,,"Exempt from Public Disclosure","Multnomah",,,"Concentrate Processor, Edible Processor, Industrial Hemp, Topical Processor"
"060-100544075A5","Kaleafa ","WWMP LLC","RECREATIONAL WHOLESALER","No","2026-02-13","2027-02-12",,,"Exempt from Public Disclosure","Multnomah",,,"Medical Marijuana Wholesaler"
"030-31229","Nanos Actives","NANOS ACTIVES LLC","RECREATIONAL PROCESSOR","No","2026-08-21","2027-08-20",,,"Exempt from Public Disclosure","Washington",,,"Edible Processor, Industrial Hemp, Topical Processor"
"060-1012681E6CE","Cotton Mouth Distribution LLC","HORTICULTURE DISTRIBUTION, LLC","RECREATIONAL WHOLESALER","Yes","2024-07-31","2025-02-01","2024-08-14",,"Exempt from Public Disclosure","Washington",,,
"030-24236","Hotbox Farms, LLC","HOTBOX FARMS LLC","RECREATIONAL PROCESSOR","No",,"2027-03-04",,,"Exempt from Public Disclosure","Malheur",,,"Concentrate Processor"
"060-1008236208B","Oregrown Eugene","DOWNTOWN BEND FLAGSHIP, INC.","RECREATIONAL WHOLESALER","No","2026-07-02","2027-07-01",,,"Exempt from Public Disclosure","Lane",,,"Medical Marijuana Wholesaler"
"030-3849","Sunrise Manufactory","SUNRISE GARDEN LLC","RECREATIONAL PROCESSOR","No","2026-07-11","2027-07-10",,,"Exempt from Public Disclosure","Yamhill",,,"Concentrate Processor"
"060-10127644823","Oregon Cannabis Collective","OCC OUTDOOR CULTIVATION, LLC","RECREATIONAL WHOLESALER","No","2025-12-16","2026-12-15",,,"Exempt from Public Disclosure","Josephine",,,
"030-24553","Cold Room ","WHALE OIL LLC","RECREATIONAL PROCESSOR","No","2026-03-16","2027-03-15",,,"Exempt from Public Disclosure","Jackson",,,"Concentrate Processor"
"060-10108279225","Buddies Distribution","COOK INVESTMENTS NORTHWEST OREGON, LLC","RECREATIONAL WHOLESALER","No","2026-03-21","2027-03-20",,,"Exempt from Public Disclosure","Jackson",,,
"030-4768","maxson greenhouses llc","MAXSON GREEN HOUSES LLC","RECREATIONAL PROCESSOR","No","2025-09-05","2026-09-04",,,"Exempt from Public Disclosure","Multnomah",,,"Topical Processor"
"060-1012889E0F2","Oregon Original LLC","OREGON ORIGINAL LLC","RECREATIONAL WHOLESALER","No","2026-03-30","2027-03-29",,,"Exempt from Public Disclosure","Jackson",,,"Medical Marijuana Wholesaler"
"030-27191","Warehouse","NIF LLC","RECREATIONAL PROCESSOR","No","2026-05-15","2027-05-14",,,"Exempt from Public Disclosure","Jackson",,,"Concentrate Processor"
"060-101114092B6","Farmers Direct Wholesale","FOX HOLLOW FLORA LLC","RECREATIONAL WHOLESALER","No","2026-05-16","2027-05-15",,,"Exempt from Public Disclosure","Lane",,,
"060-1011643A9A1","Shivaay Distribution","RUDRA LLC","RECREATIONAL WHOLESALER","No","2025-12-21","2026-12-20",,,"Exempt from Public Disclosure","Lane",,,
"030-6661","Moon Phase Cannabis","PIONEER ASSOCIATES INC","RECREATIONAL PROCESSOR","No","2026-06-17","2026-10-24",,,"Exempt from Public Disclosure","Multnomah",,,"Concentrate Processor, Extract Processor"
"060-1013046D69C","Rogue's Lair Wholesale","ROGUE'S LAIR IMPROVEMENT, LLC","RECREATIONAL WHOLESALER","No","2025-11-16","2026-11-15",,,"Exempt from Public Disclosure","Jackson",,,
"030-29115","Aurum Ent, LLC || Humboldt Boyz LLC","AURUM ENT, LLC || HUMBOLDT BOYZ, LLC","RECREATIONAL PROCESSOR","No","2026-06-25","2027-06-24",,,"Exempt from Public Disclosure","Jackson",,,"Concentrate Processor"
"060-1012309A528","Quiver Distribution","BFF LLC","RECREATIONAL WHOLESALER","Yes","2024-11-01","2025-01-24","2024-11-01",,"Exempt from Public Disclosure","Yamhill",,,
"030-6695","CBN.OPP Inc","CBN.OPP INC","RECREATIONAL PROCESSOR","No","2026-06-08","2026-10-27",,,"Exempt from Public Disclosure","Multnomah",,,"Concentrate Processor, Edible Processor, Extract Processor, Industrial Hemp, Medical Marijuana Processor"
"060-10135260924","BSWS","BOBSLED FARMS LLC","RECREATIONAL WHOLESALER","No","2026-01-09","2027-01-08",,,"Exempt from Public Disclosure","Clackamas",,,
"030-6285","Rev Farms","REV222 LLC","RECREATIONAL PROCESSOR","No","2025-10-16","2026-10-15",,,"Exempt from Public Disclosure","Josephine",,,"Concentrate Processor, Edible Processor, Industrial Hemp"
"060-10126536429","Calyx Distribution","THUROW PRODUCTIONS LLC","RECREATIONAL WHOLESALER","No","2026-01-12","2026-12-27",,,"Exempt from Public Disclosure","Deschutes",,,
"030-7168","FRIENDSHIP FACTORY LLC","FRIENDSHIP FACTORY, LLC","RECREATIONAL PROCESSOR","Yes","2025-11-07","2026-11-06",,,"Exempt from Public Disclosure","Clackamas",,,"Concentrate Processor, Edible Processor, Industrial Hemp, Topical Processor"
"060-10136008130","White Tygh Farms Inc","WHITE TYGH FARMS INC","RECREATIONAL WHOLESALER","Yes","2024-04-12","2025-04-11",,,"Exempt from Public Disclosure","Wasco",,,
"030-6348","Umpqua Valley Concentrates","UMPQUA VALLEY CONCENTRATES LLC","RECREATIONAL PROCESSOR","No","2025-10-17","2026-10-16",,,"Exempt from Public Disclosure","Douglas",,,"Processing for Cardholders, Concentrate Processor, Edible Processor, Medical Marijuana Processor"
"060-1013532678D","Karma Originals","FOLIUM ORIGINALS, LLC","RECREATIONAL WHOLESALER","No","2026-02-07","2027-02-06",,,"Exempt from Public Disclosure","Clackamas",,,"Medical Marijuana Wholesaler"
"030-7864","Kaprikorn ","KAPRIKORN LLC","RECREATIONAL PROCESSOR","No","2025-11-27","2026-11-26",,,"Exempt from Public Disclosure","Lane",,,"Concentrate Processor"
"060-10151765E39","Leap Farms","M AND B VINEYARDS LLC","RECREATIONAL WHOLESALER","No","2025-09-24","2026-09-23",,,"Exempt from Public Disclosure","Jackson",,,
"030-8170","SRL Group LLC","SRL GROUP, LLC","RECREATIONAL PROCESSOR","No","2025-12-04","2026-12-03",,"01792428-5","Exempt from Public Disclosure","Jackson",,,"Concentrate Processor, Industrial Hemp"
"060-10158363367","Grohi Farms","GROHILL PRODUCE LLC","RECREATIONAL WHOLESALER","Yes","2025-11-06","2026-02-21","2025-11-06",,"Exempt from Public Disclosure","Lane",,,"Medical Marijuana Wholesaler, Wholesaler For Hire Trimming"
"030-9245","Hometown Cultivation","HOMETOWN CULTIVATION OR, LLC","RECREATIONAL PROCESSOR","Yes","2025-12-01","2026-01-15","2025-12-01",,"Exempt from Public Disclosure","Lane",,,"Concentrate Processor"
"060-1015409AB9B","Weedbucks Wholesale","WEEDBUCKS WHOLESALE, LLC","RECREATIONAL WHOLESALER","Yes","2025-04-14","2025-05-31","2025-04-14",,"Exempt from Public Disclosure","Jackson",,,"Medical Marijuana Wholesaler"
"050-1000200318F","Madrone Cannabis Club","481 RETAIL LLC","RECREATIONAL RETAILER","Yes","2025-09-22","2025-12-28","2025-09-22",,"1435 NW 9TH ST STE 120, CORVALLIS OR  97330-5468","Jackson",,,"Marijuana Home Delivery, Medical Marijuana Retailer"
"060-1015939D3D1","Swell Companies Limited, aka Dab Society","WEEDMART LLC","RECREATIONAL WHOLESALER","Yes","2026-04-27","2027-02-16","2026-04-27",,"Exempt from Public Disclosure","Multnomah",,,"Medical Marijuana Wholesaler"
"040-1014385FA4E","Progressive Plant Research Inc","PROGRESSIVE PLANT RESEARCH, INC","RESEARCH CERTIFICATE","No","2026-04-13","2029-04-12",,,"Exempt from Public Disclosure","Washington",,,
"060-1016485435D","Three Lakes Distribution, LLC","THREE LAKES DISTRIBUTION, LLC","RECREATIONAL WHOLESALER","No","2026-02-22","2027-02-21",,,"Exempt from Public Disclosure","Clackamas",,,
"060-10165603C4D","Luminous Botanicals","ANWORTH, INC.","RECREATIONAL WHOLESALER","Yes","2024-06-13","2025-01-19","2024-06-13",,"Exempt from Public Disclosure","Multnomah",,,
"050-1025042BB62","HOTBOX ","HOTBOX FARMS LLC","RECREATIONAL RETAILER","No",,"2027-01-29",,,"5103 NE FREMONT ST PORTLAND OR  97213-1732","Multnomah",,,"Marijuana Home Delivery, Medical Marijuana Retailer"
"060-1016181A490","Cake LLC","CAKE LLC","RECREATIONAL WHOLESALER","No","2025-11-02","2026-11-01",,,"Exempt from Public Disclosure","Washington",,,
"050-102468369DF","Local Market","NEW FRONTIER LLC","RECREATIONAL RETAILER","No","2026-03-13","2027-03-12",,,"1216 NE 1ST ST STE 100, BEND OR  97701-4340","Deschutes",,,"Marijuana Home Delivery, Medical Marijuana Retailer"
"060-10167325CF3","Nectar","NECTAR MARKETS, LLC","RECREATIONAL WHOLESALER","No","2026-04-22","2027-04-21",,,"Exempt from Public Disclosure","Josephine",,,"Medical Marijuana Wholesaler"
"050-10251865797","Smooth Roots Astoria","ORSR LLC","RECREATIONAL RETAILER","No","2025-11-17","2026-11-16",,,"491 W MARINE DR ASTORIA OR  97103-6309","Clatsop",,,"Marijuana Home Delivery, Medical Marijuana Retailer"
"060-10165945430","POTENT FARMS DISTRIBUTION LLC","POTENT FARMS DISTRIBUTION LLC","RECREATIONAL WHOLESALER","No","2026-04-20","2027-04-19",,,"Exempt from Public Disclosure","Washington",,,
"050-10050484E34","Cannabis Nation Sunriver","CONSTELLATION HOLDINGS LLC","RECREATIONAL RETAILER","No","2026-06-07","2027-06-06",,,"56789 LUNAR DR BEND OR  97707-2187","Deschutes",,,"Marijuana Home Delivery, Medical Marijuana Retailer"
"060-1016845DBB9","Nimble Distribution","JHMR INC","RECREATIONAL WHOLESALER","No","2026-05-21","2027-05-20",,,"Exempt from Public Disclosure","Clackamas",,,"Medical Marijuana Wholesaler"
"050-1025313E179","Chalice Farms","CBR, INC.","RECREATIONAL RETAILER","No","2026-08-26","2026-12-25",,,"2160 W BURNSIDE ST PORTLAND OR  97210-3564","Multnomah",,,"Marijuana Home Delivery, Medical Marijuana Retailer"
"060-10173124FDE","Pharmer's Market","ARBOR ASSETS, INCORPORATED","RECREATIONAL WHOLESALER","Yes","2024-11-21","2025-02-23",,,"Exempt from Public Disclosure","Jackson",,,"Medical Marijuana Wholesaler"
"050-10050834F0C","Emerald Triangle Dispensary","ZACHARY KOHLER","RECREATIONAL RETAILER","Yes","2025-03-04","2026-02-02","2025-03-04",,"246 E 10TH ST MEDFORD OR  97501-7212","Jackson",,,"Marijuana Home Delivery, Medical Marijuana Retailer"
"060-10168747499","Buddies Wholesale","COOK INVESTMENTS NORTHWEST OREGON, LLC","RECREATIONAL WHOLESALER","No","2025-11-17","2026-11-16",,,"Exempt from Public Disclosure","Clackamas",,,
"050-1025319611D","Chalice Farms","CBR, INC.","RECREATIONAL RETAILER","No","2026-08-26","2026-12-27",,,"16735 SW PACIFIC HWY TIGARD OR  97224-3449","Washington",,,"Marijuana Home Delivery, Medical Marijuana Retailer"
"060-1018745F999","Buzz Box","BTHCR PDX LLC","RECREATIONAL WHOLESALER","No","2026-04-13","2027-04-12",,,"Exempt from Public Disclosure","Multnomah",,,"Medical Marijuana Wholesaler"
"050-10051701948","Sativa's Place","DESS ENTERPRISES LLC","RECREATIONAL RETAILER","No","2026-02-07","2027-02-06",,,"1106 NW VAN BUREN AVE CORVALLIS OR  97330-6039","Benton",,,"Medical Marijuana Retailer"
"060-1017014B891","Natural Roots Distribution","OREGON NATURAL ROOTS LLC","RECREATIONAL WHOLESALER","Yes","2025-03-05","2025-08-17","2025-03-05",,"Exempt from Public Disclosure","Washington",,,
"050-1025430AE4A","PURPLE SUNSET","PURPLE SUNSET LLC","RECREATIONAL RETAILER","No","2025-12-19","2026-12-18",,,"3115 S HEMLOCK ST CANNON BEACH OR  97110","Clatsop",,,"Marijuana Home Delivery"
"060-10192774FFD","Refinery Canna Connoisseur","THE NATURAL REFINERY LLC","RECREATIONAL WHOLESALER","Yes","2025-05-31","2026-05-30",,,"Exempt from Public Disclosure","Multnomah",,,"Medical Marijuana Wholesaler"
"050-100534417C0","Grateful Meds","GRATEFUL MEDS LLC","RECREATIONAL RETAILER","No","2025-06-15","2026-06-14",,,"630 S PACIFIC HWY TALENT OR  97540-9635","Jackson",,,"Marijuana Home Delivery, Medical Marijuana Retailer"
"050-100041086CC","Hood River Naturals ","HOOD RIVER NATURALS LLC","RECREATIONAL RETAILER","No","2025-12-30","2026-12-29",,,"1817 CASCADE AVE HOOD RIVER OR  97031-1101","Hood River",,,"Marijuana Home Delivery, Medical Marijuana Retailer"
"050-1000628466D","Amazon Organics","AO OREGON LLC","RECREATIONAL RETAILER","No","2025-01-02","2026-01-01",,,"3443 HILYARD ST EUGENE OR  97405-3881","Lane",,,"Marijuana Home Delivery, Medical Marijuana Retailer"
"020-24261","ORIVANTA LLC","ORIVANTA LLC","RECREATIONAL PRODUCER","No","2026-04-15","2027-03-04",,,"Exempt from Public Disclosure","Clackamas","Tier II","Indoor",
"050-1025676E5DC","Top Crop Cannabis","CHADCOR HOLDINGS 3 CO.","RECREATIONAL RETAILER","No","2026-02-20","2027-02-19",,,"297 SE 10TH ST ONTARIO OR  97914-3808","Malheur",,,"Marijuana Home Delivery, Medical Marijuana Retailer"
"050-1000080680D","The Joint On Market","THE JOINT ON MARKET STREET LLC","RECREATIONAL RETAILER","No","2024-11-03","2025-11-02",,,"3270 MARKET ST NE SALEM OR  97301-1815","Marion",,,"Marijuana Home Delivery, Medical Marijuana Retailer"
"050-10006476DA7","Oregon Bud Company ","OREGON BUD COMPANY LLC","RECREATIONAL RETAILER","No","2026-08-06","2027-01-10",,,"16631 SE 82ND DR CLACKAMAS OR  97015-8574","Clackamas",,,"Marijuana Home Delivery, Medical Marijuana Retailer"
"020-25783","MTBCJ, LLC","MTBCJ, LLC","RECREATIONAL PRODUCER","No","2026-04-16","2027-04-15",,,"Exempt from Public Disclosure","Josephine","Tier II","Outdoor",
"050-1025684D895","Top Crop Cannabis","CHADCOR HOLDINGS 3 CO.","RECREATIONAL RETAILER","No","2026-02-20","2027-02-19",,,"3170 W 11TH AVE UNIT A, EUGENE OR  97402-3104","Lane",,,"Marijuana Home Delivery, Medical Marijuana Retailer"
"050-10055477B6C","Papa's Dispensary","PROVIDING ALL PATIENTS ACCESS LLC","RECREATIONAL RETAILER","Yes","2024-03-11","2025-03-10",,,"214 N REDWOOD HWY STE E, CAVE JUNCTION OR  97523","Josephine",,,"Marijuana Home Delivery, Medical Marijuana Retailer"
"050-1000651584B","Oregon Bud Company ","OREGON BUD COMPANY LLC","RECREATIONAL RETAILER","No","2026-08-06","2027-01-10",,,"3450 RIVER RD N KEIZER OR  97303-5626","Marion",,,"Marijuana Home Delivery, Medical Marijuana Retailer"
"020-25896","The Grove","LUANG VALLEY LOGISTICS, LLC","RECREATIONAL PRODUCER","No","2026-04-17","2027-04-16",,,"Exempt from Public Disclosure","Jackson","Tier II","Outdoor",
"050-1025833AB25","Pakalolo PDX","PAKALOLO, LLC","RECREATIONAL RETAILER","Yes","2026-07-28","2027-01-03","2026-07-28",,"5924 SE 42ND AVE PORTLAND OR  97206-6201","Multnomah",,,"Marijuana Home Delivery"
"050-10056960FF0","BUD BROS LLC","BUD BROS LLC","RECREATIONAL RETAILER","No","2026-03-16","2027-03-15",,,"335 S REDWOOD HWY CAVE JUNCTION OR  97523","Josephine",,,"Marijuana Home Delivery, Medical Marijuana Retailer"
"050-10007012B21","La Mota ","AMJWAF LLC","RECREATIONAL RETAILER","No","2026-07-08","2026-11-07",,,"4999 NE 99TH AVE PORTLAND OR  97220-3377","Multnomah",,,"Marijuana Home Delivery, Medical Marijuana Retailer"
"020-25932","JB Farm","JBFARM LLC","RECREATIONAL PRODUCER","No","2026-04-20","2027-04-19",,,"Exempt from Public Disclosure","Josephine","Tier II","Outdoor",
"050-14165","Sugarbud","KOLA BRAND LLC","RECREATIONAL RETAILER","Yes","2026-03-06","2026-05-21","2026-03-06","017224987","18066 NE AIRPORT WAY GRESHAM OR  97230","Multnomah",,,"Marijuana Home Delivery, Medical Marijuana Retailer"
"050-1005776B2C0","Reefer Madness","REEFER MADNESS LLC","RECREATIONAL RETAILER","Yes","2025-08-05","2026-02-12",,,"1675 FAIRGROUNDS RD NE SALEM OR  97301-7130","Marion",,,"Marijuana Home Delivery, Medical Marijuana Retailer"
"050-10008176667","satchel","DNF ENTERPRISES, INC.","RECREATIONAL RETAILER","No","2025-11-03","2026-11-02",,,"6900 N INTERSTATE AVE PORTLAND OR  97217-5458","Multnomah",,,"Marijuana Home Delivery, Medical Marijuana Retailer"
"020-25945","Golden Polaris Management lot 2","GOLDEN POLARIS MANAGEMENT LLC","RECREATIONAL PRODUCER","No","2026-04-20","2027-04-19",,,"Exempt from Public Disclosure","Jackson","Tier II","Outdoor",
"050-15299","Oregon Cannabis Mart","PARRISH LLC","RECREATIONAL RETAILER","No","2026-06-13","2027-06-12",,,"10055 NE GLISAN ST PORTLAND OR  97220-4455","Multnomah",,,
"050-1006029FA55","High Desert Cannabis, LLC","HIGH DESERT CANNABIS, LLC","RECREATIONAL RETAILER","No","2026-06-02","2027-06-01",,,"341 SW 20TH ST PENDLETON OR  97801-1806","Umatilla",,,"Marijuana Home Delivery, Medical Marijuana Retailer"
"050-100089293F9","Archive Portland","AMF I LLC","RECREATIONAL RETAILER","No","2026-01-18","2027-01-17",,,"10645 SE HENRY ST STE B, PORTLAND OR  97266-4200","Multnomah",,,"Marijuana Home Delivery, Medical Marijuana Retailer"
"050-10013998C72","Pacific Wave","KELLY LYNN HUTSON & PHILIP J HUTSON","RECREATIONAL RETAILER","No","2025-12-01","2026-11-30",,,"1543 NW 19TH ST STE B, LINCOLN CITY OR  97367-3818","Lincoln",,,"Marijuana Home Delivery, Medical Marijuana Retailer"
"020-26988","12201 Williams Highway site 1","MVP CULTIVATION LLC","RECREATIONAL PRODUCER","No","2026-06-22","2027-05-10",,,"Exempt from Public Disclosure","Josephine","Tier II","Outdoor",
"050-15394","Spacebuds the Outpost","PACIFIC NORTHWEST OUTPOST, INC","RECREATIONAL RETAILER","No","2025-06-17","2026-06-16",,,"38498 MCKENZIE HWY SPRINGFIELD OR  97478-8678","Lane",,,"Marijuana Home Delivery, Medical Marijuana Retailer"
"050-1000162E337","Oregon's Finest","OREGON RESOURCES TRADING LLC","RECREATIONAL RETAILER","No","2026-08-26","2026-09-30",,,"505 NE GRAND AVE PORTLAND OR  97232-2726","Multnomah",,,
"050-10014652EE2","Green Dragon Herbal Clinic","GREEN DRAGON HERBAL CLINIC, LLC","RECREATIONAL RETAILER","No","2025-12-06","2026-12-05",,,"185 N MAIN ST TOLEDO OR  97391-1535","Lincoln",,,"Medical Marijuana Retailer"
"020-27051","1679 Laurel Road Site #1, Cave Junction, OR 97523","MAD DOG FARMS LLC","RECREATIONAL PRODUCER","No","2026-05-12","2027-05-11",,,"Exempt from Public Disclosure","Josephine","Tier II","Outdoor",
"050-16049","CBN Astoria","CBN ASTORIA INC","RECREATIONAL RETAILER","No","2026-07-02","2027-07-01",,,"1169 COMMERCIAL ST ASTORIA OR  97103-4125","Clatsop",,,"Marijuana Home Delivery, Medical Marijuana Retailer"
"050-10002659379","Emerald City Medicinal ","EMERALD CITY MEDICINAL DELIVERY SERVICE, LLC","RECREATIONAL RETAILER","No","2025-10-01","2026-09-30",,,"1474 W 6TH AVE EUGENE OR  97402-4369","Lane",,,"Marijuana Home Delivery, Medical Marijuana Retailer"
"050-1002115B192","Puddletown Organics","PUDDLETOWN ORGANICS, LLC","RECREATIONAL RETAILER","Yes","2023-12-28","2024-05-10","2024-05-10",,"8201 SE POWELL BLVD PORTLAND OR  97266-2059","Multnomah",,,"Medical Marijuana Retailer"
"020-27848","P.NG NI LLC","P.N.G NI LLC","RECREATIONAL PRODUCER","No","2026-06-04","2027-05-28",,,"Exempt from Public Disclosure","Jackson","Tier II","Outdoor",
"050-18553","Canna Bros.","RIVERGLASS SHOP LLC","RECREATIONAL RETAILER","No","2026-09-04","2027-09-03",,,"140 DETROIT AVE DETROIT OR  97342","Marion",,,"Medical Marijuana Retailer"
"050-10004429B31","Oregon's Green Rush","SIMPLEE GREEN, LLC","RECREATIONAL RETAILER","No","2026-05-14","2026-12-22",,,"2644 RIVER RD STE 5 EUGENE OR  97404-2096","Lane",,,"Marijuana Home Delivery, Medical Marijuana Retailer"
"050-10024220915","Kings of Canna","KJK ENTERPRISES LLC","RECREATIONAL RETAILER","No","2025-11-29","2026-11-28",,,"1465 NE PRESCOTT ST APT C, PORTLAND OR  97211-5177","Multnomah",,,"Marijuana Home Delivery, Medical Marijuana Retailer"
"020-27957","Thompson Creek","THOMPSON CREEK CULTIVATIONS LLC","RECREATIONAL PRODUCER","No","2026-06-02","2027-06-01",,"OR","Exempt from Public Disclosure","Jackson","Tier II","Outdoor",
"050-18685","Dr. Jolly's","CBR, INC.","RECREATIONAL RETAILER","No","2026-08-26","2026-09-07",,,"415 SE 3RD ST BEND OR  97702-1663","Deschutes",,,"Marijuana Home Delivery, Medical Marijuana Retailer"
"050-1000459CA6F","Evergreen Hood River","IRRU INVESTMENTS LLC","RECREATIONAL RETAILER","No","2025-11-21","2026-11-20",,,"1408 13TH ST HOOD RIVER OR  97031-1616","Hood River",,,"Marijuana Home Delivery, Medical Marijuana Retailer"
"050-10025655A62","The Medication Station","THE MEDICATION STATION, INC.","RECREATIONAL RETAILER","No","2025-12-28","2026-12-27",,,"454 SW COAST HWY NEWPORT OR  97365-4930","Lincoln",,,"Marijuana Home Delivery, Medical Marijuana Retailer"
"020-28665","1701 Farm Lot 4","ACB FARMS LLC","RECREATIONAL PRODUCER","No","2026-06-16","2027-06-15",,,"Exempt from Public Disclosure","Josephine","Tier II","Outdoor",
"050-20085","Green Gratitude","HERBAN LLC","RECREATIONAL RETAILER","No","2025-10-17","2026-10-16",,,"10322 SE HOLGATE BLVD PORTLAND OR  97266-2421","Multnomah",,,"Marijuana Home Delivery, Medical Marijuana Retailer"
"050-1000821199B","Alternative Remedies","ALTERNATIVE REMEDIES, LLC","RECREATIONAL RETAILER","No","2026-04-05","2027-04-04",,,"8109 SE FLAVEL ST PORTLAND OR  97206-7822","Multnomah",,,"Marijuana Home Delivery, Medical Marijuana Retailer"
"050-10029632BC8","Exodus Wellness Center","CATHLEEN HUFFINE / RICKY DUDLEY","RECREATIONAL RETAILER","Yes","2023-02-03","2025-02-02",,,"16211 SE POWELL BLVD PORTLAND OR  97236-1722","Multnomah",,,
"050-1003244C082","TRULY PURE","TRULY PURE LLC","RECREATIONAL RETAILER","No","2026-03-21","2027-03-20",,,"1006 SE GRAND AVE STE 104, PORTLAND OR  97214-2330","Multnomah",,,"Marijuana Home Delivery, Medical Marijuana Retailer"
"020-28681","Black Wolf Cannabis LLC","BLACK WOLF CANNABIS LLC","RECREATIONAL PRODUCER","No","2026-08-03","2027-06-16",,,"Exempt from Public Disclosure","Jackson","Tier II","Outdoor",
"050-21626","Oregon Cannabis Mart","PARRISH LLC","RECREATIONAL RETAILER","No","2025-12-02","2026-12-01",,,"85938 HIGHWAY 99 S EUGENE OR  97405-9603","Lane",,,
"050-10008384059","Miracle Greens","MIRACLE GREENS, INC","RECREATIONAL RETAILER","No","2025-11-07","2026-11-06",,,"905 SE 3RD ST BEND OR  97702-1748","Deschutes",,,"Medical Marijuana Retailer"
"050-10034282CCC","The New Amsterdam","THE NEW AMSTERDAM LLC","RECREATIONAL RETAILER","No","2025-12-27","2026-12-26",,"01679198 2","2201 N KILLINGSWORTH ST PORTLAND OR  97217-4442","Multnomah",,,"Marijuana Home Delivery, Medical Marijuana Retailer"
"050-10824","Emerald triangle Dispensary","DOWNTOWN BEAR CREEK, LLC","RECREATIONAL RETAILER","No","2026-03-04","2027-03-03",,"0168734-2","246 E 10TH ST MEDFORD OR  97501-7212","Jackson",,,"Marijuana Home Delivery, Medical Marijuana Retailer"
"060-1020225D119","OG Extracts","CSGA HOLDINGS LLC","RECREATIONAL WHOLESALER","No","2026-07-21","2027-07-26",,,"Exempt from Public Disclosure","Clackamas",,,
"050-1006325AD11","Wild West Emporium, Sandy Blvd","NATURE'S ALTERNATIVE, INC.","RECREATIONAL RETAILER","Yes","2026-04-20","2025-04-18","2026-04-20",,"15350 NE SANDY BLVD BLDG C, PORTLAND OR  97230-4360","Multnomah",,,
"060-10171815F7A","PB Industries, LLC","PB INDUSTRIES, LLC","RECREATIONAL WHOLESALER","Yes","2025-04-21","2025-03-08","2025-04-21",,"Exempt from Public Disclosure","Clackamas",,,"Medical Marijuana Wholesaler"
"050-26017","Fire Creek Farmacy","FIRE CREEK FARMACY LLC","RECREATIONAL RETAILER","No","2026-04-22","2027-04-21",,,"568 SW 3RD ST CORVALLIS OR  97333-4439","Benton",,,
"060-10218147BB7","Grown with Love Farms ","GROWN WITH LOVE FARMS CORPORATION","RECREATIONAL WHOLESALER","Yes","2024-12-21","2025-08-16","2024-12-21",,"Exempt from Public Disclosure","Lane",,,
"050-100671665A3","Stumptown Cannabis ","STUMPTOWN CANNABIS LLC","RECREATIONAL RETAILER","No","2026-07-26","2027-07-25",,,"10587 SE 82ND AVE HAPPY VALLEY OR  97086-2313","Clackamas",,,"Marijuana Home Delivery, Medical Marijuana Retailer"
"060-10173713AAB","HOODVIEW CANNABIS LLC","HOODVIEW CANNABIS, INC.","RECREATIONAL WHOLESALER","No","2025-11-04","2026-10-28",,,"Exempt from Public Disclosure","Clackamas",,,
"050-29351","Nectar","NECTAR MARKETS, LLC","RECREATIONAL RETAILER","No","2026-07-02","2027-07-01",,,"407 SE 162ND AVE Gresham OR  97233-3809","Multnomah",,,"Marijuana Home Delivery, Medical Marijuana Retailer"
"060-10234298D33","LTRMN","LTRMN INC","RECREATIONAL WHOLESALER","No","2026-04-20","2027-04-19",,,"Exempt from Public Disclosure","Multnomah",,,"Medical Marijuana Wholesaler"
"050-10067226DF1","Nectar","NECTAR MARKETS, LLC","RECREATIONAL RETAILER","No","2026-03-13","2027-04-13",,,"8601 SW TERWILLIGER BLVD PORTLAND OR  97219-4565","Multnomah",,,"Marijuana Home Delivery, Medical Marijuana Retailer"
"060-10174428D19","OG, Inc.","OREGON'S TOP SHELF, LLC","RECREATIONAL WHOLESALER","Yes","2026-03-04","2026-03-09","2026-03-04",,"Exempt from Public Disclosure","Lane",,,
"050-3059","Tumbleweed Cannabis Co.","NEW FRONTIER LLC","RECREATIONAL RETAILER","No","2026-04-05","2027-04-04",,,"310 HIGHWAY 20 N HINES OR  97738","Harney",,,"Marijuana Home Delivery, Medical Marijuana Retailer"
"060-10238834FC4","PJ Consulting","PJ CONSULTING LLC","RECREATIONAL WHOLESALER","Yes","2023-12-15","2024-12-14",,,"Exempt from Public Disclosure","Multnomah",,,
"050-10068514E68","Floyd's Fine Cannabis","BTE REED, LLC","RECREATIONAL RETAILER","No","2026-04-14","2026-08-31",,,"5217 SE 28TH AVE PORTLAND OR  97202-4506","Multnomah",,,"Marijuana Home Delivery, Medical Marijuana Retailer"
"060-10179439B53","Arise Cannabis","M & J AGRONOMICS, LLC","RECREATIONAL WHOLESALER","No","2026-09-01","2027-08-31",,,"Exempt from Public Disclosure","Lane",,,
"060-10182264459","Redeye Distro Inc.","REDEYE DISTRO INC.","RECREATIONAL WHOLESALER","Yes","2025-05-21","2026-02-21","2025-05-21",,"Exempt from Public Disclosure","Multnomah",,,"Medical Marijuana Wholesaler"
"050-3658","Stone Age Farmacy","NEW FRONTIER LLC","RECREATIONAL RETAILER","No","2026-07-14","2027-06-02",,,"8621 SW CANYON DR PORTLAND OR  97225-3436","Washington",,,"Marijuana Home Delivery, Medical Marijuana Retailer"
"060-1023970C68E","Premium Wholesale","SWEETGRASS, LLC","RECREATIONAL WHOLESALER","No","2026-06-22","2027-06-21",,,"Exempt from Public Disclosure","Clatsop",,,
"050-10069997015","Going Green Sweet Home","GOING GREEN SWEET HOME INC","RECREATIONAL RETAILER","No","2025-11-30","2026-11-29",,,"2252 MAIN ST SWEET HOME OR  97386-2888","Linn",,,"Marijuana Home Delivery, Medical Marijuana Retailer"
"050-1003493E0C7","Club Sockeye","SOCKEYE FARMS, LLC","RECREATIONAL RETAILER","No","2025-10-31","2026-10-30",,,"29970 ELLENSBURG AVE GOLD BEACH OR  97444-7808","Curry",,,"Medical Marijuana Retailer"
"020-29128","Tyson Property","VGS INC.","RECREATIONAL PRODUCER","No","2026-06-26","2027-06-25",,"0979464-4","Exempt from Public Disclosure","Jackson","Tier II","Outdoor",
"050-23242","?Dreams Dispensary","DREAMS DISPENSARY LLC","RECREATIONAL RETAILER","No","2026-07-06","2027-02-01",,"01902811-5","1111 WILLAMETTE ST EUGENE OR  97401-3512","Lane",,,"Marijuana Home Delivery, Medical Marijuana Retailer"
"050-100736767B7","Cloud 9 Cannabis","CLOUD 9 DISPENSARY LLC","RECREATIONAL RETAILER","No","2026-02-09","2027-02-08",,,"154 MANOR ST NE ALBANY OR  97322-6509","Linn",,,"Medical Marijuana Retailer"
"050-100352226E9","Deanz Greenz","BITE ONE""S LIP LLC","RECREATIONAL RETAILER","No","2025-12-28","2026-12-27",,,"5625 SE 85TH AVE UNIT B PORTLAND OR  97266-4880","Multnomah",,,"Medical Marijuana Retailer"
"020-29176","Oregreen LLC","OREGREEN LLC","RECREATIONAL PRODUCER","No","2026-06-27","2027-06-26",,"Oregon","Exempt from Public Disclosure","Jackson","Tier II","Outdoor",
"050-24249","Cookies PDX","GC3 LLC","RECREATIONAL RETAILER","No","2026-03-05","2027-03-04",,,"7916 SE DIVISION ST PORTLAND OR  97206-1064","Multnomah",,,
"050-10076228AAB","Oregrown Eugene","DOWNTOWN BEND FLAGSHIP, INC.","RECREATIONAL RETAILER","No","2026-06-14","2027-06-13",,,"211 W 6TH AVE EUGENE OR  97401-2607","Lane",,,"Marijuana Home Delivery, Medical Marijuana Retailer"
"050-10035451904","Oregrown Bend","DOWNTOWN BEND FLAGSHIP, INC.","RECREATIONAL RETAILER","No","2026-05-11","2026-11-16",,,"1199 NW WALL ST BEND OR  97703-1934","Deschutes",,,"Marijuana Home Delivery, Medical Marijuana Retailer"
"020-30101","Sunny Disposition Farms","SUNNY DISPOSITION FARMS, LLC","RECREATIONAL PRODUCER","No","2026-07-22","2027-07-21",,"OR","Exempt from Public Disclosure","Jackson","Tier II","Outdoor",
"050-25902","GARUDA HOLDINGS LLC","GARUDA HOLDINGS LLC","RECREATIONAL RETAILER","No","2026-04-18","2027-04-17",,,"15350 NE SANDY BLVD BLDG C PORTLAND OR  97230-4360","Multnomah",,,
"050-10083622BC7","Sweet Relief Gearhart","G. O. ENTERPRISES LLC","RECREATIONAL RETAILER","No","2026-07-02","2027-07-01",,,"4210 HIGHWAY 101 N GEARHART OR  97138-4334","Clatsop",,,"Marijuana Home Delivery, Medical Marijuana Retailer"
"050-100374466A6","Eden","ROSE CITY USA LLC","RECREATIONAL RETAILER","Yes","2024-08-15","2024-07-09",,,"7420 NE SANDY BLVD PORTLAND OR  97213-5760","Multnomah",,,
"020-30373","BERKELEY FARMS","BERKELEY FARMS LLC","RECREATIONAL PRODUCER","No","2026-07-29","2027-07-28",,,"Exempt from Public Disclosure","Josephine","Tier II","Indoor",
"050-26615","Good Times","GOOD TIMES LLC","RECREATIONAL RETAILER","No","2026-05-04","2027-05-03",,,"8124 SE 6th Ave #LW1 Portland OR  97202","Multnomah",,,
"050-1008521615D","Paradise Found","JIA HOLDINGS LTD","RECREATIONAL RETAILER","Yes","2024-12-26","2025-02-21","2024-12-26",,"10655 SE 42ND AVE MILWAUKIE OR  97222-5251","Clackamas",,,
"050-1003823E63C","Sunray Cannabis ","SUNRAY CANNABIS LLC","RECREATIONAL RETAILER","No","2026-01-09","2027-01-08",,,"1347 NW HIGHWAY 101 LINCOLN CITY OR  97367-3341","Lincoln",,,"Medical Marijuana Retailer"
"050-100386665E6","MOSS CROSSING","MC11 LLC","RECREATIONAL RETAILER","Yes","2025-03-27","2026-01-01","2025-03-27",,"2751 FRIENDLY ST EUGENE OR  97405-2254","Lane",,,"Marijuana Home Delivery, Medical Marijuana Retailer"
"020-3076","Verdant Leaf","VERDANT LEAF FARMS, LLC","RECREATIONAL PRODUCER","No","2026-04-16","2027-04-15",,,"Exempt from Public Disclosure","Clackamas","Tier II","Indoor",
"050-26766"," MUNCHEEZ","MUNCHEEZ LLC","RECREATIONAL RETAILER","No","2026-05-06","2027-05-05",,,"4160 SW 109TH AVE BEAVERTON OR  97005-3029","Washington",,,"Marijuana Home Delivery, Medical Marijuana Retailer"
"050-10085813943","The New Amsterdam","THE NEW AMSTERDAM LLC","RECREATIONAL RETAILER","No","2026-06-18","2027-06-17",,"01679198 2","15 N F ST LAKEVIEW OR  97630-1527","Lake",,,"Marijuana Home Delivery, Medical Marijuana Retailer"
"050-10039904AAD","Budlandia","EVERETT HOLDINGS LLC","RECREATIONAL RETAILER","No","2025-12-28","2026-12-27",,,"8135 SE WOODWARD ST PORTLAND OR  97206-1718","Multnomah",,,"Marijuana Home Delivery, Medical Marijuana Retailer"
"020-3091","Mr. Purple","PENGRUI LIU","RECREATIONAL PRODUCER","Yes","2025-12-22","2025-04-18","2024-12-12",,"Exempt from Public Disclosure","Jackson","Tier II","Outdoor",
"050-27258","Innovative Ventures, LLC","INNOVATIVE VENTURES, LLC","RECREATIONAL RETAILER","No","2026-05-18","2027-05-17",,,"5230 SE 52ND AVE PORTLAND OR  97206-5629","Multnomah",,,"Marijuana Home Delivery, Medical Marijuana Retailer"
"050-1008663DE73","Hippy Trip","HIPPY TRIP, INC","RECREATIONAL RETAILER","No","2026-08-24","2027-08-23",,,"249 S HIGHWAY 101 DEPOE BAY OR  97341-9855","Lincoln",,,"Marijuana Home Delivery, Medical Marijuana Retailer"
"050-1004070FB52","High Mountain Recreational","HIGH MOUNTAIN RETAIL LLC","RECREATIONAL RETAILER","No","2025-11-17","2026-11-16",,,"2722 W 2ND ST THE DALLES OR  97058-4127","Wasco",,,"Medical Marijuana Retailer"
"020-30972","Love Laugh","SEA OF SAGE LLC","RECREATIONAL PRODUCER","No","2026-08-14","2027-08-13",,"OR","Exempt from Public Disclosure","Multnomah","Tier I","Indoor",
"050-30388","Sunkissed Cannabis Co","SUNKISSED CANNABIS LLC","RECREATIONAL RETAILER","No","2026-07-29","2027-07-28",,,"118 CAVES HWY STE A, CAVE JUNCTION OR  97523-9678","Josephine",,,"Marijuana Home Delivery, Medical Marijuana Retailer"
"050-10091572D9A","Top Shelf Medicine 2","TSM 2 INC.","RECREATIONAL RETAILER","No","2026-05-24","2027-05-23",,,"116 SW 4TH ST CORVALLIS OR  97333-4712","Benton",,,"Marijuana Home Delivery, Medical Marijuana Retailer"
"050-10042907A13","Western Oregon Dispensary Inc","WESTERN OREGON DISPENSARY, INC.","RECREATIONAL RETAILER","No","2026-01-11","2027-01-10",,,"1013 N SPRINGBROOK RD NEWBERG OR  97132-2010","Yamhill",,,"Marijuana Home Delivery, Medical Marijuana Retailer"
"020-3143","FIREKEEPER FAMILY FARMS","FIREKEEPER FAMILY FARMS LLC","RECREATIONAL PRODUCER","No","2026-05-01","2027-04-30",,,"Exempt from Public Disclosure","Jackson","Tier II","Outdoor","Propagation Producer"
"050-4903","Verdaze","MGF HOLDINGS LLC","RECREATIONAL RETAILER","No","2025-09-09","2026-09-08",,,"7501 SW CAPITOL HWY STE A, PORTLAND OR  97219-2434","Multnomah",,,"Marijuana Home Delivery, Medical Marijuana Retailer"
"050-1009165329F","SUBSTANCE","BLOOM WELL INC","RECREATIONAL RETAILER","No","2026-02-28","2027-02-27",,,"61406 S HIGHWAY 97 BEND OR  97702-3338","Deschutes",,,"Marijuana Home Delivery, Medical Marijuana Retailer"
"050-1004346113D","Mr. Nice Guy Astoria","ASTORIA RETAIL, LLC","RECREATIONAL RETAILER","No","2025-12-27","2026-12-26",,,"690 OLNEY AVE ASTORIA OR  97103-5538","Clatsop",,,"Marijuana Home Delivery, Medical Marijuana Retailer"
"020-3321","Hometown Cultivation ","HOMETOWN CULTIVATION OR, LLC","RECREATIONAL PRODUCER","Yes","2026-04-23","2026-05-11","2026-04-23",,"Exempt from Public Disclosure","Benton","Tier II","Indoor",
"050-8703","Sensible Cannabis Co","PAC NW VENTURES LLC","RECREATIONAL RETAILER","No","2025-12-26","2026-12-25",,,"10655 SE 42ND AVE MILWAUKIE OR  97222-5251","Clackamas",,,"Medical Marijuana Retailer"
"050-1010254919C","The Spot Cannabis Collective","ATLAS V, LLC.","RECREATIONAL RETAILER","No","2026-02-03","2027-02-02",,,"2590 CRATER LAKE HWY MEDFORD OR  97504-4167","Jackson",,,"Marijuana Home Delivery, Medical Marijuana Retailer"
"050-10044860EA3","Substance","BLOOM WELL INC","RECREATIONAL RETAILER","No","2025-12-30","2026-12-29",,,"1814 NE DIVISION ST BEND OR  97701-3502","Deschutes",,,"Marijuana Home Delivery, Medical Marijuana Retailer"
"020-3669","Dragonfly Cultivators","DRAGONFLY CULTIVATORS LLC","RECREATIONAL PRODUCER","Yes","2026-03-23","2026-06-04","2026-03-23",,"Exempt from Public Disclosure","Josephine","Micro Tier I","Indoor",
"020-3770","Treasure Valley Cannabis Company","TREASURE VALLEY CANNABIS COMPANY, LLC","RECREATIONAL PRODUCER","No","2026-06-21","2027-06-20",,,"Exempt from Public Disclosure","Jackson","Tier I","Indoor",
"060-10017632100","Redbarn Wholesale","RB WHOLESALE LLC","RECREATIONAL WHOLESALER","No","2026-09-21","2027-09-20",,,"Exempt from Public Disclosure","Douglas",,,"Medical Marijuana Wholesaler"
"050-10103955057","TODAY'S HERBAL CHOICE, Reedsport LLC","TODAY'S HERBAL CHOICE REEDSPORT, LLC","RECREATIONAL RETAILER","Yes","2024-10-29","2025-03-13","2024-10-29",,"3130 PACIFIC AVE FOREST GROVE OR  97116-1803","Washington",,,"Medical Marijuana Retailer"
"050-1004605A8E3","Mr. Nice Guy Corvallis","CORVALLIS RETAIL, LLC","RECREATIONAL RETAILER","No","2026-08-12","2026-09-11",,,"687 SW 15TH ST CORVALLIS OR  97333-4840","Benton",,,"Marijuana Home Delivery, Medical Marijuana Retailer"
"020-3821","Phunky Flowers LLC","PHUNKY FLOWERS LLC","RECREATIONAL PRODUCER","No","2026-07-05","2027-07-04",,,"Exempt from Public Disclosure","Josephine","Tier II","Mixed",
"060-1002881865A","TKO Reserve","TKO HOLDINGS INC.","RECREATIONAL WHOLESALER","No","2026-08-25","2027-08-24",,,"Exempt from Public Disclosure","Jackson",,,"Medical Marijuana Wholesaler"
"050-1010695C070","Nectar","NECTAR MARKETS, LLC","RECREATIONAL RETAILER","No","2026-03-13","2026-09-16",,,"698 W 6TH AVE EUGENE OR  97402-5108","Lane",,,"Marijuana Home Delivery, Medical Marijuana Retailer"
"050-1004923B1AA","Deep Roots Cannabis","PREMIER CONCEPTS LLC","RECREATIONAL RETAILER","No","2026-03-08","2027-03-07",,,"2155 OLYMPIC ST SPRINGFIELD OR  97477-3463","Lane",,,"Marijuana Home Delivery, Medical Marijuana Retailer"
"020-3875","Alpha Grow","ALPHA GROW LLC","RECREATIONAL PRODUCER","No","2025-08-04","2026-07-17",,,"Exempt from Public Disclosure","Jackson","Tier II","Indoor",
"060-100388704F8","TRULY PURE LLC","TRULY PURE LLC","RECREATIONAL WHOLESALER","Yes","2026-06-13","2026-11-03","2026-06-13",,"Exempt from Public Disclosure","Multnomah",,,"Medical Marijuana Wholesaler"
"050-10109341201","High Quality","HQ II LLC","RECREATIONAL RETAILER","No","2025-11-20","2026-11-19",,,"1435 NW 9TH ST STE 110, CORVALLIS OR  97330-5468","Benton",,,"Marijuana Home Delivery, Medical Marijuana Retailer"
"050-100508675B1","Marijuana Paradise","MANA PDX, INC","RECREATIONAL RETAILER","No","2025-07-10","2026-07-09",,,"9663 SW BARBUR BLVD PORTLAND OR  97219-6040","Multnomah",,,
"020-3879","Wild Sun LLC","WILD SUN LLC","RECREATIONAL PRODUCER","No","2026-07-22","2027-07-21",,,"Exempt from Public Disclosure","Jackson","Tier II","Outdoor",
"060-1006219C093","Grown Rogue Distribution","GROWN ROGUE GARDENS LLC","RECREATIONAL WHOLESALER","No","2026-06-18","2026-10-08",,,"Exempt from Public Disclosure","Jackson",,,
"050-101114664FA","Tetra Cannabis","4.0 BELMONT, INC","RECREATIONAL RETAILER","Yes","2025-09-09","2026-06-17","2025-09-09",,"809 NE HARLOW RD TROUTDALE OR  97060-9511","Multnomah",,,"Marijuana Home Delivery, Medical Marijuana Retailer"
"050-10051193A0E","Attis Trading Company","ATTIS TRADING COMPANY - CULLY, LLC","RECREATIONAL RETAILER","No","2026-01-03","2027-01-02",,,"4920 NE CULLY BLVD PORTLAND OR  97218-3130","Multnomah",,,"Marijuana Home Delivery, Medical Marijuana Retailer"
"020-3883","Cyclops Cannabis","SITE LLC","RECREATIONAL PRODUCER","No","2026-07-23","2027-07-22",,,"Exempt from Public Disclosure","Jackson","Tier II","Outdoor",
"060-10063970F57","The SWEET Life / American Patriot Brands","TSL DISTRIBUTION LLC","RECREATIONAL WHOLESALER","Yes","2024-07-31","2025-06-01",,,"Exempt from Public Disclosure","Multnomah",,,
"050-1011186F166","Shaman Cannabis - Halsey","SC HOLDINGS, LLC","RECREATIONAL RETAILER","Yes","2023-06-05","2025-06-04",,,"11134 NE HALSEY ST PORTLAND OR  97220-2000","Multnomah",,,
"050-1005168B9ED","Redbarn Dispensary","RB REEDSPORT 1, LLC","RECREATIONAL RETAILER","No","2026-07-13","2027-07-12",,,"1045 GATEWAY LOOP A AND B, SPRINGFIELD OR  97477-1128","Lane",,,"Marijuana Home Delivery, Medical Marijuana Retailer"
"050-10054270DD5","Stoney Only Clackamas","STONEY ONLY CLACKAMAS LLC","RECREATIONAL RETAILER","Yes","2023-03-27","2024-03-26",,,"10289 SE HIGHWAY 212 CLACKAMAS OR  97015-9171","Clackamas",,,"Marijuana Home Delivery, Medical Marijuana Retailer"
"020-3931","Kaladonia","KALADONIA LLC","RECREATIONAL PRODUCER","Yes","2026-01-28","2026-07-31","2026-01-28",,"Exempt from Public Disclosure","Josephine","Tier II","Outdoor",
"060-10065114BEE","Buddies Wholesaling","COOK INVESTMENTS NORTHWEST OREGON, LLC","RECREATIONAL WHOLESALER","No","2026-08-27","2027-07-27",,,"Exempt from Public Disclosure","Josephine",,,"Medical Marijuana Wholesaler"
"050-10009640876","Alternative Solutions ","ALTERNATIVE SOLUTIONS 1, CORP","RECREATIONAL RETAILER","No","2026-04-04","2027-04-03",,,"13560 SE POWELL BLVD PORTLAND OR  97236-3338","Multnomah",,,
"050-1005488731C","Herbal Remedies 2","HERBAL REMEDIES 2 INC","RECREATIONAL RETAILER","No","2026-03-02","2027-03-01",,,"3940 COMMERCIAL ST SE SALEM OR  97302-3837","Marion",,,"Marijuana Home Delivery, Medical Marijuana Retailer"
"020-3960","Clear Farm LLC","CLEAR FARM LLC","RECREATIONAL PRODUCER","No","2026-08-08","2027-08-07",,,"Exempt from Public Disclosure","Jackson","Tier II","Outdoor",
"060-1007812E12C","Golden Jasmine","GOLDEN JASMINE LLC","RECREATIONAL WHOLESALER","No","2025-12-29","2026-12-28",,,"Exempt from Public Disclosure","Deschutes",,,
"050-1011273FDDC","Tokyo Starfish 3","TOKYO STARFISH 3, INC","RECREATIONAL RETAILER","No","2026-05-23","2027-05-22",,,"923 SE 3RD ST BEND OR  97702-1748","Deschutes",,,"Marijuana Home Delivery, Medical Marijuana Retailer"
"050-10055307DA2","Green Cross Dispensary","GAYLE L. ASHFORD, NATALIE A TURNER","RECREATIONAL RETAILER","No","2026-06-27","2027-06-26",,,"221 W BISHOP WAY BROWNSVILLE OR  97327-2001","Linn",,,"Marijuana Home Delivery, Medical Marijuana Retailer"
"020-4505","MVR Product","MVR PRODUCT LLC","RECREATIONAL PRODUCER","No","2025-08-29","2026-08-28",,,"Exempt from Public Disclosure","Jackson","Tier II","Outdoor",
"060-1007937EEFF","La Mota ","LA MOTA GOLD BEACH LLC","RECREATIONAL WHOLESALER","No","2026-10-01","2027-09-30",,,"Exempt from Public Disclosure","Curry",,,"Medical Marijuana Wholesaler"
"050-101133291FA","Sensible Cannabis Company","PAC NW VENTURES LLC","RECREATIONAL RETAILER","No","2025-09-21","2026-09-20",,,"3338 N PACIFIC HWY MEDFORD OR  97501-1351","Jackson",,,"Marijuana Home Delivery"
"050-1005629EC8B","Southern Oregon Cannabis Connection","IRON CROSS ENTERPRISES LLC","RECREATIONAL RETAILER","No","2025-04-06","2026-04-05",,,"1950 NE 7TH ST GRANTS PASS OR  97526-3406","Josephine",,,"Marijuana Home Delivery, Medical Marijuana Retailer"
"020-5917","Dalton & Wade","DALTON & WADE LLC","RECREATIONAL PRODUCER","No","2025-10-03","2026-10-02",,,"Exempt from Public Disclosure","Jackson","Tier II","Outdoor",
"060-100835384A4","Hunter Distributing","HUNTER DISTRIBUTING, LLC","RECREATIONAL WHOLESALER","No","2026-06-15","2027-03-27",,,"Exempt from Public Disclosure","Multnomah",,,
"050-10113847600","PotLand","POTLAND OREGON, LLC","RECREATIONAL RETAILER","No","2025-06-18","2026-06-17",,,"1761 NE DEKUM ST PORTLAND OR  97211-4841","Multnomah",,,"Marijuana Home Delivery, Medical Marijuana Retailer"
"050-1006287B0C6","Papa Buds","MML HOLDINGS LLC","RECREATIONAL RETAILER","No","2026-08-31","2027-08-30",,,"4020 SE CESAR E CHAVEZ BLVD PORTLAND OR  97202-3110","Multnomah",,,"Marijuana Home Delivery, Medical Marijuana Retailer"
"020-5963","Dodge Farm LLC","DODGE FARM LLC","RECREATIONAL PRODUCER","No","2025-10-04","2026-10-03",,,"Exempt from Public Disclosure","Jackson","Tier II","Outdoor",
"060-10094287038","Novik Industries, LLC","NOVIK INDUSTRIES","RECREATIONAL WHOLESALER","Yes","2024-08-26","2024-10-10","2024-08-26",,"Exempt from Public Disclosure","Multnomah",,,
"050-1011560383A","La Mota","AARON MITCHELL","RECREATIONAL RETAILER","No","2026-07-23","2027-07-22",,,"1258 S RIVERSIDE AVE MEDFORD OR  97501-7848","Jackson",,,"Marijuana Home Delivery, Medical Marijuana Retailer"
"050-10063534435","Wild West Emporium, Duke Street","TETRA MANAGEMENT LLC","RECREATIONAL RETAILER","Yes","2023-05-01","2024-04-30",,,"6126 SE DUKE ST STE A, PORTLAND OR  97206-6757","Multnomah",,,"Marijuana Home Delivery, Medical Marijuana Retailer"
"020-6336","WYFY Garden","WFY168, LLC","RECREATIONAL PRODUCER","No","2025-10-16","2026-10-15",,,"Exempt from Public Disclosure","Polk","Tier II","Mixed",
"020-6380","JC Designer","JC DESIGNER LLC","RECREATIONAL PRODUCER","No","2025-10-17","2026-10-16",,,"Exempt from Public Disclosure","Multnomah","Tier I","Indoor",
"060-1010135EC04","Hotbox Farms","HOTBOX FARMS LLC","RECREATIONAL WHOLESALER","Yes",,"2026-03-12","2025-08-22",,"Exempt from Public Disclosure","Baker",,,"Medical Marijuana Wholesaler"
"060-10187750988","White Elk Distribution","WHITE ELK LLC","RECREATIONAL WHOLESALER","No","2025-05-07","2026-03-21",,,"Exempt from Public Disclosure","Multnomah",,,"Medical Marijuana Wholesaler"
"050-1007437F64E","Four Seasons Dispensary and Resource Center","TRACEY I MCREYNOLDS","RECREATIONAL RETAILER","Yes","2022-10-31","2023-10-30",,,"30943 EHLEN DR SW ALBANY OR  97321-9451","Linn",,,"Medical Marijuana Retailer"
"020-7304","Boom Boom Farms LLC","BOOM BOOM FARMS, LLC","RECREATIONAL PRODUCER","No","2026-08-10","2026-11-11",,,"Exempt from Public Disclosure","Jackson","Tier II","Outdoor",
"060-1011710B610","Farmers First","NEXT GENERATION NURSERIES, INC.","RECREATIONAL WHOLESALER","Yes","2025-06-17","2026-01-24","2025-06-17",,"Exempt from Public Disclosure","Benton",,,"Medical Marijuana Wholesaler, Wholesaler For Hire Trimming"
"060-1018991344B","Empire Holding Group","EMPIRE HOLDING GROUP LLC","RECREATIONAL WHOLESALER","No","2026-05-27","2027-05-26",,,"Exempt from Public Disclosure","Multnomah",,,"Medical Marijuana Wholesaler"
"050-1007585AD54","Lemonnade PDX","DISCOVER INVESTMENT GROUP, INC.","RECREATIONAL RETAILER","No","2025-09-28","2026-09-27",,,"6218 NE COLUMBIA BLVD PORTLAND OR  97218-2965","Multnomah",,,"Marijuana Home Delivery, Medical Marijuana Retailer"
"020-7360","Piff Indoor South","CG VENTURES LLC","RECREATIONAL PRODUCER","No","2025-11-13","2026-11-12",,,"Exempt from Public Disclosure","Lane","Tier I","Indoor",
"060-10117676E26","ALOHA CANNABIS COMPANY ","SRH HOLDINGS LLC","RECREATIONAL WHOLESALER","No","2026-02-17","2027-02-16",,,"Exempt from Public Disclosure","Lincoln",,,"Medical Marijuana Wholesaler"
"060-10191029AC7","CakeGas LLC","CAKEGAS LLC","RECREATIONAL WHOLESALER","Yes","2025-07-12","2026-07-11",,,"Exempt from Public Disclosure","Multnomah",,,
"050-1008031898B","Budlandia","EVERETT HOLDINGS LLC","RECREATIONAL RETAILER","Yes","2025-02-07","2026-01-13","2025-02-07",,"7536 NE MARTIN LUTHER KING BLVD PORTLAND OR  97211-2830","Multnomah",,,"Marijuana Home Delivery, Medical Marijuana Retailer"
"020-7422","Neverwinter Northwest LLC","NEVERWINTER NORTHWEST LLC","RECREATIONAL PRODUCER","No","2025-11-14","2026-11-13",,,"Exempt from Public Disclosure","Multnomah","Tier I","Indoor",
"060-10119056127","PremiumPlug Wholesalers, LLC","PREMIUMPLUG WHOLESALERS, LLC.","RECREATIONAL WHOLESALER","No","2026-05-06","2027-05-05",,,"Exempt from Public Disclosure","Washington",,,
"060-1022200B037","Bridgetown Wholesale","BRIDGETOWN CO. LLC","RECREATIONAL WHOLESALER","No","2026-03-16","2027-03-15",,,"Exempt from Public Disclosure","Clackamas",,,
"050-10088208976","Somewhere","SALEM HYACINTH, LLC","RECREATIONAL RETAILER","No","2026-02-05","2027-02-04",,,"2128 NW OVERTON ST PORTLAND OR  97210-2925","Multnomah",,,
"020-7684","Lucky Lady Enterprise LLC","LUCKY LADY ENTERPRISE LLC","RECREATIONAL PRODUCER","No","2025-11-21","2026-11-20",,,"Exempt from Public Disclosure","Multnomah","Tier II","Indoor",
"060-1012187DCE2","Pioneer Cannabis Co.","PIONEER HERBS LLC","RECREATIONAL WHOLESALER","Yes","2024-10-02","2025-02-16","2024-10-04",,"Exempt from Public Disclosure","Jefferson",,,
"060-1024229629A","Fuego Unlimited ","FUEGO FARMZ LLC","RECREATIONAL WHOLESALER","No","2026-06-30","2027-06-29",,,"Exempt from Public Disclosure","Multnomah",,,"Medical Marijuana Wholesaler"
"050-1009085FCAD","La Mota Brookings ","LA MOTA BROOKINGS LLC 	","RECREATIONAL RETAILER","No","2026-07-29","2027-07-28",,,"307 FERN AVE BROOKINGS OR  97415","Curry",,,"Marijuana Home Delivery, Medical Marijuana Retailer"
"020-7921","Boom Boom Farms LLC","BOOM BOOM FARMS, LLC","RECREATIONAL PRODUCER","No","2026-08-10","2026-11-26",,,"Exempt from Public Disclosure","Jackson","Tier II","Outdoor",
"060-1013001349B","Kola Brand","KOLA BRAND LLC","RECREATIONAL WHOLESALER","Yes","2026-01-05","2026-12-03","2026-01-05","017224987","Exempt from Public Disclosure","Multnomah",,,"Medical Marijuana Wholesaler"
"060-1015754F7D9","ABC2","EEK INC","RECREATIONAL WHOLESALER","Yes","2025-02-24","2026-02-23",,,"Exempt from Public Disclosure","Clackamas",,,"Medical Marijuana Wholesaler, Wholesaler For Hire Trimming"
"060-1025057E490","Hotbox","HOTBOX FARMS LLC","RECREATIONAL WHOLESALER","No",,"2027-01-29",,,"Exempt from Public Disclosure","Wasco",,,
"050-100930492A3","Fidus PDX","FIDUS PDX, LLC","RECREATIONAL RETAILER","Yes","2024-07-09","2024-07-09","2024-09-09",,"7501 SW CAPITOL HWY UNIT A, PORTLAND OR  97219-2434","Multnomah",,,
"020-8268","Vashti Farm LLC","VASHTI FARM LLC","RECREATIONAL PRODUCER","Yes","2026-07-03","2026-12-05","2026-07-03",,"Exempt from Public Disclosure","Jackson","Tier II","Outdoor",
"060-10161069317","DM Distribution","VLF POLK PROPERTY LLC","RECREATIONAL WHOLESALER","Yes","2024-04-29","2025-04-28",,,"Exempt from Public Disclosure","Polk",,,"Medical Marijuana Wholesaler"
"060-1025649D0A7","Farmers First","KO DISTRIBUTION, INC.","RECREATIONAL WHOLESALER","No","2026-01-30","2027-01-29",,,"Exempt from Public Disclosure","Multnomah",,,"Medical Marijuana Wholesaler"
"050-1009362B0FF","Kanopy 7","KANOPY 7 WEST MEDFORD LLC","RECREATIONAL RETAILER","No","2026-07-03","2027-07-02",,,"1252 W MCANDREWS RD STE 2, MEDFORD OR  97501-2249","Jackson",,,"Marijuana Home Delivery, Medical Marijuana Retailer"
"020-8732","Kings Production","KINGS PRODUCTION FARMS LLC","RECREATIONAL PRODUCER","No","2025-12-22","2026-12-26",,,"Exempt from Public Disclosure","Jackson","Tier II","Outdoor",
"060-1016467EDCE","Engineered Extracts","ENGINEERED EXTRACTS LLC","RECREATIONAL WHOLESALER","Yes","2025-11-19","2026-01-03","2025-11-19",,"Exempt from Public Disclosure","Washington",,,
"060-15311","OBS Premium Collection LLC ","OBS PREMIUM COLLECTION LLC ","RECREATIONAL WHOLESALER","Yes","2026-06-26","2027-06-12","2026-06-26",,"Exempt from Public Disclosure","Jackson",,,
"050-1009489D6FC","Electric Lettuce Denny","DENNY RETAIL INVESTMENTS, INC.","RECREATIONAL RETAILER","No","2026-05-11","2027-05-10",,,"6950 SW 105TH AVE BEAVERTON OR  97008-5441","Washington",,,"Marijuana Home Delivery, Medical Marijuana Retailer"
"020-9172","Pacific Northwest Provisions","PACIFIC NORTHWEST PROVISIONS LLC","RECREATIONAL PRODUCER","Yes","2025-06-10","2026-01-14","2025-06-10",,"Exempt from Public Disclosure","Marion","Micro Tier II","Indoor",
"060-1016726322D","Fire Dept. Cannabis","FD PROJECT INC.","RECREATIONAL WHOLESALER","No","2026-03-26","2027-03-25",,,"Exempt from Public Disclosure","Washington",,,"Medical Marijuana Wholesaler"
"050-10010193FDD","Cannabis, LLC","CANNABIS, LLC","RECREATIONAL RETAILER","Yes","2026-02-10","2025-12-30","2025-12-26",,"1936 MAIN ST SPRINGFIELD OR  97477-5054","Lane",,,"Marijuana Home Delivery, Medical Marijuana Retailer"
"050-10116834C7B","Electric Lettuce Eugene","GW RETAIL W. 11TH INC","RECREATIONAL RETAILER","No","2026-05-27","2027-05-26",,,"1201 W 11TH AVE EUGENE OR  97402-4768","Lane",,,"Marijuana Home Delivery, Medical Marijuana Retailer"
"050-7413","Broadway Project Inc.","BROADWAY PROJECT, INC.","RECREATIONAL RETAILER","No","2025-11-14","2026-11-13",,,"3821 PACIFIC AVE BLDG A, FOREST GROVE OR  97116-2223","Washington",,,"Marijuana Home Delivery, Medical Marijuana Retailer"
"060-10241114B59","The Network","DIRECT CONNECT HOLDINGS LLC","RECREATIONAL WHOLESALER","No","2026-07-17","2027-07-16",,,"Exempt from Public Disclosure","Multnomah",,,"Medical Marijuana Wholesaler"
"050-100137839DD","Green Cross Cannabis Emporium","TLC MEDICAL, INC.","RECREATIONAL RETAILER","Yes","2025-04-27","2025-09-30","2025-04-27","1721081-1","4550 COMMERCIAL ST SE SALEM OR  97302-3983","Marion",,,"Medical Marijuana Retailer"
"050-1011974206C","Beaver Bowls","VON KNIGGIE LTD","RECREATIONAL RETAILER","No","2026-07-19","2027-07-18",,,"1434 PACIFIC BLVD SE ALBANY OR  97321-4827","Linn",,,"Marijuana Home Delivery, Medical Marijuana Retailer"
"060-100230673AE","Solsgreen","P&E GREEN SOLUTIONS, LLC","RECREATIONAL WHOLESALER","Yes","2026-03-03","2026-05-30","2026-03-03",,"Exempt from Public Disclosure","Jackson",,,
"060-102542622D3","The New Amsterdam","THE NEW AMSTERDAM LLC","RECREATIONAL WHOLESALER","No","2026-02-09","2027-02-08",,"01679198 2","Exempt from Public Disclosure","Multnomah",,,
"050-100164832B5","Cannabis Nation Beaverton","CBN INC","RECREATIONAL RETAILER","No","2026-04-09","2026-12-27",,,"15915 NW SCHENDEL AVE STE 104, BEAVERTON OR  97006-6486","Washington",,,"Marijuana Home Delivery, Medical Marijuana Retailer"
"050-1012006BB1E","Emerald Triangle Dispensary","ETD ENTERPRISES, INC","RECREATIONAL RETAILER","No","2025-12-30","2026-12-29",,,"1630 NW GARDEN VALLEY BLVD STE 101 & 103, ROSEBURG OR  97471-1503","Douglas",,,"Marijuana Home Delivery, Medical Marijuana Retailer"
"050-1012469940D","Redbarn Dispensary","RB COOS BAY 1, LLC","RECREATIONAL RETAILER","No","2025-09-10","2026-09-09",,,"902 S MAIN ST MYRTLE CREEK OR  97457-7328","Douglas",,,"Marijuana Home Delivery, Medical Marijuana Retailer"
"060-1002592350F","Highly Distributed","HIGHLY DISTRIBUTED, LLC","RECREATIONAL WHOLESALER","Yes","2025-06-16","2025-12-13","2025-06-16",,"Exempt from Public Disclosure","Jackson",,,"Medical Marijuana Wholesaler"
"060-10853","Kaprikorn","KAPRIKORN LLC","RECREATIONAL WHOLESALER","No","2026-03-05","2027-03-04",,,"Exempt from Public Disclosure","Lane",,,
"050-100241747B3","Electric Lettuce Cedar Hills","GW RETAIL MARLOW, INC.","RECREATIONAL RETAILER","No","2026-04-16","2027-01-05",,,"1450 SW MARLOW AVE PORTLAND OR  97225-5145","Washington",,,"Marijuana Home Delivery, Medical Marijuana Retailer"
"060-23168","EB Marketplace","EB MARKETPLACE LLC","RECREATIONAL WHOLESALER","No","2026-01-29","2027-01-28",,,"Exempt from Public Disclosure","Multnomah",,,
"060-1003261D0E0"," Nova Portland","NOVA PATHS, LLC","RECREATIONAL WHOLESALER","Yes","2024-09-23","2024-04-05","2024-09-30",,"Exempt from Public Disclosure","Multnomah",,,
"060-15415","Cascade Valley Cannabis","GRASSHOPPER FARM, LLC","RECREATIONAL WHOLESALER","No","2026-06-17","2027-06-16",,,"Exempt from Public Disclosure","Benton",,,
"050-10026091C87","Green Mart, LLC","GREEN MART, LLC","RECREATIONAL RETAILER","Yes","2024-06-13","2024-10-13",,,"12745 SW WALKER RD STE 100A BEAVERTON OR  97005-1318","Washington",,,"Medical Marijuana Retailer"
"060-24205","Bailey Hill Properties LLC ","BAILEY HILL PROPERTIES LLC","RECREATIONAL WHOLESALER","No","2026-04-15","2027-03-03",,,"Exempt from Public Disclosure","Lane",,,
"060-10035818084","The Dub Wholesale","TECA HOLDING COMPANY, INC.","RECREATIONAL WHOLESALER","No","2026-01-03","2027-01-02",,,"Exempt from Public Disclosure","Multnomah",,,"Medical Marijuana Wholesaler"
"060-15634","Northwest Confections, LLC","NORTHWEST CONFECTIONS, LLC","RECREATIONAL WHOLESALER","No","2026-06-23","2027-06-22",,,"Exempt from Public Disclosure","Clackamas",,,"Medical Marijuana Wholesaler"
"050-1002710CD3B","Emerald City Dispensary ","OREGON EMERALD CITY LLC","RECREATIONAL RETAILER","Yes","2024-03-20","2025-03-19",,,"50414 COLUMBIA RIVER HWY SCAPPOOSE OR  97056-4312","Columbia",,,"Marijuana Home Delivery, Medical Marijuana Retailer"
"060-25361","Sessions Wholesale","DAB FACTORY LLC","RECREATIONAL WHOLESALER","No","2026-04-15","2027-04-07",,,"Exempt from Public Disclosure","Washington",,,
"060-100473337E7","Odyssey","ODYSSEY DISTRIBUTION LLC","RECREATIONAL WHOLESALER","Yes","2025-06-09","2026-06-08",,,"Exempt from Public Disclosure","Multnomah",,,
"060-20742","Bonsai","BONSAI OPERATIONS LLC","RECREATIONAL WHOLESALER","No","2025-11-06","2026-11-05",,,"Exempt from Public Disclosure","Lane",,,
"050-1002850B56E","Buds 4 U","BUDS4U LLC","RECREATIONAL RETAILER","Yes","2026-02-09","2026-12-28","2026-02-09",,"1480 RHODODENDRON DR FLORENCE OR  97439-7620","Lane",,,"Marijuana Home Delivery, Medical Marijuana Retailer"
"060-29131","C&N LLC","C&N WHOLESALES LLC","RECREATIONAL WHOLESALER","No","2026-06-26","2027-06-25",,,"Exempt from Public Disclosure","Jackson",,,
"060-1004799A262","CWD NORTHWEST, INC.","CWD NORTHWEST LLC","RECREATIONAL WHOLESALER","No","2026-07-27","2027-05-08",,,"Exempt from Public Disclosure","Jackson",,,
"060-26264","Fire Flower ","FIRE FLOWER LLC","RECREATIONAL WHOLESALER","No","2026-04-27","2027-04-26",,,"Exempt from Public Disclosure","Jackson",,,
"050-10032511404","Oregon's Best Buds","OREGON'S BEST MEDS, LLC","RECREATIONAL RETAILER","Yes","2025-03-26","2026-01-08","2025-03-26",,"10128 E BURNSIDE ST STE A, PORTLAND OR  97216-2335","Multnomah",,,"Marijuana Home Delivery, Medical Marijuana Retailer"
"050-10037199BA2","Plantae","PLANTAE HEALTH CARE LLC","RECREATIONAL RETAILER","No","2025-12-30","2026-12-29",,,"1100 SW HIGHWAY 97 STE 103, MADRAS OR  97741-9175","Jefferson",,,"Marijuana Home Delivery, Medical Marijuana Retailer"
"060-6659","BIOTIX","PIONEER ASSOCIATES INC","RECREATIONAL WHOLESALER","No","2025-10-25","2026-10-24",,,"Exempt from Public Disclosure","Multnomah",,,"Medical Marijuana Wholesaler"
"060-10059184419","Millerville Wholesale","MILLERVILLE FARMS LLC","RECREATIONAL WHOLESALER","No","2026-05-01","2027-03-25",,,"Exempt from Public Disclosure","Josephine",,,"Medical Marijuana Wholesaler"
"060-30878","2200 SE Mailwell Drive","HIGH LINE MANUFACTURING & DISTRIBUTION, LLC","RECREATIONAL WHOLESALER","No","2026-08-12","2027-08-11",,,"Exempt from Public Disclosure","Clackamas",,,
"050-10124782846","Western Oregon Dispensary","WESTERN OREGON DISPENSARY, INC.","RECREATIONAL RETAILER","No","2025-12-11","2026-12-10",,,"652 SW BASELINE ST HILLSBORO OR  97123-3844","Washington",,,"Marijuana Home Delivery, Medical Marijuana Retailer"
"060-7119","Dalton & Wade","DALTON & WADE LLC","RECREATIONAL WHOLESALER","No","2026-08-10","2026-11-06",,,"Exempt from Public Disclosure","Multnomah",,,
"060-1006395322D","High Life Distribution ","HIGH LIFE DISTRIBUTION CO LLC","RECREATIONAL WHOLESALER","No","2025-09-08","2026-09-07",,,"Exempt from Public Disclosure","Jackson",,,
"060-3893","Hillside Wholesales","COASTAL HIGH WAYS LLC","RECREATIONAL WHOLESALER","Yes","2025-07-24","2026-07-23",,,"Exempt from Public Disclosure","Douglas",,,
"050-1012526D914","House of Hash","AGROTEK, LLC","RECREATIONAL RETAILER","No","2025-12-18","2026-12-17",,,"51456 HIGHWAY 97 # 3 LA PINE OR  97739-9868","Deschutes",,,"Medical Marijuana Retailer"
"060-8973","Evergreen High Rise","EVERGREEN HIGH RISE LLC","RECREATIONAL WHOLESALER","No","2026-01-08","2027-01-07",,,"Exempt from Public Disclosure","Washington",,,
"060-10068568C9A","Demeter Gardens","DEMETER GARDENS, LLC","RECREATIONAL WHOLESALER","No","2025-10-10","2026-10-09",,,"Exempt from Public Disclosure","Multnomah",,,"Medical Marijuana Wholesaler"
"060-6029","Real Oregon","REAL OREGON INC","RECREATIONAL WHOLESALER","No","2025-10-07","2026-10-06",,,"Exempt from Public Disclosure","Jackson",,,
"050-1012716F28A","17 Farms, LLC","17 FARMS LLC","RECREATIONAL RETAILER","Yes","2025-06-12","2025-11-23","2025-06-12",,"235 UNION AVE GRANTS PASS OR  97527-5581","Linn",,,"Marijuana Home Delivery, Medical Marijuana Retailer"
"330-10339","Octo Consulting LLC","OCTO CONSULTING LLC","HEMP HANDLER CERTIFICATE","Yes","2025-02-19","2026-02-18",,,"Exempt from Public Disclosure","Clackamas",,,
"060-100696835DC","Forest Green Distribution","420 INVESTMENTS LLC","RECREATIONAL WHOLESALER","Yes","2024-03-13","2025-03-12",,,"Exempt from Public Disclosure","Marion",,,
"060-8652","Eastern Oregon Distribution LLC","EASTERN OREGON DISTRIBUTION LLC","RECREATIONAL WHOLESALER","Yes","2025-12-19","2025-12-20","2025-12-19",,"Exempt from Public Disclosure","Baker",,,"Medical Marijuana Wholesaler"
"050-1012887F9A0","Western Oregon Dispensary","WESTERN OREGON DISPENSARY, INC.","RECREATIONAL RETAILER","No","2026-03-06","2026-09-19",,,"19665 SW TUALATIN VALLEY HWY STE A BEAVERTON OR  97003-2352","Washington",,,"Marijuana Home Delivery, Medical Marijuana Retailer"
"330-1050567IHH","SSH INC.","SSH INC.","HEMP HANDLER CERTIFICATE","Yes","2023-05-25","2024-05-24",,,"Exempt from Public Disclosure","Clackamas",,,
"060-1007418AD59","Fillmore Packing","PLACIDO INVESTMENTS LLC","RECREATIONAL WHOLESALER","No","2026-08-25","2027-08-24",,,"Exempt from Public Disclosure","Lane",,,
"060-8811","Lucky's Wholesale","LUCKY'S WHOLESALE AND CONSULTING SERVICES LLC","RECREATIONAL WHOLESALER","No","2026-01-02","2027-01-01",,"Oregon","Exempt from Public Disclosure","Jackson",,,"Medical Marijuana Wholesaler"
"050-1013962E065","BLOOMINATI CANNABIS CORP.","BLOOMINATI CANNABIS CORP","RECREATIONAL RETAILER","No","2026-01-14","2027-01-13",,,"2420 PACIFIC AVE FOREST GROVE OR  97116-2452","Washington",,,"Marijuana Home Delivery, Medical Marijuana Retailer"
"330-1056648IHH","MPSC Industries LLC","MPSC INDUSTRIES, LLC","HEMP HANDLER CERTIFICATE","Yes","2024-09-27","2024-09-02",,,"Exempt from Public Disclosure","Clackamas",,,
"060-10080858143","Sticky Wholesale","G.O. FARMS LLC","RECREATIONAL WHOLESALER","No","2026-04-03","2027-04-02",,,"Exempt from Public Disclosure","Clatsop",,,"Medical Marijuana Wholesaler"
"060-1009031DBC6","PF Wholesale","JIA HOLDINGS LTD","RECREATIONAL WHOLESALER","No","2026-02-22","2027-02-21",,,"Exempt from Public Disclosure","Multnomah",,,"Medical Marijuana Wholesaler"
"330-1044757IHH","Octo Consulting LLC","OCTO CONSULTING LLC","HEMP HANDLER CERTIFICATE","Yes","2023-11-17","2024-11-16",,,"Exempt from Public Disclosure","Clackamas",,,
"050-10140009965","A Better Way Cannabis","A BETTER WAY MEDICINAL ALTERNATIVES LLC","RECREATIONAL RETAILER","No","2026-03-22","2027-03-21",,,"3255 WASHBURN WAY STE 4 KLAMATH FALLS OR  97603-4583","Klamath",,,"Medical Marijuana Retailer"
"330-1079425IHH","Central Oregon Processing, LLC","CENTRAL OREGON PROCESSING, LLC","HEMP HANDLER CERTIFICATE","Yes","2024-08-09","2025-08-08",,,"Exempt from Public Disclosure","Clackamas",,,
"060-10098366985","Zuni Products","ZUNI PRODUCTS, INC.","RECREATIONAL WHOLESALER","No","2026-05-04","2027-05-10",,,"Exempt from Public Disclosure","Josephine",,,
"330-1049015IHH","Canna Creations LLC","CANNA CREATIONS, LLC","HEMP HANDLER CERTIFICATE","Yes","2023-05-02","2024-05-01",,,"Exempt from Public Disclosure","Clackamas",,,
"050-10146522DCF","TJ's on Powell","OPCO RETAIL 1 LLC","RECREATIONAL RETAILER","No","2026-09-04","2027-09-03",,,"7827 SE POWELL BLVD PORTLAND OR  97206-2350","Multnomah",,,"Marijuana Home Delivery, Medical Marijuana Retailer"
"330-1082854IHH","Smoky Flower LLC","SMOKY FLOWER LLC","HEMP HANDLER CERTIFICATE","No","2026-03-12","2027-03-11",,,"Exempt from Public Disclosure","Clackamas",,,
"060-100992775DF","CannaVida","EVOLUTION CC LLC","RECREATIONAL WHOLESALER","No","2026-03-15","2027-03-14",,,"Exempt from Public Disclosure","Deschutes",,,"Wholesaler For Hire Trimming"
"330-11467","Rogue Botanicals","ROGUE BOTANICALS LLC","HEMP HANDLER CERTIFICATE","Yes","2025-08-09","2026-08-08",,,"Exempt from Public Disclosure","Jackson",,,
"050-1014653D811","TJ's On The Alley","JV RETAIL 2 LLC","RECREATIONAL RETAILER","Yes","2025-04-18","2025-09-03","2025-04-18",,"1027 WILLAMETTE ST EUGENE OR  97401-3113","Lane",,,"Marijuana Home Delivery, Medical Marijuana Retailer"
"330-1083834IHH","Blossom Bar Farms LLC","BLOSSOM BAR FARMS LLC","HEMP HANDLER CERTIFICATE","Yes","2023-03-14","2024-03-13",,,"Exempt from Public Disclosure","Clackamas",,,
"060-10114681C16","Siren","HARDWOODS, INC.","RECREATIONAL WHOLESALER","No","2026-05-04","2026-09-25",,,"Exempt from Public Disclosure","Clackamas",,,
"330-22528","Epoch Operations,LLC","EPOCH OPERATIONS, LLC","HEMP HANDLER CERTIFICATE","No","2026-01-09","2027-01-08",,,"Exempt from Public Disclosure","Multnomah",,,
"050-1014846FBEA","southern oregon cannabis connection","IRON CROSS ENTERPRISES LLC","RECREATIONAL RETAILER","Yes","2025-07-14","2026-03-14","2025-07-14",,"7420 NE SANDY BLVD PORTLAND OR  97213-5760","Jackson",,,"Marijuana Home Delivery, Medical Marijuana Retailer"
"050-100950903F9","Redwood Cannabis Dispensary","PRICE FAMILY ENTERPRISE LLC","RECREATIONAL RETAILER","No","2026-07-10","2027-07-09",,,"825 NE F ST GRANTS PASS OR  97526-2329","Josephine",,,"Marijuana Home Delivery, Medical Marijuana Retailer"
"330-26340","PDX Activity Center","FLORASCIENCE INC.","HEMP HANDLER CERTIFICATE","No","2026-05-29","2027-04-27",,"01823030-8","Exempt from Public Disclosure","Multnomah",,,
"060-1016957B9FF","Indulge Distribution ","SDK1 LLC","RECREATIONAL WHOLESALER","No","2025-11-02","2026-11-01",,,"Exempt from Public Disclosure","Multnomah",,,"Wholesaler For Hire Trimming"
"050-101040688B0","Broadway Cannabis Market","BROADWAY PROJECT, INC.","RECREATIONAL RETAILER","No","2026-07-11","2027-07-10",,,"427 NW BROADWAY PORTLAND OR  97209-3512","Multnomah",,,"Marijuana Home Delivery, Medical Marijuana Retailer"
"020-9301","Lingo Farms","VIOLLIE LLC","RECREATIONAL PRODUCER","No","2026-08-04","2027-01-16",,,"Exempt from Public Disclosure","Lane","Tier II","Outdoor",
"050-1015135E4D3","Green Lion","MISS ORGANIC LLC","RECREATIONAL RETAILER","No","2026-10-28","2027-10-27",,,"7000 SE JOHNSON CREEK BLVD PORTLAND OR  97206-9464","Multnomah",,,"Marijuana Home Delivery, Medical Marijuana Retailer"
"050-101547863F7","Cookies","TGC, LLC","RECREATIONAL RETAILER","No","2024-09-22","2026-09-21",,,"621 SE 7TH AVE STE A, PORTLAND OR  97214-2204","Multnomah",,,"Medical Marijuana Retailer"
"050-101043554F6","Western Oregon Dispensary","WESTERN OREGON DISPENSARY, INC.","RECREATIONAL RETAILER","No","2026-01-06","2027-01-05",,,"15025 SW TUALATIN SHERWOOD RD STE B SHERWOOD OR  97140-8317","Washington",,,"Marijuana Home Delivery, Medical Marijuana Retailer"
"020-9460","J&E Alliance ","J&E ALLIANCE LLC","RECREATIONAL PRODUCER","No","2026-01-23","2027-01-22",,,"Exempt from Public Disclosure","Josephine","Tier II","Outdoor",
"060-1016971B39D","ABC3","EEK INC","RECREATIONAL WHOLESALER","No","2026-08-04","2027-03-27",,,"Exempt from Public Disclosure","Jackson",,,"Medical Marijuana Wholesaler"
"050-1010887904B","Green Health Eugene ","SUGARBUSH BOTANICALS LLC","RECREATIONAL RETAILER","No","2026-06-04","2027-06-03",,,"607 HIGHWAY 99 N EUGENE OR  97402-2306","Lane",,,"Marijuana Home Delivery, Medical Marijuana Retailer"
"020-9537","KLW Farm","KLWFARM LLC","RECREATIONAL PRODUCER","No","2026-01-27","2027-01-26",,,"Exempt from Public Disclosure","Josephine","Tier II","Outdoor",
"060-10169898089","The Harvest Center & Associates","THE HARVEST CENTER & ASSOCIATES LLC","RECREATIONAL WHOLESALER","Yes","2025-02-10","2025-05-02","2025-02-10",,"Exempt from Public Disclosure","Lane",,,
"050-101114443A4","Beatnick's Finest","BEATNICK'S FINEST, LLC","RECREATIONAL RETAILER","No","2026-05-15","2026-10-30",,,"126 SW AVERY AVE UNIT 1, CORVALLIS OR  97333-1143","Benton",,,"Marijuana Home Delivery"
"020-9706","Winway & Zhen Farms","WINWAY & ZHEN, LLC","RECREATIONAL PRODUCER","No","2026-01-31","2027-01-30",,,"Exempt from Public Disclosure","Deschutes","Tier I","Indoor",
"060-10171112B7F","Kaleafa","123 PACIFIC HIGHWAY LLC","RECREATIONAL WHOLESALER","No","2026-07-28","2027-07-27",,,"Exempt from Public Disclosure","Washington",,,
"050-1011585E7DC","La Mota","LA MOTA MEDFORD 4 LLC","RECREATIONAL RETAILER","No","2026-07-08","2026-03-02",,,"1625 SHERMAN AVE NORTH BEND OR  97459-3531","Coos",,,"Marijuana Home Delivery, Medical Marijuana Retailer"
"030-10003736729","Botanical Laboratories","TOP SHELF, INC.","RECREATIONAL PROCESSOR","No","2025-08-29","2026-08-28",,,"Exempt from Public Disclosure","Multnomah",,,"Concentrate Processor, Edible Processor, Extract Processor"
"060-1017205A562","ASAP BUDS","ASAP BUDS, LLC","RECREATIONAL WHOLESALER","No","2026-03-13","2027-02-09",,,"Exempt from Public Disclosure","Washington",,,
"050-10117317F08","Rocky Mtn Dispensary","ROCKY MTN DISPENSARY INC","RECREATIONAL RETAILER","No","2026-08-08","2027-08-07",,,"743 W MAIN ST JOHN DAY OR  97845-1036","Grant",,,"Medical Marijuana Retailer"
"030-10013586567","Black Market Distribution","BLACK MARKET DISTRIBUTION LLC","RECREATIONAL PROCESSOR","No","2026-07-06","2027-01-11",,,"Exempt from Public Disclosure","Jackson",,,"Concentrate Processor, Medical Marijuana Processor"
"060-1017393D8FA","Green Beehive","GREEN BEEHIVE II, LLC","RECREATIONAL WHOLESALER","No","2025-11-04","2026-11-03",,,"Exempt from Public Disclosure","Washington",,,
"050-10121623400","Green Cross Cannabis Emporium","TLC MEDICAL, INC.","RECREATIONAL RETAILER","Yes","2025-04-27","2025-12-17","2025-04-27","1721081-1","341 SW CENTURY DR BEND OR  97702-1054","Deschutes",,,"Marijuana Home Delivery, Medical Marijuana Retailer"
"030-1001732C2B6","Chilly's Garden","WESTSIDE ENTERPRISES, LLC","RECREATIONAL PROCESSOR","Yes","2024-06-06","2024-04-20","2024-06-12",,"Exempt from Public Disclosure","Lane",,,"Concentrate Processor"
"060-1017500BF19","Crop Valley","CROP VALLEY LLC","RECREATIONAL WHOLESALER","Yes","2024-10-17","2025-04-26","2024-10-18",,"Exempt from Public Disclosure","Lane",,,
"050-10124660E00","Hotbox Farms","HOTBOX FARMS LLC","RECREATIONAL RETAILER","No",,"2026-09-23",,,"325 NE GOODFELLOW ST ONTARIO OR  97914-3040","Malheur",,,"Marijuana Home Delivery, Medical Marijuana Retailer"
"030-100334417C0","Gron Chocolate","GRON CHOCOLATE, LLC","RECREATIONAL PROCESSOR","Yes","2026-02-09","2026-12-14","2026-02-09",,"Exempt from Public Disclosure","Multnomah",,,"Edible Processor, Industrial Hemp, Medical Marijuana Processor"
"060-1017572C5AE","Real Oregon","REAL OREGON INC","RECREATIONAL WHOLESALER","No","2026-05-10","2027-05-09",,,"Exempt from Public Disclosure","Jackson",,,"Medical Marijuana Wholesaler"
"050-1012564330F","Wildcat Oils & Flower","WILDCAT HOLDINGS LLC","RECREATIONAL RETAILER","Yes","2023-02-11","2024-02-10",,,"6906 SE JOHNSON CREEK BLVD PORTLAND OR  97206-9460","Multnomah",,,
"030-10034420441","Noble Concentrates","AQUL LABS, LLC","RECREATIONAL PROCESSOR","Yes","2024-02-20","2024-05-14","2024-05-14",,"Exempt from Public Disclosure","Clackamas",,,"Concentrate Processor, Edible Processor, Industrial Hemp, Medical Marijuana Processor, Topical Processor"
"030-1003665D56A","Pangaea Organics, LLC","PANGAEA ORGANICS, LLC","RECREATIONAL PROCESSOR","No","2026-01-31","2027-01-30",,,"Exempt from Public Disclosure","Deschutes",,,"Extract Processor, Industrial Hemp"
"060-10179439B53","Arise Cannabis","M & J AGRONOMICS, LLC","RECREATIONAL WHOLESALER","No","2025-12-24","2026-08-31",,,"Exempt from Public Disclosure","Lane",,,
"050-1012690FAAC","Zion Cannabis","LEFT COAST CANOPY II, LLC","RECREATIONAL RETAILER","No","2025-06-27","2026-06-26",,,"2331 SW 5TH AVE PORTLAND OR  97201-6303","Multnomah",,,"Marijuana Home Delivery, Medical Marijuana Retailer"
"030-100495262ED","Sterling Gold ","STERLING GOLD, LLC","RECREATIONAL PROCESSOR","No","2025-03-16","2026-03-15",,,"Exempt from Public Disclosure","Josephine",,,"Concentrate Processor, Extract Processor, Industrial Hemp"
"030-1005313C7C9","Cannananda","MULINO AGRICULTURAL II LLC","RECREATIONAL PROCESSOR","No","2026-04-28","2027-04-27",,,"Exempt from Public Disclosure","Clackamas",,,"Concentrate Processor, Industrial Hemp, Medical Marijuana Processor"
"050-1003813BCA1","Positive Vibrations","GREGORY C. PIERCE || LINDA F. PIERCE","RECREATIONAL RETAILER","No","2026-01-19","2027-01-18",,,"3682 TREMONT ST NORTH BEND OR  97459-2857","Coos",,,"Marijuana Home Delivery, Medical Marijuana Retailer"
"060-10116401200","Oregon Roots","OREGON ROOTS INC","RECREATIONAL WHOLESALER","No","2025-11-23","2026-11-22",,,"Exempt from Public Disclosure","Washington",,,"Medical Marijuana Wholesaler"
"050-101590345D5","La Mota","LA MOTA MYRTLE POINT LLC","RECREATIONAL RETAILER","No","2026-07-08","2026-09-30",,,"1994 ROSEBURG RD MYRTLE POINT OR  97458-1669","Coos",,,"Marijuana Home Delivery, Medical Marijuana Retailer"
"050-1003834AEE9","Refinery Canna Connoisseur","THE NATURAL REFINERY LLC","RECREATIONAL RETAILER","Yes","2023-05-05","2024-05-04",,,"2707 NE BROADWAY ST PORTLAND OR  97232-1722","Multnomah",,,"Marijuana Home Delivery, Medical Marijuana Retailer"
"060-101171724E0","Verdant Leaf","VERDANT LEAF FARMS, LLC","RECREATIONAL WHOLESALER","No","2025-10-10","2026-10-09",,,"Exempt from Public Disclosure","Washington",,,
"050-1015918D2F6","Weed Land Inc","WEED LAND INC","RECREATIONAL RETAILER","No","2026-10-07","2027-10-06",,,"4027 N INTERSTATE AVE PORTLAND OR  97227-1072","Multnomah",,,"Marijuana Home Delivery, Medical Marijuana Retailer"
"050-10039071885","Uplift Botanicals","UPLIFT BOTANICALS, LLC","RECREATIONAL RETAILER","No","2025-12-30","2026-12-29",,,"5421 NE 33RD AVE PORTLAND OR  97211-7403","Multnomah",,,"Marijuana Home Delivery, Medical Marijuana Retailer"
"060-1012207FC48","Yak, Inc.","YAK, INC.","RECREATIONAL WHOLESALER","Yes","2025-11-15","2025-12-17","2025-11-15",,"Exempt from Public Disclosure","Marion",,,"Medical Marijuana Wholesaler"
"050-10159858AEB","Nectar","NECTAR MARKETS, LLC","RECREATIONAL RETAILER","No","2026-03-13","2026-12-03",,,"6335 SE HARMONY RD MILWAUKIE OR  97222-2239","Clackamas",,,"Marijuana Home Delivery, Medical Marijuana Retailer"
"050-10039294D00","Zion Cannabis","LEFT COAST CANOPY, LLC","RECREATIONAL RETAILER","No","2024-12-28","2025-12-27",,,"2331 SW 6TH AVE PORTLAND OR  97201-4914","Multnomah",,,
"060-101232838D6","RN Holdings LLC","RN HOLDINGS LLC","RECREATIONAL WHOLESALER","Yes","2025-03-30","2026-03-29","2026-01-24",,"Exempt from Public Disclosure","Clackamas",,,"Medical Marijuana Wholesaler"
"050-1016201C7BC","LUCKY LION","3L RETAIL INCORPORATED","RECREATIONAL RETAILER","No","2026-06-10","2026-12-16",,,"16148 NE SANDY BLVD PORTLAND OR  97230-5014","Multnomah",,,"Marijuana Home Delivery, Medical Marijuana Retailer"
"050-1004116B110","Pacific Gold","CO2 COMPANY AUCTION HOUSE LLC","RECREATIONAL RETAILER","Yes","2023-02-07","2025-02-06",,,"1010 SW GIBBS ST PORTLAND OR  97239-3034","Multnomah",,,
"060-1012348A342","Million Elephants","MILLION ELEPHANTS LLC","RECREATIONAL WHOLESALER","No","2026-06-10","2027-02-20",,,"Exempt from Public Disclosure","Jackson",,,
"050-10165853E96","Substance","BLOOM WELL INC","RECREATIONAL RETAILER","No","2025-10-07","2026-10-06",,,"2329 OLYMPIC ST SPRINGFIELD OR  97477-3465","Lane",,,"Marijuana Home Delivery, Medical Marijuana Retailer"
"050-10041804D94","Portland Pot shop","MAZUMA MERCHANT SERVICES, LLC","RECREATIONAL RETAILER","No","2026-01-02","2027-01-01",,,"4730 N LOMBARD ST PORTLAND OR  97203-4534","Multnomah",,,
"050-1004244CF83","Tsunami Marijuana LLC","TSUNAMI MARIJUANA LLC","RECREATIONAL RETAILER","No","2025-04-18","2026-04-17",,,"1555 N ROOSEVELT DR SEASIDE OR  97138-7143","Clatsop",,,"Medical Marijuana Retailer"
"060-1012822CFC0","Pac NW Wholesale","PAC NW VENTURES LLC","RECREATIONAL WHOLESALER","No","2026-08-16","2027-08-15",,,"Exempt from Public Disclosure","Jackson",,,
"050-10166519CEB","Nectar; Nectar Markets","NECTAR MARKETS, LLC","RECREATIONAL RETAILER","No","2026-08-03","2027-08-02",,,"6714 NE SANDY BLVD PORTLAND OR  97213-5252","Multnomah",,,"Marijuana Home Delivery, Medical Marijuana Retailer"
"050-100435382A3","Mr. Nice Guy Rockaway","ROCKAWAY RETAIL, LLC","RECREATIONAL RETAILER","No","2026-01-17","2027-01-16",,"01714594-7","656 HIGHWAY 101 S ROCKAWAY BEACH OR  97136-9658","Tillamook",,,"Marijuana Home Delivery, Medical Marijuana Retailer"
"060-1012830FF06","Raptor Distribution","RAPTOR DISTRIBUTION LLC","RECREATIONAL WHOLESALER","No","2025-10-04","2026-10-03",,,"Exempt from Public Disclosure","Jackson",,,
"030-1006263C296","Beatnick's Finest","BEATNICK'S FINEST, LLC","RECREATIONAL PROCESSOR","No","2025-09-01","2026-08-31",,,"Exempt from Public Disclosure","Benton",,,"Processing for Cardholders, Concentrate Processor, Edible Processor, Industrial Hemp, Medical Marijuana Processor, Topical Processor"
"050-1004487C310","Substance","BLOOM WELL INC","RECREATIONAL RETAILER","No","2026-04-10","2027-04-09",,,"20365 EMPIRE AVE STE 140, BEND OR  97703-5702","Deschutes",,,"Marijuana Home Delivery, Medical Marijuana Retailer"
"060-10159513D28","Portland Cannabis Market","PCM HOLDINGS LLC","RECREATIONAL WHOLESALER","Yes","2025-11-24","2025-11-24","2025-11-24",,"Exempt from Public Disclosure","Multnomah",,,"Medical Marijuana Wholesaler"
"030-100659693F0","Synergy Skin Worx","PATCH AND PROCESS LLC","RECREATIONAL PROCESSOR","No","2026-03-02","2027-03-01",,,"Exempt from Public Disclosure","Clackamas",,,"Edible Processor, Medical Marijuana Processor, Topical Processor"
"050-1004664909E","Rare Earth Dispensary LLC","RARE EARTH DISPENSARY LLC","RECREATIONAL RETAILER","No","2025-12-31","2026-12-30",,,"2880 ELMIRA RD STE B, EUGENE OR  97402-2309","Lane",,,"Marijuana Home Delivery, Medical Marijuana Retailer"
"060-1016370605A","Packs Distribution ","CANNABEND, LLC","RECREATIONAL WHOLESALER","No","2026-04-26","2027-04-25",,"1588834-5","Exempt from Public Disclosure","Deschutes",,,
"030-10066669A4A","Pot of Gold","POT OF GOLD DISTRIBUTING, LLC","RECREATIONAL PROCESSOR","Yes","2024-07-11","2025-07-10",,,"Exempt from Public Disclosure","Multnomah",,,"Concentrate Processor, Medical Marijuana Processor, Topical Processor"
"050-1004691B5CD","Highway 420","STEVE GEIGER || YVETTE GEIGER","RECREATIONAL RETAILER","Yes","2026-07-27","2027-01-19","2026-07-27",,"1803 S ROOSEVELT DR STE C, SEASIDE OR  97138-6544","Clatsop",,,"Medical Marijuana Retailer"
"060-1016499FD95","BJS A Grade","BJS A GRADE LLC","RECREATIONAL WHOLESALER","No","2026-05-03","2027-05-02",,,"Exempt from Public Disclosure","Jackson",,,
"030-100668460AF","Phantom Extraction","20727-4 BEND, LLC","RECREATIONAL PROCESSOR","Yes","2023-04-24","2024-04-23",,,"Exempt from Public Disclosure","Deschutes",,,"Edible Processor, Extract Processor"
"050-10049684964","Central Organics","EVERGREEN ORGANICS INC","RECREATIONAL RETAILER","No","2026-01-24","2027-01-23",,,"780 SW 4TH ST MADRAS OR  97741-1147","Jefferson",,,"Medical Marijuana Retailer"
"060-101654447D5","Columbia Wholesale","COLUMBIA WHOLESALE, LLC","RECREATIONAL WHOLESALER","No","2026-04-02","2027-04-01",,,"Exempt from Public Disclosure","Multnomah",,,"Medical Marijuana Wholesaler"
"030-10071310CDB","Nugget Candy Co, LLC/Bad Rabbit Solventless","NUGGET CANDY CO, LLC","RECREATIONAL PROCESSOR","Yes","2025-12-19","2026-02-12","2025-12-19",,"Exempt from Public Disclosure","Baker",,,"Concentrate Processor, Edible Processor, Medical Marijuana Processor, Topical Processor"
"050-10051024930","Canna Beach Junction","CANNA BEACH JUNCTION LLC","RECREATIONAL RETAILER","No","2025-12-22","2026-09-10",,,"84834 HIGHWAY 101 SEASIDE OR  97138-3601","Clatsop",,,"Marijuana Home Delivery, Medical Marijuana Retailer"
"060-10190885663","Burnt River Farms","NECTAR MARKETS, LLC","RECREATIONAL WHOLESALER","Yes",,"2024-04-07","2025-05-01",,"Exempt from Public Disclosure","Baker",,,"Medical Marijuana Wholesaler"
"030-1008055E8E6","Funk Extracts/Hashland Extractions","FNX, LLC","RECREATIONAL PROCESSOR","No","2026-06-18","2027-06-17",,,"Exempt from Public Disclosure","Jackson",,,"Concentrate Processor, Extract Processor, Industrial Hemp"
"030-10086238042","Farmer's Friend Extracts","FARMER'S FRIEND EXTRACTS, LLC","RECREATIONAL PROCESSOR","No","2026-02-06","2027-02-05",,,"Exempt from Public Disclosure","Multnomah",,,"Edible Processor, Extract Processor, Industrial Hemp, Topical Processor"
"050-10052560FB5","Capitol Green Leaf","CAPITOL GREEN LEAF, LLC","RECREATIONAL RETAILER","No","2024-03-06","2026-03-05",,,"1890 CAPITOL ST NE SALEM OR  97301-7859","Marion",,,"Marijuana Home Delivery, Medical Marijuana Retailer"
"060-1022244A2C1","Lighthouse","LIGHTHOUSE INDUSTRIES INC","RECREATIONAL WHOLESALER","No","2025-11-07","2026-11-06",,,"Exempt from Public Disclosure","Multnomah",,,"Medical Marijuana Wholesaler"
"050-1016773ED2A","Nectar","NECTAR MARKETS, LLC","RECREATIONAL RETAILER","No","2026-03-13","2026-08-31",,,"11300 SW BULL MOUNTAIN RD TIGARD OR  97224-2758","Washington",,,"Marijuana Home Delivery, Medical Marijuana Retailer"
"050-1005285C05B","Nectar","NECTAR MARKETS, LLC","RECREATIONAL RETAILER","No","2026-03-13","2027-02-14",,,"9222 SE WOODSTOCK BLVD PORTLAND OR  97266-5263","Multnomah",,,"Marijuana Home Delivery, Medical Marijuana Retailer"
"060-10222636E8A","Milmar LLC","MILMAR LLC","RECREATIONAL WHOLESALER","No","2025-09-22","2026-09-21",,,"Exempt from Public Disclosure","Josephine",,,
"060-101844922E7","Movement Cannabis","OREGON RESOURCES MARKETING LLC / OREGON RESOURCES WHOLESALE LLC","RECREATIONAL WHOLESALER","No","2026-08-26","2027-03-16",,,"Exempt from Public Disclosure","Multnomah",,,"Medical Marijuana Wholesaler"
"050-10168108EB5","Rose Budz PDX","MSST HOLDINGS LLC","RECREATIONAL RETAILER","No","2026-05-21","2027-05-20",,,"2410 N MISSISSIPPI AVE PORTLAND OR  97227-1709","Multnomah",,,"Marijuana Home Delivery, Medical Marijuana Retailer"
"060-1022475ACAE","Cascade Cannabis Solutions","SOGO, INC.","RECREATIONAL WHOLESALER","No","2025-11-23","2026-11-22",,,"Exempt from Public Disclosure","Multnomah",,,"Medical Marijuana Wholesaler"
"050-10052863E43","Cannabis Corner","CANNABIS CORNER, LLC.","RECREATIONAL RETAILER","No","2026-02-21","2027-02-20",,,"5431 SE 72ND AVE PORTLAND OR  97206-5204","Multnomah",,,"Marijuana Home Delivery, Medical Marijuana Retailer"
"050-101338246B5","Top Hat Express","VERTA-GO VENTURES, LLC","RECREATIONAL RETAILER","Yes","2025-12-31","2026-02-18",,,"11916 SE 22ND AVE STE B, MILWAUKIE OR  97222-7823","Clackamas",,,
"060-10187515A49","Emerald Valley Wholesale","EMERALD VALLEY PROCESSORS LLC","RECREATIONAL WHOLESALER","No","2026-01-28","2027-01-27",,,"Exempt from Public Disclosure","Lane",,,"Medical Marijuana Wholesaler"
"060-10232485478","DoughBoyz Distro","BRITTLEEN INVESTMENTS, LLC","RECREATIONAL WHOLESALER","Yes","2025-08-19","2026-02-01","2025-08-19",,"Exempt from Public Disclosure","Multnomah",,,"Medical Marijuana Wholesaler"
"050-101386729BA","The Bud House","SEGRETO LLC","RECREATIONAL RETAILER","No","2026-01-07","2027-01-06",,,"115 NE 2ND ST ONTARIO OR  97914-2508","Malheur",,,
"060-10188510ECF","Gron Distro","GRON CHOCOLATE, LLC","RECREATIONAL WHOLESALER","Yes","2026-02-09","2027-02-27","2026-02-09",,"Exempt from Public Disclosure","Multnomah",,,
"060-102511067AE","TRDTNL MRKT, LLC","TRDTNL MRKT, LLC","RECREATIONAL WHOLESALER","No","2026-01-29","2027-01-28",,,"Exempt from Public Disclosure","Multnomah",,,
"050-101398626C5","Hall of Strains","305 COLLECTIVE, LLC","RECREATIONAL RETAILER","No","2026-07-15","2027-06-01",,,"2595 STATE ST SALEM OR  97301-5052","Marion",,,"Marijuana Home Delivery, Medical Marijuana Retailer"
"060-10188906AF7","Speedcutter LLC","SPEEDCUTTER LLC","RECREATIONAL WHOLESALER","No","2026-06-01","2027-05-31",,,"Exempt from Public Disclosure","Lane",,,"Medical Marijuana Wholesaler"
"060-10251244C8B","Cuellar Farms ","CUELLAR FARMS LLC","RECREATIONAL WHOLESALER","No","2026-10-09","2027-10-08",,,"Exempt from Public Disclosure","Washington",,,
"060-102540265B7","Hotbox","HOTBOX FARMS LLC","RECREATIONAL WHOLESALER","No",,"2027-01-29",,,"Exempt from Public Disclosure","Multnomah",,,
"050-10140566C3D","Electric Lettuce Damascus","GW RETAIL FZT DEKUM, INC.","RECREATIONAL RETAILER","No","2025-11-05","2026-11-04",,,"15252 SE HIGHWAY 224 STE B, DAMASCUS OR  97089-7834","Clackamas",,,"Marijuana Home Delivery, Medical Marijuana Retailer"
"030-10089920184","Nelson and Company Organics","G AND M MANUFACTURING LLC","RECREATIONAL PROCESSOR","No","2026-04-19","2027-04-18",,,"Exempt from Public Disclosure","Clackamas",,,"Concentrate Processor, Edible Processor"
"050-1005289B539","Buddha's Wellness Center LLC","BUDDHA'S WELLNESS CENTER LLC","RECREATIONAL RETAILER","Yes","2021-03-14","2025-03-13",,,"264 6TH ST PORT ORFORD OR  97465-9597","Curry",,,
"050-10140881D51","Electric Lettuce Kerns","GW RETAIL FZT MILWAUKIE, INC.","RECREATIONAL RETAILER","No","2026-06-23","2027-06-22",,,"2026 NE SANDY BLVD PORTLAND OR  97232-2818","Multnomah",,,"Marijuana Home Delivery, Medical Marijuana Retailer"
"030-1011824EB62","Northwest Oiltech","NORTHWEST SOILTECH LLC","RECREATIONAL PROCESSOR","No","2026-08-17","2027-08-16",,,"Exempt from Public Disclosure","Deschutes",,,"Concentrate Processor"
"050-1014115A716","Floyd's Fine Cannabis","BTE 3 LLC","RECREATIONAL RETAILER","No","2026-04-14","2027-06-03",,,"1602 N COLUMBIA BLVD PORTLAND OR  97217-6748","Multnomah",,,"Marijuana Home Delivery, Medical Marijuana Retailer"
"050-101702665A6","Elevation 2150","ONTARIO RETAIL LLC","RECREATIONAL RETAILER","No","2026-06-11","2027-06-10",,,"2876 SW 4TH AVE STE 1, ONTARIO OR  97914-1812","Malheur",,,"Medical Marijuana Retailer"
"060-1018934EE3D","Consensus OR, LLC","CONSENSUS OR, LLC","RECREATIONAL WHOLESALER","Yes","2024-07-08","2025-04-24","2024-07-09",,"Exempt from Public Disclosure","Clackamas",,,"Medical Marijuana Wholesaler"
"060-14148","TOP SHELF WHOLESALE","BB & G GROUP LLC","RECREATIONAL WHOLESALER","No","2026-05-21","2027-05-20",,,"Exempt from Public Disclosure","Jackson",,,"Medical Marijuana Wholesaler"
"050-10053314FB4","Cannasource","GIOVANNI'S INC","RECREATIONAL RETAILER","No","2026-03-06","2027-03-05",,,"309 SHIPPING ST NE SALEM OR  97301-6427","Marion",,,"Marijuana Home Delivery, Medical Marijuana Retailer"
"060-1019574BFDC","Full Bloom Distribution","FULL BLOOM DISTRIBUTION LLC","RECREATIONAL WHOLESALER","Yes","2025-06-10","2025-06-13","2025-06-10",,"Exempt from Public Disclosure","Washington",,,"Medical Marijuana Wholesaler"
"060-15739","541 Logistics","AJM CREATIVE CONCEPTS LLC","RECREATIONAL WHOLESALER","No","2026-06-25","2027-06-24",,,"Exempt from Public Disclosure","Jackson",,,
"050-1005582DBA5","Weedbucks","WEEDBUCKS, LLC","RECREATIONAL RETAILER","No","2026-05-06","2026-06-14",,,"437 S CENTRAL AVE MEDFORD OR  97501-7227","Jackson",,,"Medical Marijuana Retailer"
"060-1022120DA38","Southern Oregon House of Dank ","18247 REDWOOD HIGHWAY LLC","RECREATIONAL WHOLESALER","No","2025-10-18","2026-10-17",,,"Exempt from Public Disclosure","Josephine",,,
"060-21453","Mule Wholesale","JAWC, INC","RECREATIONAL WHOLESALER","No","2025-11-24","2026-11-23",,,"Exempt from Public Disclosure","Clackamas",,,
"050-10056731BDF","green stop meds","GSM CONSULTING LLC","RECREATIONAL RETAILER","Yes","2023-04-03","2024-04-02",,,"17030 SE MCLOUGHLIN BLVD PORTLAND OR  97267-4960","Clackamas",,,
"060-10221510C21","Diamond Elite LLC","DIAMOND ELITE LLC","RECREATIONAL WHOLESALER","Yes","2026-06-12","2026-09-21","2026-06-12",,"Exempt from Public Disclosure","Josephine",,,
"060-22103","Eastern Oregon Distribution","POWDER RIVER INDUSTRIES LLC","RECREATIONAL WHOLESALER","No","2026-08-03","2026-12-18",,,"Exempt from Public Disclosure","Baker",,,"Medical Marijuana Wholesaler"
"050-1005805038C","Sweet Relief Scappoose","G. O. ENTERPRISES LLC","RECREATIONAL RETAILER","No","2026-03-24","2027-03-23",,,"52515 COLUMBIA RIVER HWY SCAPPOOSE OR  97056","Columbia",,,"Marijuana Home Delivery, Medical Marijuana Retailer"
"060-10223304404","Epic Wholesale ","EPIC FLOWER LLC","RECREATIONAL WHOLESALER","No","2025-10-14","2026-10-13",,,"Exempt from Public Disclosure","Linn",,,
"060-22347","Elite Hub Corp","ELITE HUB CORP","RECREATIONAL WHOLESALER","No","2026-03-12","2027-01-04",,,"Exempt from Public Disclosure","Jackson",,,
"060-5824","Green Oasis Cannabis Dispensary (Wholesaler)","GO RETAIL GROUP LLC","RECREATIONAL WHOLESALER","No","2025-12-24","2026-10-01",,,"Exempt from Public Disclosure","Multnomah",,,
"050-1005889ADB7","Nectar","NECTAR MARKETS, LLC","RECREATIONAL RETAILER","No",,"2026-09-07",,,"9127 SE STARK ST PORTLAND OR  97216-1637","Multnomah",,,"Marijuana Home Delivery, Medical Marijuana Retailer"
"060-10223304404","Epic Wholesale ","EPIC FLOWER LLC","RECREATIONAL WHOLESALER","No","2026-10-14","2027-10-13",,,"Exempt from Public Disclosure","Linn",,,
"330-1047947IHH","FSOIL LLC","FSOIL LLC","HEMP HANDLER CERTIFICATE","Yes","2025-03-12","2026-03-11",,,"Exempt from Public Disclosure","Clackamas",,,
"050-10060518DA7","Wild West Emporium","WILD WEST EMPORIUM - MOLALLA - OREGON CITY, INC","RECREATIONAL RETAILER","Yes","2023-08-29","2024-08-28",,,"222 MOLALLA AVE OREGON CITY OR  97045-2630","Clackamas",,,"Marijuana Home Delivery, Medical Marijuana Retailer"
"060-10235003E82","Ontario Distribution","ONTARIO DISTRIBUTION, LLC","RECREATIONAL WHOLESALER","No","2026-05-01","2027-04-30",,,"Exempt from Public Disclosure","Malheur",,,"Medical Marijuana Wholesaler"
"330-1049331IHH","Eek Inc","EEK INC","HEMP HANDLER CERTIFICATE","No","2024-04-28","2025-04-27",,,"Exempt from Public Disclosure","Jackson",,,
"050-1006105BAF2","Green Box","GREEN BOX, LLC.","RECREATIONAL RETAILER","Yes","2025-01-28","2025-07-13","2025-01-28",,"783 S BROADWAY COOS BAY OR  97420-1541","Multnomah",,,"Marijuana Home Delivery, Medical Marijuana Retailer"
"060-10238735D8F","trinity group ","TRINITY GROUP LLC","RECREATIONAL WHOLESALER","No","2025-09-22","2026-09-21",,,"Exempt from Public Disclosure","Jackson",,,
"330-1058115IHH","Northwest Natural Goods LLC","NORTHWEST NATURAL GOODS LLC","HEMP HANDLER CERTIFICATE","No","2026-04-10","2027-04-09",,,"Exempt from Public Disclosure","Clackamas",,,
"050-1006107BBE8","Oasis Cannabis","DISPENSERVE, LLC","RECREATIONAL RETAILER","No","2026-05-15","2027-05-14",,,"221 MAIN ST E MONMOUTH OR  97361-2240","Polk",,,"Marijuana Home Delivery, Medical Marijuana Retailer"
"060-1024583DA8A","Humble","HUMBLE1 LLC","RECREATIONAL WHOLESALER","Yes","2025-04-14","2025-08-30",,,"Exempt from Public Disclosure","Jackson",,,
"330-1065477IHH","Florascience Inc.","FLORASCIENCE INC.","HEMP HANDLER CERTIFICATE","Yes","2025-08-28","2026-08-27",,"01823030-8","Exempt from Public Disclosure","Clackamas",,,
"050-100697186A7","Thur's Smoke Shop","THUR'S SMOKE SHOP LLC","RECREATIONAL RETAILER","No","2026-08-28","2027-08-27",,,"502 SE 16TH ST PENDLETON OR  97801-3210","Umatilla",,,"Marijuana Home Delivery, Medical Marijuana Retailer"
"060-1025600BBEC","Moontower Pines","MOONTOWER PINES LLC","RECREATIONAL WHOLESALER","No","2026-02-16","2027-02-15",,,"Exempt from Public Disclosure","Clackamas",,,
"330-1074988IHH","True Origins LLC","TRUE ORIGINS LLC","HEMP HANDLER CERTIFICATE","Yes","2024-08-09","2025-08-08",,,"Exempt from Public Disclosure","Clackamas",,,
"050-1007207EDB9","La Mota","LA MOTA FOREST GROVE LLC","RECREATIONAL RETAILER","No","2026-07-27","2027-07-26",,,"3139 PACIFIC AVE FOREST GROVE OR  97116-1802","Washington",,,"Marijuana Home Delivery, Medical Marijuana Retailer"
"060-13215","Nexus Distro LLC","NEXUS DISTRO LLC","RECREATIONAL WHOLESALER","No","2026-06-17","2027-04-30",,,"Exempt from Public Disclosure","Clatsop",,,
"330-1079633IHH","Simply Sol LLC","SIMPLY SOL LLC","HEMP HANDLER CERTIFICATE","No","2026-05-16","2027-05-15",,,"Exempt from Public Disclosure","Clackamas",,,
"050-1007465E4E4","Hyroot Organics","STAPLETON ONE LLC","RECREATIONAL RETAILER","No","2025-01-25","2026-01-24",,,"52410 RIVER PINE RD LA PINE OR  97739-8906","Deschutes",,,"Marijuana Home Delivery, Medical Marijuana Retailer"
"060-14493","Calyx Wholesale ","THUROW PRODUCTIONS LLC","RECREATIONAL WHOLESALER","No","2026-05-28","2027-05-27",,,"Exempt from Public Disclosure","Columbia",,,"Medical Marijuana Wholesaler"
"330-1081825IHH","NW Distribution LLC","NW DISTRIBUTION LLC","HEMP HANDLER CERTIFICATE","Yes","2024-02-09","2025-02-08",,,"Exempt from Public Disclosure","Clackamas",,,
"330-1087167IHH","TGH Enterprises LLC","TGH ENTERPRISES LLC","HEMP HANDLER CERTIFICATE","Yes","2023-08-09","2024-08-08",,,"Exempt from Public Disclosure","Clackamas",,,
"050-100807035DC","King Kannabis","KING KANNABIS LLC","RECREATIONAL RETAILER","No","2026-03-29","2027-03-28",,,"1544 NEWMARK AVE COOS BAY OR  97420-2914","Coos",,,"Marijuana Home Delivery, Medical Marijuana Retailer"
"060-15383","Rogue River Family Farms Wholesale","ROGUE RIVER FAMILY FARMS LLC","RECREATIONAL WHOLESALER","No","2026-06-17","2027-06-16",,,"Exempt from Public Disclosure","Josephine",,,
"330-15377","JAWCBD Inc","JAWC, INC","HEMP HANDLER CERTIFICATE","Yes","2025-06-04","2026-06-03",,,"Exempt from Public Disclosure","Clackamas",,,
"050-10081197FAB","Nectar","NECTAR MARKETS, LLC","RECREATIONAL RETAILER","No","2026-08-21","2027-06-14",,,"8705 SW HALL BLVD BEAVERTON OR  97008-6410","Washington",,,"Marijuana Home Delivery, Medical Marijuana Retailer"
"060-16874","Oregon Cannabis Authorities","PORTLAND CANNABIS AUTHORITIES LLC","RECREATIONAL WHOLESALER","No","2026-07-22","2027-07-21",,,"Exempt from Public Disclosure","Clatsop",,,
"330-19635","East Fork Hemp","EAST FORK HEMP LLC","HEMP HANDLER CERTIFICATE","No","2025-10-02","2026-10-01",,,"Exempt from Public Disclosure","Multnomah",,,
"050-10082411AE5","The Dime Store ","FIRE CANNABIS, INC.","RECREATIONAL RETAILER","No","2026-07-30","2027-07-29",,,"3210 N LOMBARD ST PORTLAND OR  97217-1206","Multnomah",,,
"060-17217","slims holding llc","SLIMS HOLDING, LLC","RECREATIONAL WHOLESALER","No","2026-07-30","2027-07-29",,,"Exempt from Public Disclosure","Jackson",,,
"330-28710","Lumi Labs HQ","LUMI LABS INC","HEMP HANDLER CERTIFICATE","No","2026-05-21","2027-05-20",,,"Exempt from Public Disclosure","Multnomah",,,
"050-100869451F2","Livewell Dispensary","LIVEWELL INC","RECREATIONAL RETAILER","No","2026-04-20","2027-04-19",,,"1522 BROADWAY ST NE SALEM OR  97301-0506","Marion",,,"Marijuana Home Delivery, Medical Marijuana Retailer"
"060-20593","Apco, LLC","APCO, LLC","RECREATIONAL WHOLESALER","No","2026-05-07","2026-11-02",,,"Exempt from Public Disclosure","Deschutes",,,"Medical Marijuana Wholesaler"
"330-4785","Laila Flower","EASYCO MARKETING LLC","HEMP HANDLER CERTIFICATE","Yes","2024-08-09","2025-08-08",,,"Exempt from Public Disclosure","Multnomah",,,
"050-1009127E8AF","PottonMouth Retail Cannabis","POTTONMOUTH LLC / LAUGHING HEAD LLC","RECREATIONAL RETAILER","Yes","2024-05-11","2025-05-10",,,"950 SE SHERIDAN RD SHERIDAN OR  97378-1913","Yamhill",,,"Marijuana Home Delivery, Medical Marijuana Retailer"
"060-20593","Apco, LLC","APCO, LLC","RECREATIONAL WHOLESALER","No","2026-11-03","2027-11-02",,,"Exempt from Public Disclosure","Deschutes",,,"Medical Marijuana Wholesaler"
"050-1009200822A","Cafe Verde","CAFE VERDE LLC","RECREATIONAL RETAILER","No","2026-03-06","2027-03-05",,,"2455 ROGUE RIVER HWY GRANTS PASS OR  97527-4634","Josephine",,,"Marijuana Home Delivery, Medical Marijuana Retailer"
"060-21134","Reup Wholesale","MINT SOLUTIONS LLC","RECREATIONAL WHOLESALER","No","2026-11-15","2027-11-14",,,"Exempt from Public Disclosure","Washington",,,
"050-101748151E2","Trees Oregon, LLC","TREES OREGON, LLC","RECREATIONAL RETAILER","Yes","2025-03-27","2026-01-03","2025-03-27",,"1016 SW CLAY ST PORTLAND OR  97201-3419","Multnomah",,,"Marijuana Home Delivery, Medical Marijuana Retailer"
"030-1013480EA81","TrueCare Farms","TRUECARE, INC.","RECREATIONAL PROCESSOR","No","2026-05-02","2027-05-01",,,"Exempt from Public Disclosure","Jackson",,,"Concentrate Processor, Industrial Hemp, Topical Processor"
"050-1014530D0F6","Electric Lettuce Old Town","GW RETAIL NW COUCH, INC.","RECREATIONAL RETAILER","No","2026-05-29","2027-05-28",,,"214 NW COUCH ST PORTLAND OR  97209-3919","Multnomah",,,"Marijuana Home Delivery, Medical Marijuana Retailer"
"050-1009465D34F","Preserve Oregon","PRESERVE OREGON CORP","RECREATIONAL RETAILER","No","2025-09-19","2026-09-18",,,"1201 COMMERCIAL ST SE SALEM OR  97302-4203","Marion",,,"Marijuana Home Delivery, Medical Marijuana Retailer"
"060-22228","Abstract Wholesale","ABSTRACT EXTRACTS LLC","RECREATIONAL WHOLESALER","No","2025-12-28","2026-12-27",,,"Exempt from Public Disclosure","Lane",,,"Medical Marijuana Wholesaler"
"050-10175503366","Nectar","NECTAR MARKETS, LLC","RECREATIONAL RETAILER","No","2026-03-13","2026-11-18",,,"10201 SE 82ND AVE HAPPY VALLEY OR  97086-2307","Clackamas",,,"Marijuana Home Delivery, Medical Marijuana Retailer"
"050-1017560D988","Canna Leaf Eugene Inc.","CANNA LEAF EUGENE INC","RECREATIONAL RETAILER","No","2025-09-29","2026-09-28",,,"485 E BROADWAY EUGENE OR  97401-3307","Lane",,,"Marijuana Home Delivery, Medical Marijuana Retailer"
"030-1014647DE28","Blue Collar","AGROTEK, LLC","RECREATIONAL PROCESSOR","No","2026-01-07","2027-01-06",,,"Exempt from Public Disclosure","Deschutes",,,"Concentrate Processor, Edible Processor, Extract Processor, Industrial Hemp, Medical Marijuana Processor, Topical Processor"
"050-1014898CB9E","Green Lion ","MISS ORGANIC LLC","RECREATIONAL RETAILER","No","2026-06-22","2027-06-21",,,"1760 VIRGINIA AVE NORTH BEND OR  97459-2346","Coos",,,"Marijuana Home Delivery, Medical Marijuana Retailer"
"050-10100114EFC","Nectar","NECTAR MARKETS, LLC","RECREATIONAL RETAILER","No","2026-03-13","2027-02-05",,,"4709 SW BEAVERTON HILLSDALE HWY PORTLAND OR  97221-2911","Multnomah",,,"Marijuana Home Delivery, Medical Marijuana Retailer"
"060-23465","Gron Distro","GRON CHOCOLATE, LLC","RECREATIONAL WHOLESALER","No","2026-04-20","2027-02-08",,,"Exempt from Public Disclosure","Multnomah",,,"Medical Marijuana Wholesaler"
"050-1015197A5ED","Eden","HAH OREGON, LLC","RECREATIONAL RETAILER","Yes","2024-08-15","2024-09-16",,,"4618 PORTLAND RD NE STE 110, SALEM OR  97305-1657","Marion",,,"Marijuana Home Delivery, Medical Marijuana Retailer"
"030-10147527B64","Cura Cannabis Solutions","CURA CS, LLC","RECREATIONAL PROCESSOR","Yes","2024-02-03","2025-02-02",,,"Exempt from Public Disclosure","Multnomah",,,"Concentrate Processor, Edible Processor, Extract Processor, Industrial Hemp, Topical Processor"
"050-10183821921","Mood","LEKCINTON INC","RECREATIONAL RETAILER","Yes","2025-04-25","2026-04-24",,,"80 RIVER LOOP 2 STE A, EUGENE OR  97404-3511","Lane",,,
"050-10104115CC6","Nebula Cannabis","HARAMKHOR LLC","RECREATIONAL RETAILER","No","2026-04-05","2027-04-04",,,"11605 SE POWELL BLVD PORTLAND OR  97266-1631","Multnomah",,,"Marijuana Home Delivery, Medical Marijuana Retailer"
"060-24935","FeiTech Lighting Solutions LLC wholesale","FEITECH LIGHTING SOLUTIONS LLC","RECREATIONAL WHOLESALER","No","2026-03-30","2027-03-29",,,"Exempt from Public Disclosure","Jackson",,,
"050-101554369CB","Home Grown Apothecary","BLUE HERITAGE, LLC.","RECREATIONAL RETAILER","Yes","2024-10-01","2024-10-03","2024-10-01",,"1937 NE PACIFIC ST PORTLAND OR  97232-2211","Multnomah",,,
"030-1014972D544","River Grown","RIVER GROWN LLC","RECREATIONAL PROCESSOR","Yes","2026-06-25","2027-04-06","2026-06-25",,"Exempt from Public Disclosure","Jackson",,,"Concentrate Processor"
"050-10188845BB4","Cannabis Liquidation Outlet","LONDON PARTNERS LLC","RECREATIONAL RETAILER","No","2026-07-08","2026-08-02",,,"924 S CENTRAL AVE STE 3, MEDFORD OR  97501-7800","Jackson",,,"Marijuana Home Delivery, Medical Marijuana Retailer"
"050-101048392D3","Plus Dispensary ","GAZA LLC","RECREATIONAL RETAILER","No","2025-12-03","2026-12-02",,,"45 NE 122ND AVE PORTLAND OR  97230-2101","Multnomah",,,"Medical Marijuana Retailer"
"060-26839","The Storehouse","BERYL INDUSTRIES LLC","RECREATIONAL WHOLESALER","No","2026-05-07","2027-05-06",,,"Exempt from Public Disclosure","Lane",,,
"050-10162085768","High Tide Wellness Center LLC.","HIGH TIDE WELLNESS CENTER LLC","RECREATIONAL RETAILER","No","2026-03-15","2027-03-14",,,"1105 CHETCO AVE BROOKINGS OR  97415","Curry",,,"Marijuana Home Delivery, Medical Marijuana Retailer"
"030-1015940660C","Swell Companies Limited","WEEDMART LLC","RECREATIONAL PROCESSOR","Yes","2026-04-27","2027-02-16","2026-04-27",,"Exempt from Public Disclosure","Multnomah",,,"Processing for Cardholders, Concentrate Processor, Edible Processor, Extract Processor, Industrial Hemp, Medical Marijuana Processor, Topical Processor"
"050-1018900DA30","Cannabis Liquidation Outlet","LONDON PARTNERS LLC","RECREATIONAL RETAILER","No","2026-07-18","2027-07-17",,,"1355 S MAIN ST LEBANON OR  97355-3101","Linn",,,"Marijuana Home Delivery, Medical Marijuana Retailer"
"050-1010496F611","Today's Herbal Choice Barbur, LLC","TODAY'S HERBAL CHOICE BARBUR, LLC","RECREATIONAL RETAILER","Yes","2026-06-18","2027-04-18","2026-06-18",,"9220 SW BARBUR BLVD STE 107, PORTLAND OR  97219-5433","Multnomah",,,"Medical Marijuana Retailer"
"060-28556","Pressure PDX LLC","PRESSURE PDX LLC","RECREATIONAL WHOLESALER","No","2026-06-13","2027-06-12",,,"Exempt from Public Disclosure","Multnomah",,,
"050-10167704EF2","Nectar","NECTAR MARKETS, LLC","RECREATIONAL RETAILER","No","2026-03-13","2027-02-01",,,"4711 SW BEAVERTON HILLSDALE HWY PORTLAND OR  97221-2911","Multnomah",,,"Marijuana Home Delivery, Medical Marijuana Retailer"
"030-10164020193","AVALON 10 EXTRACTS","AVALON 10, LLC","RECREATIONAL PROCESSOR","No","2026-07-02","2026-03-10",,,"Exempt from Public Disclosure","Jackson",,,"Concentrate Processor, Edible Processor, Industrial Hemp"
"030-10164066FFB","HOTBOX FARMS LLC","HOTBOX FARMS LLC","RECREATIONAL PROCESSOR","No","2026-06-29","2027-06-28",,,"Exempt from Public Disclosure","Malheur",,,"Concentrate Processor, Edible Processor, Industrial Hemp, Medical Marijuana Processor, Topical Processor"
"050-10190292D44","La Mota","LONDON PARTNERS LLC","RECREATIONAL RETAILER","No","2026-08-03","2027-08-02",,,"12015 SE STARK ST PORTLAND OR  97216-3765","Multnomah",,,"Marijuana Home Delivery, Medical Marijuana Retailer"
"050-1010724DE65","Green Knottz Madras","GKE, LLC","RECREATIONAL RETAILER","No","2025-10-17","2026-10-16",,,"108 SW D ST STE A, MADRAS OR  97741-1318","Jefferson",,,
"060-31493","SKS","TTF CONSULTING LLC","RECREATIONAL WHOLESALER","No","2026-08-28","2027-08-27",,,"Exempt from Public Disclosure","Yamhill",,,
"050-1016773ED2A","Nectar","NECTAR MARKETS, LLC","RECREATIONAL RETAILER","No","2026-09-01","2027-08-31",,,"11300 SW BULL MOUNTAIN RD TIGARD OR  97224-2758","Washington",,,"Marijuana Home Delivery, Medical Marijuana Retailer"
"030-1017180EBEA","PB Industries, LLC","PB INDUSTRIES, LLC","RECREATIONAL PROCESSOR","Yes","2025-04-21","2025-03-08","2025-04-21",,"Exempt from Public Disclosure","Clackamas",,,"Concentrate Processor, Extract Processor, Industrial Hemp"
"050-1022022C2C4","Smokelore","VERDANT VENTURES LLC","RECREATIONAL RETAILER","Yes","2025-05-20","2025-12-07","2025-05-20",,"580 SW TWIN OAKS CIR CORVALLIS OR  97333-1115","Deschutes",,,"Marijuana Home Delivery, Medical Marijuana Retailer"
"050-101105215C0","Mongoose Cannabis","NAVI, INC.","RECREATIONAL RETAILER","No","2026-06-12","2027-06-11",,,"3123 SE BELMONT ST PORTLAND OR  97214-4028","Multnomah",,,"Marijuana Home Delivery, Medical Marijuana Retailer"
"060-3825","Heights Ops LLC","HEIGHTS OPS LLC","RECREATIONAL WHOLESALER","Yes","2026-01-29","2026-07-07","2026-01-29",,"Exempt from Public Disclosure","Multnomah",,,
"050-10169465DE0","Floyd's ","BTE 5 LLC","RECREATIONAL RETAILER","No","2026-04-14","2027-02-22",,,"10561 SE DIVISION ST PORTLAND OR  97266-1238","Multnomah",,,"Marijuana Home Delivery, Medical Marijuana Retailer"
"030-10174675544","Dynamic Processors ","CELESTIAL RAVEN INC.","RECREATIONAL PROCESSOR","Yes","2023-07-01","2024-06-30",,,"Exempt from Public Disclosure","Lane",,,"Concentrate Processor, Edible Processor, Industrial Hemp, Topical Processor"
"050-1022326C5A9","Trap Boys","TRAP BOYS, LLC","RECREATIONAL RETAILER","Yes","2025-03-26","2026-01-04","2025-03-26",,"4565 NE 60TH AVE PORTLAND OR  97218-2606","Multnomah",,,"Marijuana Home Delivery, Medical Marijuana Retailer"
"050-10112435901","Deanz Greenz","GREEN FEATHER LLC","RECREATIONAL RETAILER","No","2025-11-30","2026-11-29",,,"14154 SE DIVISION ST PORTLAND OR  97236-2629","Multnomah",,,"Medical Marijuana Retailer"
"060-3877","Ka Cha Wholesale","KA CHA WHOLESALE COMPANY","RECREATIONAL WHOLESALER","No","2026-07-18","2027-07-17",,,"Exempt from Public Disclosure","Multnomah",,,
"050-10170433A1A","High Desert Flower - The Dispensary","HIGH DESERT FLOWER, INC.","RECREATIONAL RETAILER","No","2026-06-02","2027-06-01",,,"1250 S 12TH ST LAKEVIEW OR  97630-1964","Lake",,,"Marijuana Home Delivery, Medical Marijuana Retailer"
"030-101821223D7","LT Industries LLC","LT INDUSTRIES LLC","RECREATIONAL PROCESSOR","Yes","2025-04-14","2026-03-10",,,"Exempt from Public Disclosure","Lane",,,"Concentrate Processor"
"050-1022344EC85","Kingston Cannabis Company","KINGSTON CANNABIS COMPANY LLC","RECREATIONAL RETAILER","No","2026-08-24","2026-11-06",,,"2366 ASHLAND ST ASHLAND OR  97520-1410","Jackson",,,"Marijuana Home Delivery, Medical Marijuana Retailer"
"050-1011666F84B","Urban Canna Apothecary ","JT DELANGE LLC","RECREATIONAL RETAILER","No","2026-11-10","2027-11-09",,,"1815 MAIN ST STE A SPRINGFIELD OR  97477-5012","Lane",,,"Marijuana Home Delivery, Medical Marijuana Retailer"
"060-5453","Culture Distribution, Inc.","CULTURE DISTRIBUTION INC.","RECREATIONAL WHOLESALER","No","2026-09-23","2027-09-22",,,"Exempt from Public Disclosure","Multnomah",,,"Medical Marijuana Wholesaler"
"050-10171352370","The Herb Center","THC RETAIL LLC","RECREATIONAL RETAILER","Yes","2025-09-05","2026-07-19","2025-09-05",,"921 7TH ST OREGON CITY OR  97045-2325","Clackamas",,,"Marijuana Home Delivery, Medical Marijuana Retailer"
"050-10174595F3A","Substance","BLOOM WELL INC","RECREATIONAL RETAILER","No","2025-10-07","2026-10-06",,,"3425 CRATER LAKE HWY MEDFORD OR  97504-9292","Jackson",,,"Marijuana Home Delivery, Medical Marijuana Retailer"
"030-10208572068","Grow the Revolution","EBCSSC LLC","RECREATIONAL PROCESSOR","Yes","2024-10-22","2025-08-31","2024-11-01",,"Exempt from Public Disclosure","Polk",,,"Industrial Hemp"
"060-6914","GROOVE ORGANIZATION LLC","GROOVE ORGANIZATION LLC","RECREATIONAL WHOLESALER","Yes","2025-01-27","2025-10-30",,,"Exempt from Public Disclosure","Clackamas",,,"Wholesaler For Hire Trimming"
"050-1011795F274","Nectar Markets, LLC","NECTAR MARKETS, LLC","RECREATIONAL RETAILER","No","2026-05-05","2027-05-04",,,"1624 NE 181ST AVE PORTLAND OR  97230-6723","Multnomah",,,"Marijuana Home Delivery, Medical Marijuana Retailer"
"050-10233096850","The Cannabis Shop","TNTT CORPORATION","RECREATIONAL RETAILER","No","2026-01-23","2027-01-22",,,"37575 CENTURY DR NE ALBANY OR  97322-7455","Linn",,,"Marijuana Home Delivery, Medical Marijuana Retailer"
"050-1017674D3AA","Parlour Cannabis","THC RETAIL LLC","RECREATIONAL RETAILER","Yes","2025-09-05","2025-10-12","2025-09-05",,"4702 SW SCHOLLS FERRY RD PORTLAND OR  97225-1667","Washington",,,"Marijuana Home Delivery, Medical Marijuana Retailer"
"030-1022607C012","New Frontier LLC","NEW FRONTIER LLC","RECREATIONAL PROCESSOR","Yes","2025-12-22","2025-12-28","2025-12-28",,"Exempt from Public Disclosure","Deschutes",,,"Concentrate Processor, Extract Processor"
"060-8556","SRL Group, LLC","SRL GROUP, LLC","RECREATIONAL WHOLESALER","No","2025-12-17","2026-12-16",,"01792428-5","Exempt from Public Disclosure","Jackson",,,
"050-101185528BE","Mr. Nice Guy Retail","MNG HOLDINGS, LLC","RECREATIONAL RETAILER","Yes","2025-06-17","2026-02-03","2025-06-17","0173815 93","38498 MCKENZIE HWY SPRINGFIELD OR  97478-8678","Marion",,,"Marijuana Home Delivery, Medical Marijuana Retailer"
"050-1023355C084","Herban LLC","HERBAN LLC","RECREATIONAL RETAILER","No","2026-04-03","2027-04-02",,,"1034 SE 122ND AVE PORTLAND OR  97233-1110","Multnomah",,,"Marijuana Home Delivery, Medical Marijuana Retailer"
"050-1017716E529","ABCCoop1","EEK INC","RECREATIONAL RETAILER","Yes","2024-06-17","2024-09-15","2024-06-17",,"633 MARKET ST MEDFORD OR  97504-6162","Jackson",,,
"030-10229496F53","Bubble's Hash","CASALA LLC","RECREATIONAL PROCESSOR","No","2026-05-23","2027-05-22",,,"Exempt from Public Disclosure","Multnomah",,,"Concentrate Processor, Edible Processor, Industrial Hemp, Topical Processor"
"330-1051568IHH","GET Agriculture LLC","GET AGRICULTURE LLC","HEMP HANDLER CERTIFICATE","Yes","2023-12-27","2024-12-26",,,"Exempt from Public Disclosure","Clackamas",,,
"050-1012077A338","Old School Bliss","OLD SCHOOL BLISS LLC","RECREATIONAL RETAILER","No","2025-12-30","2026-12-29",,,"2090 OLYMPIC ST UNIT D, SPRINGFIELD OR  97477-3406","Lane",,,"Marijuana Home Delivery, Medical Marijuana Retailer"
"050-102343185D0","LTRMN Direct","LTRMN INC","RECREATIONAL RETAILER","Yes","2025-07-10","2026-04-19","2025-07-10",,"17030 SE MCLOUGHLIN BLVD PORTLAND OR  97267-4960","Multnomah",,,"Marijuana Home Delivery, Medical Marijuana Retailer"
"050-101796000AF","Nectar; Nectar Markets","NECTAR MARKETS, LLC","RECREATIONAL RETAILER","No","2026-03-13","2026-12-06",,,"162 NE BEACON DR GRANTS PASS OR  97526-4260","Josephine",,,"Marijuana Home Delivery, Medical Marijuana Retailer"
"030-1023252CE81","Eugreen Extracts","EUGREEN EXTRACTS, LLC","RECREATIONAL PROCESSOR","No","2026-02-23","2027-02-22",,,"Exempt from Public Disclosure","Lane",,,"Concentrate Processor"
"330-1068967IHH","GXO, INCORPORATED","GXO, INCORPORATED","HEMP HANDLER CERTIFICATE","Yes","2023-09-08","2024-09-07",,,"Exempt from Public Disclosure","Clackamas",,,
"050-1012475B14E","Emerald Triangle Dispensary","EMERALD FIELDS, INC.","RECREATIONAL RETAILER","Yes","2025-06-24","2025-12-29","2025-06-24",,"838 PACIFIC BLVD SE ALBANY OR  97321-3207","Linn",,,"Marijuana Home Delivery, Medical Marijuana Retailer"
"050-1023643163D","Joint Venture Cannabis","EHC HOLDINGS LLC","RECREATIONAL RETAILER","Yes","2026-04-06","2026-07-04","2026-01-27",,"1111 WILLAMETTE ST EUGENE OR  97401-3512","Lane",,,"Marijuana Home Delivery, Medical Marijuana Retailer"
"030-10235992B4B","Verde Extracts","VO ALLIANCE MANUFACTURING, LLC","RECREATIONAL PROCESSOR","Yes","2025-02-21","2025-07-09","2025-02-21",,"Exempt from Public Disclosure","Lane",,,"Concentrate Processor, Edible Processor, Industrial Hemp, Medical Marijuana Processor, Topical Processor"
"050-1018661FB12","SnugZ","HAWKIE LLC","RECREATIONAL RETAILER","Yes","2026-07-07","2027-02-16","2026-07-07",,"4075 NE THREE MILE LN MCMINNVILLE OR  97128-9405","Lane",,,"Marijuana Home Delivery, Medical Marijuana Retailer"
"050-10237673BCC","WeedAgain","TRI CONSULTING & PROPERTIES LLC","RECREATIONAL RETAILER","No","2026-05-12","2027-05-11",,,"2674 BROADWAY AVE NORTH BEND OR  97459-2214","Coos",,,"Marijuana Home Delivery, Medical Marijuana Retailer"
"330-1087896IHH","La Planti LLC","LA PLANTI LLC","HEMP HANDLER CERTIFICATE","Yes","2024-11-02","2025-11-01",,,"Exempt from Public Disclosure","Clackamas",,,
"050-10127857D22","Cannabis & Glass","NXNW RETAIL OREGON, LLC","RECREATIONAL RETAILER","No","2025-12-11","2026-12-10",,,"182 EAST LN S ONTARIO OR  97914-3011","Malheur",,,
"030-1023754B23E","RN Holdings LLC","RN HOLDINGS LLC","RECREATIONAL PROCESSOR","No","2025-07-14","2026-07-13",,,"Exempt from Public Disclosure","Clackamas",,,"Concentrate Processor, Edible Processor, Industrial Hemp, Medical Marijuana Processor, Topical Processor"
"050-101869530C3","The Green Remedy","HIGH DESERT FLOWER, INC.","RECREATIONAL RETAILER","No","2026-08-20","2027-04-06",,,"12436 SE POWELL BLVD PORTLAND OR  97236-3434","Multnomah",,,"Marijuana Home Delivery, Medical Marijuana Retailer"
"050-10238567E69","Love Buzz","THE SESSION LLC","RECREATIONAL RETAILER","No","2026-04-28","2027-04-27",,,"6802 NE BROADWAY PORTLAND OR  97213-5336","Multnomah",,,"Marijuana Home Delivery, Medical Marijuana Retailer"
"330-16875","SRL Group, LLC","SRL GROUP, LLC","HEMP HANDLER CERTIFICATE","No","2025-07-23","2026-07-17",,"01792428-5","Exempt from Public Disclosure","Jackson",,,
"050-101323878C8","Cola Cove","GW RETAIL PACIFIC HIGHWAY, INC.","RECREATIONAL RETAILER","No","2026-04-17","2026-12-13",,,"13553 SW PACIFIC HWY TIGARD OR  97223-4832","Washington",,,"Marijuana Home Delivery, Medical Marijuana Retailer"
"030-102378594C2","Bobsled Farms LLC","BOBSLED FARMS LLC","RECREATIONAL PROCESSOR","No","2026-05-02","2027-05-01",,,"Exempt from Public Disclosure","Jackson",,,"Concentrate Processor, Edible Processor, Topical Processor"
"050-1018699F5C5","World Famous Top Shelf Cannabis","SMART CHOICE INVESTMENTS LLC / STEFAN J MIHALIAK","RECREATIONAL RETAILER","No","2026-02-12","2027-02-16",,,"3521 HIGHWAY 101 N GEARHART OR  97138-4319","Clatsop",,,"Marijuana Home Delivery, Medical Marijuana Retailer"
"050-10239351C35","The Canna Shoppe","LUCKY PIYAO LLC","RECREATIONAL RETAILER","No","2026-07-07","2027-07-06",,,"925 N ANCHOR WAY PORTLAND OR  97217-7584","Multnomah",,,"Marijuana Home Delivery, Medical Marijuana Retailer"
"330-17215","True Origins LLC","BULK NATURAL LLC","HEMP HANDLER CERTIFICATE","No","2026-07-22","2027-07-21",,,"Exempt from Public Disclosure","Clackamas",,,
"050-10137563D3B","The Green Planet","THE GREEN PLANET, INC.","RECREATIONAL RETAILER","No","2026-08-03","2027-08-02",,,"21600 SW TUALATIN VALLEY HWY BEAVERTON OR  97003-1347","Washington",,,"Marijuana Home Delivery, Medical Marijuana Retailer"
"030-1024579CBBC","Humble","HUMBLE1 LLC","RECREATIONAL PROCESSOR","No","2026-03-05","2026-08-30",,,"Exempt from Public Disclosure","Josephine",,,"Concentrate Processor"
"050-10187941F4A","Coastal Craft Cannabis","CCC HOLDING COMPANY LLC","RECREATIONAL RETAILER","No","2026-02-10","2027-02-09",,,"200 N ROOSEVELT DR SEASIDE OR  97138-6844","Clatsop",,,
"050-10244898359","The Flower Room","THE FLOWER ROOM LLC","RECREATIONAL RETAILER","No","2025-09-14","2026-09-13",,,"64619 HIGHWAY 20 BEND OR  97703-9938","Deschutes",,,"Marijuana Home Delivery, Medical Marijuana Retailer"
"030-102487936ED","Big Blue Box","BIG BLUE BOX, LLC","RECREATIONAL PROCESSOR","No","2025-11-06","2026-11-05",,,"Exempt from Public Disclosure","Columbia",,,"Concentrate Processor, Edible Processor, Extract Processor, Topical Processor"
"050-1018839C34B","Emerald Triangle Dispensary","ETD ENTERPRISES, INC","RECREATIONAL RETAILER","Yes","2025-06-12","2025-06-20","2025-06-12",,"5022 TABLE ROCK RD STE A, MEDFORD OR  97502-3226","Jackson",,,
"050-10248989E6D","Smooth Roots Greeley","SR OREGON GREELEY LLC","RECREATIONAL RETAILER","No","2025-09-21","2026-09-20",,,"5938 N GREELEY AVE PORTLAND OR  97217-4148","Multnomah",,,"Marijuana Home Delivery, Medical Marijuana Retailer"
"050-101382780CF","Nectar Markets, LLC","NECTAR MARKETS, LLC","RECREATIONAL RETAILER","No","2026-08-19","2027-08-18",,,"1200 SE 1ST ST ONTARIO OR  97914-4368","Malheur",,,"Marijuana Home Delivery, Medical Marijuana Retailer"
"330-29971","Lazarus Naturals Farm","ETZ HAYIM HOLDINGS, S.P.C.","HEMP HANDLER CERTIFICATE","No","2026-07-17","2027-07-16",,,"Exempt from Public Disclosure","Crook",,,
"050-10190196896","Nectar","NECTAR MARKETS, LLC","RECREATIONAL RETAILER","No","2026-06-02","2027-06-01",,,"2338 NE ALBERTA ST PORTLAND OR  97211-5872","Multnomah",,,"Marijuana Home Delivery, Medical Marijuana Retailer"
"050-10248989E6D","Smooth Roots Greeley","SR OREGON GREELEY LLC","RECREATIONAL RETAILER","No","2026-09-21","2027-09-20",,,"5938 N GREELEY AVE PORTLAND OR  97217-4148","Multnomah",,,"Marijuana Home Delivery, Medical Marijuana Retailer"
"050-101388544AE","M Thrive Organics LLC","M THRIVE ORGANICS LLC","RECREATIONAL RETAILER","No","2026-08-05","2027-04-18",,,"600 N MAIN ST JOSEPH OR  97846-5037","Wallowa",,,"Marijuana Home Delivery, Medical Marijuana Retailer"
"030-1025108DD56","TRDTNL MRKT, LLC","TRDTNL MRKT, LLC","RECREATIONAL PROCESSOR","No","2026-01-29","2027-01-28",,,"Exempt from Public Disclosure","Multnomah",,,"Concentrate Processor, Edible Processor, Topical Processor"
"050-10252337C60","Budz Mart ","BUDZ RETAIL, LLC","RECREATIONAL RETAILER","No","2026-07-27","2027-02-27",,,"429 S CENTRAL AVE MEDFORD OR  97501-7227","Jackson",,,"Marijuana Home Delivery, Medical Marijuana Retailer"
"030-10252397834","Piff Stixs","WEST 7TH PROMOTIONS LLC","RECREATIONAL PROCESSOR","Yes","2025-01-28","2025-12-14","2025-01-28",,"Exempt from Public Disclosure","Lane",,,"Concentrate Processor"
"050-10253237933","Sorority House by Chalice","CBR, INC.","RECREATIONAL RETAILER","No","2026-08-26","2026-12-25",,,"588 E 11TH AVE EUGENE OR  97401-3630","Lane",,,"Marijuana Home Delivery, Medical Marijuana Retailer"
"030-15723","Dulce Farms LLC ","DULCE FARMS LLC","RECREATIONAL PROCESSOR","No","2026-06-24","2027-06-23",,,"Exempt from Public Disclosure","Clackamas",,,"Concentrate Processor"
"050-13009","Green Cross Cannabis Emporium","TLC MEDICAL, INC","RECREATIONAL RETAILER","No","2026-04-27","2027-04-26",,"1721081-1","1695 CENTER ST NE SALEM OR  97301-4268","Marion",,,"Marijuana Home Delivery, Medical Marijuana Retailer"
"030-18287","Uppa Creek Co LLC","UPPA CREEK CO. LLC","RECREATIONAL PROCESSOR","No","2026-06-01","2026-08-26",,,"Exempt from Public Disclosure","Benton",,,"Concentrate Processor, Industrial Hemp, Medical Marijuana Processor"
"050-13327","Substance","BLOOM WELL INC","RECREATIONAL RETAILER","No","2026-05-02","2027-05-01",,,"1526 SISKIYOU BLVD ASHLAND OR  97520-2406","Jackson",,,"Marijuana Home Delivery, Medical Marijuana Retailer"
"030-19686","5th Dimension","5TH DIMENSION LLC","RECREATIONAL PROCESSOR","No","2025-10-06","2026-10-05",,,"Exempt from Public Disclosure","Josephine",,,"Concentrate Processor"
"050-14145","Medizen","VWC HOLDINGS","RECREATIONAL RETAILER","No","2026-05-21","2027-05-20",,,"4069 NE MARTIN LUTHER KING JR BLVD STE A, PORTLAND OR  97212-1115","Multnomah",,,"Marijuana Home Delivery, Medical Marijuana Retailer"
"030-22114","Nugget Candy Co","POWDER RIVER INDUSTRIES LLC","RECREATIONAL PROCESSOR","No","2026-08-03","2026-12-18",,,"Exempt from Public Disclosure","Baker",,,"Concentrate Processor, Edible Processor, Topical Processor"
"050-15199","Emerald Triangle Dispensary","INFINITY CORNER, LLC","RECREATIONAL RETAILER","No","2026-06-12","2027-06-11",,"01868801-0","5022 TABLE ROCK RD STE A, CENTRAL POINT OR  97502-3226","Jackson",,,
"030-22410","Premium Labs LLC","PREMIUM LABS, LLC","RECREATIONAL PROCESSOR","No","2026-08-18","2027-01-06",,,"Exempt from Public Disclosure","Josephine",,,"Concentrate Processor"
"050-15715","Emerald Triangle Dispensary","NORTH STAR CANNABIS LLC","RECREATIONAL RETAILER","No","2026-06-24","2027-06-23",,"01867348-2","838 PACIFIC BLVD SE ALBANY OR  97321-3207","Linn",,,"Marijuana Home Delivery, Medical Marijuana Retailer"
"050-16398","Green Lion","MISS ORGANIC LLC","RECREATIONAL RETAILER","No","2026-07-10","2027-07-09",,,"17030 SE MCLOUGHLIN BLVD PORTLAND OR  97267-4960","Clackamas",,,"Marijuana Home Delivery, Medical Marijuana Retailer"
"030-22942","Casbah Hash","TERRANOVA HOLDINGS LLC","RECREATIONAL PROCESSOR","No","2026-06-01","2027-01-21",,,"Exempt from Public Disclosure","Jackson",,,"Concentrate Processor, Industrial Hemp, Medical Marijuana Processor"
"050-10139850F54","Top Crop Cannabis","CHADCOR HOLDINGS 2, LLC","RECREATIONAL RETAILER","Yes","2023-04-24","2024-04-23",,,"297 SE 10TH ST ONTARIO OR  97914-3808","Malheur",,,"Marijuana Home Delivery, Medical Marijuana Retailer"
"030-30081","Atlantis 33 LLC","ATLANTIS 33 LLC","RECREATIONAL PROCESSOR","No","2026-07-22","2027-07-21",,,"Exempt from Public Disclosure","Washington",,,"Concentrate Processor, Edible Processor, Medical Marijuana Processor"
"050-10140374FF8","Electric Lettuce Foster-Powell","GW RETAIL FOSTER, INC.","RECREATIONAL RETAILER","Yes","2025-07-25","2026-07-10","2025-07-25",,"2533 NE HIGHWAY 99W STE A, MCMINNVILLE OR  97128-9205","Multnomah",,,"Marijuana Home Delivery, Medical Marijuana Retailer"
"030-3702","J&J Organix","J&J ORGANIX LLC","RECREATIONAL PROCESSOR","No","2026-06-07","2027-06-06",,,"Exempt from Public Disclosure","Clackamas",,,"Edible Processor"
"050-101405144D4","Five Zero Trees Astoria","GW RETAIL FZT ASTORIA, INC.","RECREATIONAL RETAILER","Yes","2025-07-02","2025-10-22","2025-07-02",,"1169 COMMERCIAL ST ASTORIA OR  97103-4125","Clatsop",,,"Marijuana Home Delivery, Medical Marijuana Retailer"
"030-3771","Treasure Valley Cannabis Company","TREASURE VALLEY CANNABIS COMPANY, LLC","RECREATIONAL PROCESSOR","No","2026-06-21","2027-06-20",,,"Exempt from Public Disclosure","Jackson",,,"Concentrate Processor, Edible Processor, Industrial Hemp, Medical Marijuana Processor, Topical Processor"
"050-1014054E333","Five Zero Trees Oregon City","GW RETAIL FZT OREGON CITY, INC.","RECREATIONAL RETAILER","No","2025-08-27","2026-08-26",,,"719 MAIN ST OREGON CITY OR  97045-1814","Clackamas",,,"Marijuana Home Delivery, Medical Marijuana Retailer"
"030-8336","Lusitano ","LUSITANO LLC","RECREATIONAL PROCESSOR","No","2025-12-09","2026-12-08",,,"Exempt from Public Disclosure","Clackamas",,,"Concentrate Processor"
"050-1014405321C","Western Oregon Dispensary","WESTERN OREGON DISPENSARY, INC.","RECREATIONAL RETAILER","No","2026-03-06","2027-03-30",,,"17750 LOWER BOONES FERRY RD # 2, LAKE OSWEGO OR  97035-5226","Clackamas",,,"Marijuana Home Delivery, Medical Marijuana Retailer"
"030-8746","Kalya Extracts, Community Cannabis","KALYA OREGON L.L.C.","RECREATIONAL PROCESSOR","No","2025-12-28","2026-12-27",,,"Exempt from Public Disclosure","Douglas",,,"Concentrate Processor, Edible Processor, Industrial Hemp, Medical Marijuana Processor"
"050-10144956F3E","GATHER & GO","TCAIXP, LLC","RECREATIONAL RETAILER","Yes","2024-08-15","2024-05-05",,,"128 SE 12TH AVE PORTLAND OR  97214-1356","Multnomah",,,
"050-1000206828A","Nectar","NECTAR MARKETS, LLC","RECREATIONAL RETAILER","No","2026-03-13","2026-09-14",,,"4142 LIBERTY RD S SALEM OR  97302-5783","Marion",,,"Marijuana Home Delivery, Medical Marijuana Retailer"
"050-101449618AF","Eden","TCAIXP, LLC","RECREATIONAL RETAILER","Yes","2024-08-15","2024-05-05",,,"4124 SE 60TH AVE STE B, PORTLAND OR  97206-3706","Multnomah",,,
"050-10002248531","Growing ReLeaf","GROWING RELEAF INC.","RECREATIONAL RETAILER","Yes","2025-01-31","2024-12-31","2025-01-31",,"4160 SW 109TH AVE BEAVERTON OR  97005-3029","Washington",,,
"050-101478142AC","Electric Lettuce Sellwood","GW RETAIL SELLWOOD, INC.","RECREATIONAL RETAILER","No","2026-05-27","2027-05-26",,,"7703 SE 13TH AVE PORTLAND OR  97202-6373","Multnomah",,,"Marijuana Home Delivery, Medical Marijuana Retailer"
"050-1000396C575","Kind Heart Collective","KIND HEART COLLECTIVE","RECREATIONAL RETAILER","No","2026-01-02","2027-01-01",,,"8217 N DENVER AVE PORTLAND OR  97217-6623","Multnomah",,,"Medical Marijuana Retailer"
"050-10155684476","Going Green Eugene","GOING GREEN SWEET HOME INC","RECREATIONAL RETAILER","No","2026-09-29","2027-09-28",,,"439 W 1ST AVE EUGENE OR  97401-2276","Lane",,,"Marijuana Home Delivery, Medical Marijuana Retailer"
"050-10004797E23","Greeley Gallery","GREELEY GALLERY LLC","RECREATIONAL RETAILER","No","2026-01-01","2026-12-31",,,"6512 N GREELEY AVE PORTLAND OR  97217-5044","Multnomah",,,"Marijuana Home Delivery, Medical Marijuana Retailer"
"050-10160727FB1","Klamath Falls Cannabis LLC","KLAMATH FALLS CANNABIS LLC","RECREATIONAL RETAILER","No","2026-07-28","2027-07-27",,,"2972 S 6TH ST SUITE A B C D, KLAMATH FALLS OR  97603-4699","Klamath",,,"Marijuana Home Delivery, Medical Marijuana Retailer"
"050-10160898042","Substance","BLOOM WELL INC","RECREATIONAL RETAILER","No","2025-10-07","2026-10-06",,,"26 N E ST LAKEVIEW OR  97630-1524","Lake",,,"Marijuana Home Delivery, Medical Marijuana Retailer"
"050-10006568A0C","Oregon Bud Company","OREGON BUD COMPANY LLC","RECREATIONAL RETAILER","No","2026-08-06","2027-01-10",,,"1155 SW COAST HWY NEWPORT OR  97365-5223","Lincoln",,,"Marijuana Home Delivery, Medical Marijuana Retailer"
"050-101614187E6","eleven names","ELEVEN NAMES CORPORATION","RECREATIONAL RETAILER","Yes","2023-05-09","2024-05-08",,,"853 S RIVERSIDE AVE # C MEDFORD OR  97501-7839","Jackson",,,"Marijuana Home Delivery, Medical Marijuana Retailer"
"050-10009611DA7","Jamaica Joel's","JAMAICA JOEL'S INC","RECREATIONAL RETAILER","No","2025-11-03","2026-11-02",,,"37 W 13TH AVE STE 201, EUGENE OR  97401-3574","Lane",,,"Marijuana Home Delivery, Medical Marijuana Retailer"
"050-1016172E2AC","Justice Cannabis Company","JUSTICE CANNABIS COMPANY, LLC","RECREATIONAL RETAILER","No","2025-12-22","2026-12-21",,,"21558 HIGHWAY 99E NE AURORA OR  97002-9248","Marion",,,"Marijuana Home Delivery, Medical Marijuana Retailer"
"050-100149904F1","Nectar","NECTAR MARKETS, LLC","RECREATIONAL RETAILER","No","2026-03-13","2027-01-02",,,"10931 SW 53RD AVE PORTLAND OR  97219-8605","Multnomah",,,"Marijuana Home Delivery, Medical Marijuana Retailer"
"050-1016350B982","High Lakes","HIGH LAKES CANNABIS COMPANY LLC","RECREATIONAL RETAILER","No","2026-08-24","2027-08-23",,,"98158 W BENHAM LN STE 24, BROOKINGS OR  97415-9546","Klamath",,,"Marijuana Home Delivery, Medical Marijuana Retailer"
"050-1001702682A","Electric Lettuce Lloyd District","GW RETAIL WEIDLER INC.","RECREATIONAL RETAILER","No","2026-04-06","2027-04-05",,,"203 NE WEIDLER ST PORTLAND OR  97232-1155","Multnomah",,,
"050-1019275662B","Refinery Canna Connoisseur","THE NATURAL REFINERY LLC","RECREATIONAL RETAILER","Yes","2023-06-07","2024-06-06",,,"2627 NE BROADWAY ST PORTLAND OR  97232-1720","Multnomah",,,"Marijuana Home Delivery, Medical Marijuana Retailer"
"050-17149","Northwest Cannabis Company","RCSB, INC.","RECREATIONAL RETAILER","No","2026-07-06","2027-07-28",,,"17877 NW EVERGREEN PL BEAVERTON OR  97006-7437","Washington",,,"Marijuana Home Delivery, Medical Marijuana Retailer"
"050-1019309B453","La Mota","LONDON PARTNERS LLC","RECREATIONAL RETAILER","No","2026-07-08","2026-09-27",,,"1025 MAIN ST AND 1027, SWEET HOME OR  97386-1515","Linn",,,"Marijuana Home Delivery, Medical Marijuana Retailer"
"050-18963","Jayne","HERBAN LLC","RECREATIONAL RETAILER","No","2026-09-15","2027-09-14",,,"2145 NE MARTIN LUTHER KING JR BLVD PORTLAND OR  97212-3725","Multnomah",,,"Marijuana Home Delivery, Medical Marijuana Retailer"
"050-1020820F3B0","Lemonnade","MAGIC CASTLE OR INC","RECREATIONAL RETAILER","No","2025-09-21","2026-09-20",,,"11321 SW 64TH AVE PORTLAND OR  97219-6710","Multnomah",,,"Marijuana Home Delivery, Medical Marijuana Retailer"
"050-22018","Ocean Grown Cannabis Company ","OGC, LLC","RECREATIONAL RETAILER","No","2025-12-16","2026-12-15",,,"1597 E VILAS RD STE B, CENTRAL POINT OR  97502-9471","Jackson",,,"Marijuana Home Delivery, Medical Marijuana Retailer"
"050-1022388374D","Good Karma Commercial","DSO COMMERCIAL LLC","RECREATIONAL RETAILER","Yes","2024-05-24","2025-01-02",,,"3755 COMMERCIAL ST SE SALEM OR  97302-3832","Marion",,,"Marijuana Home Delivery, Medical Marijuana Retailer"
"050-23455","US High Standards Dispensary #1, LLC","US HIGH STANDARDS DISPENSARY #1, LLC","RECREATIONAL RETAILER","No","2026-06-02","2027-02-08",,,"1480 RHODODENDRON DR FLORENCE OR  97439-7620","Lane",,,"Marijuana Home Delivery, Medical Marijuana Retailer"
"050-102242182F0","Carefree Cannabis","KILLINGSWORTH HOLDINGS LLC","RECREATIONAL RETAILER","Yes","2025-02-12","2025-09-07","2025-02-12",,"5926 NE KILLINGSWORTH ST PORTLAND OR  97218-2424","Multnomah",,,"Marijuana Home Delivery, Medical Marijuana Retailer"
"050-25054","Western Oregon Dispensary Macadam","WESTERN OREGON DISPENSARY, INC.","RECREATIONAL RETAILER","No","2026-03-31","2027-03-30",,,"6767 S MACADAM AVE STE B, PORTLAND OR  97219-2311","Multnomah",,,"Marijuana Home Delivery, Medical Marijuana Retailer"
"050-10226326FC2","The Chronic on Commercial","ONE INVESTMENT CORP","RECREATIONAL RETAILER","No","2025-12-06","2026-12-05",,,"3024 COMMERCIAL ST SE SALEM OR  97302-4532","Marion",,,"Marijuana Home Delivery, Medical Marijuana Retailer"
"050-10226385291","Paka House Cannabis","PONO SALEM LLC","RECREATIONAL RETAILER","Yes","2025-12-22","2024-03-23","2024-08-06",,"1310 12TH ST SE SALEM OR  97302-2815","Marion",,,
"050-27132","Nectar Markets, LLC","NECTAR MARKETS, LLC","RECREATIONAL RETAILER","No","2026-05-14","2027-05-13",,,"1553 OAK ST EUGENE OR  97401-4008","Lane",,,"Marijuana Home Delivery, Medical Marijuana Retailer"
"050-1022771EB29","Green Ridge Pacific City ","DANIELLE MARIE KLAUS-BAILEY","RECREATIONAL RETAILER","Yes","2025-03-02","2026-03-01",,,"34970 BROOTEN RD PACIFIC CITY OR  97135","Tillamook",,,"Marijuana Home Delivery, Medical Marijuana Retailer"
"050-10165853E96","Substance","BLOOM WELL INC","RECREATIONAL RETAILER","No","2026-10-07","2027-10-06",,,"2329 OLYMPIC ST SPRINGFIELD OR  97477-3465","Lane",,,"Marijuana Home Delivery, Medical Marijuana Retailer"
"050-1022840966C","Private reserve Cannabis 101","PRC INC.","RECREATIONAL RETAILER","No","2025-11-17","2026-11-16",,,"85289 HIGHWAY 101 FLORENCE OR  97439-8532","Lane",,,"Marijuana Home Delivery, Medical Marijuana Retailer"
"050-1016704544A","Budz Cannabis Superstore","BUDZ RETAIL, LLC","RECREATIONAL RETAILER","No","2026-03-11","2027-03-10",,,"3600 MERLIN RD GRANTS PASS OR  97526-8464","Josephine",,,"Medical Marijuana Retailer"
"050-1023329BEE5","Chalice Farms","CFA RETAIL LLC","RECREATIONAL RETAILER","Yes","2023-03-03","2024-03-02","2024-07-29",,"5035 SE MCLOUGHLIN BLVD PORTLAND OR  97202-4817","Multnomah",,,
"050-101684733C4","Next Level Wellness","EMERALD VALLEY OPERATIONS LLC","RECREATIONAL RETAILER","No","2026-04-12","2027-04-11",,,"2837 WILLAMETTE ST STE A EUGENE OR  97405-3291","Lane",,,"Marijuana Home Delivery, Medical Marijuana Retailer"
"050-30337","5924 SE 42nd Ave","NECTAR MARKETS, LLC","RECREATIONAL RETAILER","No","2026-07-28","2027-07-27",,,"5924 SE 42ND AVE PORTLAND OR  97206-6201","Multnomah",,,"Marijuana Home Delivery, Medical Marijuana Retailer"
"050-10170556BAB","Substance","BLOOM WELL INC","RECREATIONAL RETAILER","No","2025-10-07","2026-10-06",,,"1749 E MCANDREWS RD MEDFORD OR  97504-5508","Jackson",,,"Marijuana Home Delivery, Medical Marijuana Retailer"
"050-3131","Terpene Station","ADDISIAN LLC","RECREATIONAL RETAILER","Yes","2024-05-01","2025-04-30",,,"645 RIVER RD STE 3 EUGENE OR  97404-3288","Lane",,,"Medical Marijuana Retailer"
"050-1017194C683","Stokes Cannabis","DUTCHES CORP","RECREATIONAL RETAILER","No","2025-08-24","2026-08-23",,,"4570 RIVER RD N KEIZER OR  97303-4646","Marion",,,"Marijuana Home Delivery, Medical Marijuana Retailer"
"050-3727","Mr. Nice Guy Portland","MNG HOLDINGS, LLC","RECREATIONAL RETAILER","No","2026-02-27","2026-06-11",,"0173815 93","6330 SW BEAVERTON HILLSDALE HWY PORTLAND OR  97221-4220","Multnomah",,,"Marijuana Home Delivery, Medical Marijuana Retailer"
"050-10174595F3A","Substance","BLOOM WELL INC","RECREATIONAL RETAILER","No","2026-10-07","2027-10-06",,,"3425 CRATER LAKE HWY MEDFORD OR  97504-9292","Jackson",,,"Marijuana Home Delivery, Medical Marijuana Retailer"
"050-6040","The Bakery ","KIT JOHNSTON","RECREATIONAL RETAILER","No","2025-10-08","2026-10-07",,,"160 W 3RD ST STE B, LAFAYETTE OR  97127-9165","Yamhill",,,"Marijuana Home Delivery, Medical Marijuana Retailer"
"050-10174822DB9","Local Leaf","THC RETAIL LLC","RECREATIONAL RETAILER","Yes","2025-08-28","2025-08-30","2025-08-28",,"7625 SW OLESON RD PORTLAND OR  97223-7442","Washington",,,"Marijuana Home Delivery, Medical Marijuana Retailer"
"050-10023615819","Thurman Street Collective ","THURMAN STREET GALLERY LLC","RECREATIONAL RETAILER","No","2026-01-01","2026-12-31",,,"2384 NW THURMAN ST PORTLAND OR  97210-2521","Multnomah",,,"Marijuana Home Delivery, Medical Marijuana Retailer"
"050-10239278FFE","The Farmacy","SWEETGRASS, LLC","RECREATIONAL RETAILER","No","2026-06-22","2027-06-21",,,"2911 MARINE DR ASTORIA OR  97103-2836","Clatsop",,,
"050-10027689736","FLOWR OF LYFE","FLOWR OF LYFE LLC","RECREATIONAL RETAILER","No","2025-12-28","2026-12-27",,,"114 W BROADWAY EUGENE OR  97401-3004","Lane",,,"Marijuana Home Delivery, Medical Marijuana Retailer"
"050-10027870140","Buds 4 U","BUDS4U LLC","RECREATIONAL RETAILER","Yes","2024-01-03","2024-04-05",,,"3005 SW MULTNOMAH BLVD PORTLAND OR  97219-3701","Lane",,,"Medical Marijuana Retailer"
"050-10182183EBE","REDBARN DISPENSARY","RB REEDSPORT 2 LLC","RECREATIONAL RETAILER","No","2026-02-22","2027-02-21",,,"4360 MAIN ST SPRINGFIELD OR  97478-5972","Lane",,,"Marijuana Home Delivery, Medical Marijuana Retailer"
"050-6104","Stone Age Farmacy","NEW FRONTIER LLC","RECREATIONAL RETAILER","No","2026-06-01","2026-10-08",,,"12550 SE DIVISION ST PORTLAND OR  97236-3130","Multnomah",,,"Medical Marijuana Retailer"
"050-101825983BC","Nectar; Nectar Markets","NECTAR MARKETS, LLC","RECREATIONAL RETAILER","No","2026-03-13","2027-01-23",,,"2445 SE 3RD ST GRESHAM OR  97080-1409","Multnomah",,,"Marijuana Home Delivery, Medical Marijuana Retailer"
"050-7974","FYRE","THUROW PRODUCTIONS LLC","RECREATIONAL RETAILER","No","2025-12-02","2026-12-01",,,"2650 NE DIVISION ST BEND OR  97703-3569","Deschutes",,,"Marijuana Home Delivery, Medical Marijuana Retailer"
"050-10201128197","Sensible Cannabis Company","PAC NW VENTURES LLC","RECREATIONAL RETAILER","No","2025-09-13","2026-09-12",,,"1926 NE 40TH AVE PORTLAND OR  97212-5310","Multnomah",,,"Marijuana Home Delivery, Medical Marijuana Retailer"
"060-100280695C8","Jefferson Packing House ","JEFFERSON PACKING HOUSE LLC","RECREATIONAL WHOLESALER","No","2026-08-02","2027-08-01",,,"Exempt from Public Disclosure","Jackson",,,"Medical Marijuana Wholesaler"
"060-100345602EE","Genesis Pharms","COMPASSIONATE CIRCLES LLC","RECREATIONAL WHOLESALER","Yes","2025-06-12","2025-10-12",,,"Exempt from Public Disclosure","Lane",,,
"050-1002983CE7E","La Mota","LA MOTA HOLLYWOOD LLC & ROSA CAZARES","RECREATIONAL RETAILER","Yes","2026-05-06","2026-04-24","2026-05-06",,"4450 NE SANDY BLVD & 4460 NE SANDY BLVD, PORTLAND OR  97213-1436","Multnomah",,,
"050-1023065BA7E","Pioneer Cannabis Co.","PIONEER CCS2 LLC","RECREATIONAL RETAILER","No","2026-01-18","2027-01-17",,,"63049 HIGHWAY 101 COOS BAY OR  97420-4111","Coos",,,"Marijuana Home Delivery, Medical Marijuana Retailer"
"050-10032676561","Hijinx Cannabis Co","3LB RETAIL, LLC","RECREATIONAL RETAILER","Yes","2026-06-27","2027-01-12","2026-06-27",,"8028 SE STARK ST PORTLAND OR  97215-2344","Jackson",,,"Marijuana Home Delivery, Medical Marijuana Retailer"
"050-1023563016E","M.C. Spectrum","M.C. SPECTRUM LLC","RECREATIONAL RETAILER","No","2025-09-10","2026-05-07",,,"5757 COMMERCIAL ST SE SALEM OR  97306-1262","Marion",,,
"050-1003361BA17","Herbal Choices","HC RETAIL, INC.","RECREATIONAL RETAILER","No","2026-01-01","2026-12-31",,,"63247 TROLLER RD COOS BAY OR  97420","Coos",,,"Medical Marijuana Retailer"
"050-10236368EA2","The Spot Cannabis Collective Ashland","ATLAS V, LLC.","RECREATIONAL RETAILER","No","2026-05-25","2027-05-24",,,"800 N MAIN ST ASHLAND OR  97520-1762","Jackson",,,"Marijuana Home Delivery, Medical Marijuana Retailer"
"050-10034516B89","SHANGO PREMIUM CANNABIS","BON VIVANT LLC","RECREATIONAL RETAILER","No","2025-12-24","2025-12-26",,,"6033 NE WIN SIVERS DR STE A PORTLAND OR  97220-9052","Multnomah",,,"Medical Marijuana Retailer"
"050-10241926F97","Northwest Cannabis Company","TARP, INC.","RECREATIONAL RETAILER","No","2026-08-18","2026-08-09",,,"17937 SW MCEWAN RD # 200 PORTLAND OR  97224-7774","Washington",,,"Marijuana Home Delivery, Medical Marijuana Retailer"
"050-10034717686","Hwy 99 Cannabis, Co.","C&T CONSULTING, INC","RECREATIONAL RETAILER","No","2026-08-12","2026-10-20",,,"1083 HIGHWAY 99 N STE B, EUGENE OR  97402-2010","Lane",,,"Medical Marijuana Retailer"
"050-1024356B0E5","Mary Jane's Farmacy","BLACKBURN HOLDINGS LLC","RECREATIONAL RETAILER","No","2026-08-12","2027-07-06",,,"1729 CENTER ST NE STE 170, SALEM OR  97301-4325","Marion",,,"Marijuana Home Delivery, Medical Marijuana Retailer"
"050-1003518CE3D","Deanz Greenz","BITE ONE""S LIP LLC","RECREATIONAL RETAILER","No","2025-12-28","2026-12-27",,,"10415 NE SANDY BLVD PORTLAND OR  97220-3364","Multnomah",,,"Medical Marijuana Retailer"
"050-1024537A585","Power Plant Salem","POWER PLANT SALEM LLC","RECREATIONAL RETAILER","Yes","2026-04-10","2026-06-19","2026-04-10",,"5070 COMMERCIAL ST SE STE 120, SALEM OR  97306-3573","Marion",,,"Marijuana Home Delivery, Medical Marijuana Retailer"
"050-10246757EF5","Happy Haze","1409 OAK STREET LLC","RECREATIONAL RETAILER","No","2026-11-09","2027-11-08",,,"1409 OAK ST EUGENE OR  97401-4007","Lane",,,"Marijuana Home Delivery, Medical Marijuana Retailer"
"060-1005118BE4F","DH Wholesale ","DH WHOLESALE LLC / PLANTAE HEALTH CARE LLC","RECREATIONAL WHOLESALER","No","2026-01-10","2027-01-09",,,"Exempt from Public Disclosure","Deschutes",,,
"050-1024773D324","Cannabis On-Time","DISCOUNT CANNABIS LLC","RECREATIONAL RETAILER","No","2025-10-16","2026-10-15",,,"1985 W 7TH AVE EUGENE OR  97402-4351","Lane",,,"Marijuana Home Delivery, Medical Marijuana Retailer"
"050-1003636DAFA","Pacific Green","NORTHWEST GREENHOUSE LLC","RECREATIONAL RETAILER","No","2025-12-28","2026-12-27",,,"710 NE KILLINGSWORTH ST PORTLAND OR  97211-3859","Multnomah",,,"Marijuana Home Delivery, Medical Marijuana Retailer"
"050-1025311869F","Homegrown Oregon","CBR, INC.","RECREATIONAL RETAILER","Yes","2025-03-18","2025-12-27","2025-03-18",,"2820 LIBERTY ST NE SALEM OR  97301-6540","Marion",,,"Marijuana Home Delivery, Medical Marijuana Retailer"
"050-10038053342","Urban Farmacy","URBAN FARMACY LLC","RECREATIONAL RETAILER","No","2025-12-30","2026-12-29",,,"420 NE 60TH AVE PORTLAND OR  97213-3726","Multnomah",,,"Marijuana Home Delivery, Medical Marijuana Retailer"
"050-10253422EAE","Chalice Farms","CBR, INC.","RECREATIONAL RETAILER","No","2026-08-26","2026-12-25",,,"1803 LANSING AVE NE SALEM OR  97301-8733","Marion",,,"Marijuana Home Delivery, Medical Marijuana Retailer"
"050-1003846F031","The CDC Dispensary","TCDC,LLC","RECREATIONAL RETAILER","No","2026-04-04","2027-04-03",,,"10015 SW HALL BLVD TIGARD OR  97223-8834","Washington",,,"Marijuana Home Delivery, Medical Marijuana Retailer"
"050-1025388328A","Sensible Cannabis Company","PAC NW VENTURES LLC","RECREATIONAL RETAILER","No","2025-12-26","2026-12-25",,,"1780 NW MARSHALL ST PORTLAND OR  97209-2421","Multnomah",,,"Marijuana Home Delivery, Medical Marijuana Retailer"
"050-10038995791","Green Room (Campus)","COPR INCORPORATED","RECREATIONAL RETAILER","No","2025-12-29","2026-12-28",,,"111 NW 16TH ST CORVALLIS OR  97330-5701","Benton",,,"Marijuana Home Delivery, Medical Marijuana Retailer"
"050-1025752BB23","Belmont Collective","NEW FRONTIER LLC","RECREATIONAL RETAILER","No","2026-02-08","2027-02-07",,,"2036 SE BELMONT ST PORTLAND OR  97214-2813","Multnomah",,,"Marijuana Home Delivery, Medical Marijuana Retailer"
"050-1004029B8B0","OG Collective, LLC","OG COLLECTIVE, LLC || OG LEASING, LLC","RECREATIONAL RETAILER","No","2026-07-02","2027-03-13",,,"1255 CROSS ST SE STE 150, SALEM OR  97302-2862","Marion",,,"Marijuana Home Delivery, Medical Marijuana Retailer"
"050-12752","Cookies","L&M CO LLC","RECREATIONAL RETAILER","No","2025-04-22","2026-04-21",,,"1158 HIGH ST STE 101, EUGENE OR  97401-3688","Lane",,,"Marijuana Home Delivery, Medical Marijuana Retailer"
"050-1004135DBFA","West","PPC HOLDINGS, LLC / DARYL BELL","RECREATIONAL RETAILER","Yes","2026-05-05","2027-03-02","2026-05-05",,"382 LONE PINE BLVD THE DALLES OR  97058-9407","Multnomah",,,"Marijuana Home Delivery, Medical Marijuana Retailer"
"050-13006","Green Cross Cannabis Emporium ","TLC MEDICAL, INC","RECREATIONAL RETAILER","No","2026-04-27","2027-04-26",,"1721081-1","1234 SW BASELINE ST STE A, HILLSBORO OR  97123-3845","Marion",,,"Marijuana Home Delivery, Medical Marijuana Retailer"
"050-10041989EBF","Bridge City Collective","WILLIAMS, LLC","RECREATIONAL RETAILER","No","2025-12-31","2026-12-30",,,"4312 N WILLIAMS AVE PORTLAND OR  97217-2952","Multnomah",,,"Marijuana Home Delivery, Medical Marijuana Retailer"
"050-13324","Substance","BLOOM WELL INC","RECREATIONAL RETAILER","No","2026-05-02","2027-05-01",,,"315 2ND AVE GOLD HILL OR  97525-9509","Jackson",,,"Marijuana Home Delivery, Medical Marijuana Retailer"
"050-1004252574B","TODAY'S HERBAL CHOICE RAINIER, LLC","TODAY'S HERBAL CHOICE RAINIER, LLC","RECREATIONAL RETAILER","No","2025-12-30","2026-12-29",,,"75936 ROCKCREST ST UNIT B1 RAINIER OR  97048-2231","Columbia",,,"Medical Marijuana Retailer"
"050-14360","Bud’s ","AVE MARIA LLC","RECREATIONAL RETAILER","No","2025-05-23","2026-05-22",,,"101 S RIVERSIDE AVE MEDFORD OR  97501-7234","Jackson",,,"Medical Marijuana Retailer"
"050-100427434E1","Track Town Collective","TRACK TOWN COLLECTIVE LLC","RECREATIONAL RETAILER","No","2026-02-07","2027-02-06",,,"3675 FRANKLIN BLVD EUGENE OR  97403-2357","Lane",,,"Marijuana Home Delivery, Medical Marijuana Retailer"
"050-10044492D86","The Grass Hut II LLC","THE GRASS HUT II LLC","RECREATIONAL RETAILER","No","2026-01-26","2027-01-25",,,"4085 CHERRY AVE NE KEIZER OR  97303-4859","Marion",,,"Medical Marijuana Retailer"
"050-17052","SR Oregon McMinnville LLC","SR OREGON MCMINNVILLE, LLC","RECREATIONAL RETAILER","No","2026-07-25","2027-07-24",,,"2533 NE HIGHWAY 99W STE A, MCMINNVILLE OR  97128-9205","Yamhill",,,"Marijuana Home Delivery, Medical Marijuana Retailer"
"050-1004552C21B","Otis Collective","OTIS COLLECTIVE LLC","RECREATIONAL RETAILER","No","2026-01-05","2027-01-04",,,"1257 SALMON RIVER HWY OTIS OR  97368-9776","Lincoln",,,"Medical Marijuana Retailer"
"050-17171","Flavel Flave LLC","BROTHERS CANNABIS CLUB LLC","RECREATIONAL RETAILER","Yes","2026-05-04","2026-07-28","2026-05-04",,"8124 SE 6TH AVE PORTLAND OR  97202-6861","Multnomah",,,
"050-100457922B9","Oasis Cannabis","DISPENSERVE, LLC","RECREATIONAL RETAILER","No","2026-02-13","2027-02-12",,,"308 N VILLA RD STE 115, NEWBERG OR  97132-1881","Yamhill",,,"Marijuana Home Delivery, Medical Marijuana Retailer"
"050-17189","Emerald Triangle Dispensary","SUPER TRIANGLE FALLS, LLC","RECREATIONAL RETAILER","No","2026-07-29","2027-07-28",,"01868734-2","2226 WASHBURN WAY KLAMATH FALLS OR  97603-4508","Klamath",,,"Marijuana Home Delivery, Medical Marijuana Retailer"
"050-1004602AE08","West","PPC HOLDINGS, LLC / DARYL BELL","RECREATIONAL RETAILER","Yes","2026-02-27","2026-03-02","2026-02-27",,"4450 NE SANDY BLVD & 4460 NE SANDY BLVD, PORTLAND OR  97213-1436","Tillamook",,,"Marijuana Home Delivery, Medical Marijuana Retailer"
"050-17322","The Toke Shop LLC","THE TOKE SHOP LLC","RECREATIONAL RETAILER","No","2026-07-31","2027-07-30",,,"1853 2ND ST SPRINGFIELD OR  97477-2121","Lane",,,
"050-1004701F805","Pur Roots","PORTLAND HEALTH CENTER INCORPORATED","RECREATIONAL RETAILER","No","2025-12-17","2026-08-26",,,"5816 NE LOMBARD ST PORTLAND OR  97218-2363","Multnomah",,,"Medical Marijuana Retailer"
"050-18505","Western Oregon Dispensary","WESTERN OREGON DISPENSARY, INC.","RECREATIONAL RETAILER","No","2026-09-03","2027-09-02",,,"38012 HIGHWAY 26 # 2, SEASIDE OR  97138-6365","Clatsop",,,
"060-100575459BB","SugarTop Buddery","STB ENTERPRISES LLC","RECREATIONAL WHOLESALER","No","2025-11-03","2026-11-02",,,"Exempt from Public Disclosure","Lane",,,
"050-18553","Canna Bros.","RIVERGLASS SHOP LLC","RECREATIONAL RETAILER","No","2025-11-03","2026-09-03",,,"140 DETROIT AVE DETROIT OR  97342","Marion",,,"Medical Marijuana Retailer"
"060-10077250DEC","Tokyo Warehouse","TG INDUSTRIES LLC","RECREATIONAL WHOLESALER","No","2026-01-17","2027-01-16",,,"Exempt from Public Disclosure","Deschutes",,,
"050-18650","CBR, Inc","CBR, INC.","RECREATIONAL RETAILER","No","2026-08-26","2026-09-04",,,"7170 SW BEAVERTON HILLSDALE HWY PORTLAND OR  97225-2006","Washington",,,"Marijuana Home Delivery, Medical Marijuana Retailer"
"060-1007937EEFF","La Mota ","LA MOTA GOLD BEACH LLC","RECREATIONAL WHOLESALER","No","2026-08-20","2026-09-30",,,"Exempt from Public Disclosure","Curry",,,"Medical Marijuana Wholesaler"
"050-18769","Very Good Plus","NOW OPEN LLC","RECREATIONAL RETAILER","No","2026-05-14","2026-09-08",,"OR","809 NE HARLOW RD TROUTDALE OR  97060-9511","Multnomah",,,"Medical Marijuana Retailer"
"060-10081292686","MOD Distribution","CLOUDY FARMS, LLC","RECREATIONAL WHOLESALER","Yes","2023-04-11","2024-04-10",,,"Exempt from Public Disclosure","Lane",,,"Medical Marijuana Wholesaler"
"050-19136","High Quality","HQ II LLC","RECREATIONAL RETAILER","No","2025-09-25","2026-09-17",,,"1435 NW 9TH ST STE 120, CORVALLIS OR  97330-5468","Benton",,,"Marijuana Home Delivery"
"060-1012352074F","The Green Planet","THE GREEN PLANET, INC.","RECREATIONAL WHOLESALER","No","2026-05-15","2027-01-25",,,"Exempt from Public Disclosure","Washington",,,"Medical Marijuana Wholesaler"
"050-1004819175D","Coastal High Ways","COASTAL HIGH WAYS LLC","RECREATIONAL RETAILER","Yes","2025-02-03","2026-02-02",,,"2233 BROADWAY AVE NORTH BEND OR  97459-2331","Coos",,,
"050-19136","High Quality","HQ II LLC","RECREATIONAL RETAILER","No","2026-09-18","2027-09-17",,,"1435 NW 9TH ST STE 120, CORVALLIS OR  97330-5468","Benton",,,"Marijuana Home Delivery"
"060-101333299D1","Higher Cultures","PPS INDUSTRIES LLC","RECREATIONAL WHOLESALER","No","2026-08-24","2026-10-29",,,"Exempt from Public Disclosure","Josephine",,,
"050-25463","Cannabis On Time","DISCOUNT CANNABIS SALEM LLC","RECREATIONAL RETAILER","No","2026-04-09","2027-04-08",,,"1685 LANCASTER DR NE SALEM OR  97301-1965","Marion",,,"Marijuana Home Delivery, Medical Marijuana Retailer"
"060-101357971B0","SHM Distribution","SACRED HERB MEDICINALS INC","RECREATIONAL WHOLESALER","Yes","2024-09-26","2024-09-26","2024-09-26",,"Exempt from Public Disclosure","Lane",,,
"050-26258","Union Dispensary","GOOD TIMES LLC","RECREATIONAL RETAILER","No","2026-04-27","2027-04-26",,,"1639 SE FLAVEL ST PORTLAND OR  97202-6033","Multnomah",,,
"060-101443271ED","Quickies","EFFICIENT PACKAGING SERVICES LLC","RECREATIONAL WHOLESALER","No","2026-04-21","2027-04-20",,,"Exempt from Public Disclosure","Multnomah",,,"Medical Marijuana Wholesaler"
"050-29170","Broadway Project Inc.","BROADWAY PROJECT INC.","RECREATIONAL RETAILER","No","2026-06-27","2027-06-26",,"01768553-2","8028 SE STARK ST PORTLAND OR  97215-2344","Multnomah",,,"Marijuana Home Delivery, Medical Marijuana Retailer"
"060-10154183DAE","White Label Distribution","WL DISTRIBUTION, LLC","RECREATIONAL WHOLESALER","No","2026-10-06","2027-10-05",,,"Exempt from Public Disclosure","Lane",,,"Medical Marijuana Wholesaler"
"050-31267","Nectar","NECTAR MARKETS, LLC","RECREATIONAL RETAILER","No","2026-08-24","2027-08-23",,,"698 W 6TH AVE APT 2, EUGENE OR  97402-5119","Lane",,,"Marijuana Home Delivery, Medical Marijuana Retailer"
"060-10156181E3F","Fire Only","FIRE ONLY LLC","RECREATIONAL WHOLESALER","No","2026-05-05","2027-02-02",,,"Exempt from Public Disclosure","Washington",,,"Medical Marijuana Wholesaler"
"050-4747","Twenty After Four Wellness","420 BLAIR BLVD.CORP","RECREATIONAL RETAILER","No","2026-08-26","2026-09-04",,,"420 BLAIR BLVD UNIT A, EUGENE OR  97402-4393","Lane",,,
"060-10159795C17","Sirius Wholesale","SERIOUS ENTERPRISES LLC","RECREATIONAL WHOLESALER","Yes","2025-09-16","2026-06-22","2025-09-16",,"Exempt from Public Disclosure","Washington",,,"Medical Marijuana Wholesaler"
"050-9549","Hash It Out","HASH IT OUT LLC","RECREATIONAL RETAILER","No","2026-01-28","2027-01-27",,"01861205-7","783 S BROADWAY COOS BAY OR  97420-1541","Coos",,,"Marijuana Home Delivery, Medical Marijuana Retailer"
"060-101645988E3","River Grown ","RIVER GROWN LLC","RECREATIONAL WHOLESALER","Yes","2025-02-07","2025-04-06","2025-02-07",,"Exempt from Public Disclosure","Jackson",,,
"050-9985","Space Camp","SPACE CAMP LLC ","RECREATIONAL RETAILER","No","2026-02-07","2027-02-06",,,"7536 NE MARTIN LUTHER KING BLVD PORTLAND OR  97211-2830","Multnomah",,,"Marijuana Home Delivery, Medical Marijuana Retailer"
"060-1016476A2CE","Fr33dom Farms","HILLSBORO INDUSTRIAL ENTERPRISES LLC","RECREATIONAL WHOLESALER","Yes","2025-01-08","2025-01-25","2025-01-08",,"Exempt from Public Disclosure","Washington",,,
"060-10030945588","Sublime Solutions, LLC","SUBLIME SOLUTIONS, LLC","RECREATIONAL WHOLESALER","No","2025-12-28","2026-12-27",,,"Exempt from Public Disclosure","Lane",,,
"060-101661729F7","Savage 908","INTEGRITY MANAGEMENT LLC","RECREATIONAL WHOLESALER","Yes","2023-07-21","2024-07-20",,,"Exempt from Public Disclosure","Multnomah",,,"Medical Marijuana Wholesaler"
"060-1003632ACAB","ABC1","EEK INC","RECREATIONAL WHOLESALER","No","2026-05-18","2027-03-19",,,"Exempt from Public Disclosure","Jackson",,,"Medical Marijuana Wholesaler"
"060-1016676F378","DYME Distribution","HALO WINBERRY HOLDINGS, LLC","RECREATIONAL WHOLESALER","Yes","2025-03-18","2025-04-27",,,"Exempt from Public Disclosure","Lane",,,"Medical Marijuana Wholesaler"
"060-100460860AA","CBN Wholesale","CBN.OPP INC","RECREATIONAL WHOLESALER","No","2026-08-25","2026-12-29",,,"Exempt from Public Disclosure","Multnomah",,,"Medical Marijuana Wholesaler"
"060-1004986905A","Boxcar Logistics","MPSC INDUSTRIES, LLC","RECREATIONAL WHOLESALER","Yes","2024-02-15","2025-02-14",,,"Exempt from Public Disclosure","Lane",,,"Medical Marijuana Wholesaler"
"060-10168933999","Moon Lite Distribution","MOON LITE DISTRIBUTION LLC","RECREATIONAL WHOLESALER","Yes","2024-11-18","2025-11-08",,,"Exempt from Public Disclosure","Multnomah",,,
"060-1005241F8C1","Treqq","HIGH-Q OR LLC","RECREATIONAL WHOLESALER","Yes","2025-05-21","2025-12-08","2025-05-21",,"Exempt from Public Disclosure","Marion",,,"Medical Marijuana Wholesaler"
"060-10171347431","Green Dragon Wholesale","GREEN DRAGON WHOLESALE LLC / GREEN DRAGON EXTRACTS LLC","RECREATIONAL WHOLESALER","Yes","2025-12-03","2026-07-27",,,"Exempt from Public Disclosure","Clackamas",,,"Medical Marijuana Wholesaler"
"060-100543699C3","Bloom Well Wholesale","BLOOM WELL INC","RECREATIONAL WHOLESALER","No","2026-04-03","2027-04-02",,,"Exempt from Public Disclosure","Deschutes",,,
"060-10174099619","Agricola wholesale, Inc","AGRICOLA WHOLESALE, INC.","RECREATIONAL WHOLESALER","No","2025-10-01","2026-09-30",,,"Exempt from Public Disclosure","Lane",,,"Medical Marijuana Wholesaler"
"060-1005964E660","Good Day Distro","SUNBURST INVESTMENTS II, INC","RECREATIONAL WHOLESALER","No","2026-07-24","2027-07-23",,,"Exempt from Public Disclosure","Multnomah",,,"Medical Marijuana Wholesaler"
"050-10049124667","Cougar Cannabis LLC","COUGAR CANNABIS, LLC","RECREATIONAL RETAILER","No","2026-02-09","2027-02-08",,,"1989 NE DIAMOND LAKE BLVD ROSEBURG OR  97470-3573","Douglas",,,"Medical Marijuana Retailer"
"060-1005999C2FD","Nectar","NECTAR MARKETS, LLC","RECREATIONAL WHOLESALER","No","2026-04-28","2027-04-27",,,"Exempt from Public Disclosure","Multnomah",,,"Medical Marijuana Wholesaler"
"050-100502592C1","La Mota ","LA MOTA SWEET HOME 2 LLC","RECREATIONAL RETAILER","No","2026-07-07","2027-01-19",,,"4320 HIGHWAY 20 SWEET HOME OR  97386-1242","Linn",,,"Marijuana Home Delivery, Medical Marijuana Retailer"
"060-1006785273F","Theorem","MCCM SCIENTIFIC LLC","RECREATIONAL WHOLESALER","No","2025-09-04","2026-09-03",,,"Exempt from Public Disclosure","Multnomah",,,"Medical Marijuana Wholesaler"
"050-10051014E88","Tumbleweed Cannabis Co. LLC","TUMBLEWEED CANNABIS CO. LLC","RECREATIONAL RETAILER","Yes","2023-07-05","2024-05-10","2024-05-10",,"310 N Highway 20 Hines OR  97738","Harney",,,"Marijuana Home Delivery, Medical Marijuana Retailer"
"060-1007098A103","Moto Perpetuo Farm, Cascade Chronic","MOTO PERPETUO FARM LLC","RECREATIONAL WHOLESALER","Yes","2025-01-16","2025-02-20","2025-01-16",,"Exempt from Public Disclosure","Washington",,,
"050-100515855E1","Attis Trading Company","ATTIS TRADING COMPANY - LINCOLN, LLC","RECREATIONAL RETAILER","No","2026-02-03","2027-02-02",,,"3026 NE HIGHWAY 101 STE 1, LINCOLN CITY OR  97367-4906","Lincoln",,,"Marijuana Home Delivery, Medical Marijuana Retailer"
"060-10101238078","Highland Provisions","KUSH ORIGINALS LLC","RECREATIONAL WHOLESALER","Yes","2024-06-21","2024-11-18","2024-06-24",,"Exempt from Public Disclosure","Deschutes",,,
"050-1005162BFD5","Attis Trading Company","ATTIS TRADING COMPANY - TILLAMOOK, LLC","RECREATIONAL RETAILER","No","2026-01-23","2027-01-22",,,"1830 GOODSPEED RD N TILLAMOOK OR  97141-7756","Tillamook",,,"Marijuana Home Delivery, Medical Marijuana Retailer"
"060-10109080A52","Green Acers Farm, LLC","GREEN ACERS FARM LLC","RECREATIONAL WHOLESALER","Yes","2024-11-27","2025-01-21","2024-11-27",,"Exempt from Public Disclosure","Lane",,,
"050-100516333C2","Tokyo South","TOKYO STARFISH 2 INC.","RECREATIONAL RETAILER","No","2026-03-26","2027-03-25",,,"61230 S HIGHWAY 97 BEND OR  97702-2959","Deschutes",,,"Marijuana Home Delivery, Medical Marijuana Retailer"
"060-10114647CE2","Vibes Wholesale","SJJD CONSULTING LLC","RECREATIONAL WHOLESALER","No","2026-05-27","2026-12-09",,,"Exempt from Public Disclosure","Multnomah",,,
"050-10053021A3C","Diamond Cannabis ","DIAMOND ENTERPRISES, LLC","RECREATIONAL RETAILER","No","2026-04-21","2027-04-20",,,"300 SW 6TH ST GRANTS PASS OR  97526-2504","Josephine",,,"Marijuana Home Delivery, Medical Marijuana Retailer"
"060-1011499DD80","Tin Man Distributing","ROOTED COAST CANNABIS LLC","RECREATIONAL WHOLESALER","Yes","2024-12-17","2024-08-10","2024-12-17",,"Exempt from Public Disclosure","Coos",,,
"050-1005314D346","One Draw Two","ONE DRAW TWO LLC","RECREATIONAL RETAILER","No","2026-03-09","2027-03-08",,,"11711 NE HALSEY ST PORTLAND OR  97220-2034","Multnomah",,,"Marijuana Home Delivery, Medical Marijuana Retailer"
"060-1011745F67D","Uplifted","UPLIFTED, LLC","RECREATIONAL WHOLESALER","No","2025-09-05","2026-09-04",,,"Exempt from Public Disclosure","Marion",,,
"060-1011899F464","Mana Distribution ","MANA HOLDINGS LLC","RECREATIONAL WHOLESALER","No","2026-02-18","2027-02-17",,,"Exempt from Public Disclosure","Multnomah",,,
"050-10053170B53","Herbal Choices","HC RETAIL, INC.","RECREATIONAL RETAILER","No","2026-02-27","2027-02-26",,,"965 S 1ST ST COOS BAY OR  97420-1401","Coos",,,"Medical Marijuana Retailer"
"060-101219244D1","Conscious Cultivators Inc.","CONSCIOUS CULTIVATORS INC.","RECREATIONAL WHOLESALER","No","2025-10-22","2026-10-21",,,"Exempt from Public Disclosure","Lane",,,"Medical Marijuana Wholesaler, Wholesaler For Hire Trimming"
"050-100664391F4","NW Advantage","COLEMAN RISDON","RECREATIONAL RETAILER","Yes","2024-12-26","2025-06-29","2024-12-26",,"119 SW 4TH ST CORVALLIS OR  97333-4711","Benton",,,"Marijuana Home Delivery, Medical Marijuana Retailer"
"060-10124657F32","Hotbox Farms","HOTBOX FARMS LLC","RECREATIONAL WHOLESALER","No",,"2026-09-23",,,"Exempt from Public Disclosure","Malheur",,,"Medical Marijuana Wholesaler"
"050-1007069E349","Treestar","TREESTAR, LLC.","RECREATIONAL RETAILER","No","2026-03-08","2027-03-07",,,"1385 INDUSTRIAL AVE WOODBURN OR  97071-9604","Marion",,,"Marijuana Home Delivery, Medical Marijuana Retailer"
"060-1012592C515","The EXchange","FOUR ELEMENTS LLC","RECREATIONAL WHOLESALER","No","2026-02-24","2027-02-23",,,"Exempt from Public Disclosure","Washington",,,"Medical Marijuana Wholesaler"
"050-100719502BC","La Mota Sandy Blvd LLC","LA MOTA SANDY LLC","RECREATIONAL RETAILER","No","2026-07-08","2027-05-06",,,"9046 NE SANDY BLVD PORTLAND OR  97220-4838","Multnomah",,,"Marijuana Home Delivery, Medical Marijuana Retailer"
"060-101750766AF","Dr. Jolly's","DR. JOLLY'S LLC","RECREATIONAL WHOLESALER","Yes","2025-11-03","2025-11-28","2025-11-03",,"Exempt from Public Disclosure","Deschutes",,,"Medical Marijuana Wholesaler"
"050-1007382E249","Cookies","BAKERY OR I, INC.","RECREATIONAL RETAILER","No","2026-05-27","2027-02-21",,,"255 SW MADISON AVE # 255-257, CORVALLIS OR  97333-4705","Benton",,,"Marijuana Home Delivery, Medical Marijuana Retailer"
"060-101482974A3","Decibel Farms","DECIBEL FARMS INC.","RECREATIONAL WHOLESALER","No","2026-01-18","2027-01-17",,,"Exempt from Public Disclosure","Jackson",,,
"050-10079072E3A","Mr. Nice Guy Salem","MNG HOLDINGS, LLC","RECREATIONAL RETAILER","Yes","2024-11-21","2025-02-14","2024-11-21","0173815 93","2175 Santiam Hwy Lebanon OR  97355","Marion",,,
"060-10152697992","Mother Magnolia Medicinals and M3","MOTHER MAGNOLIA, INC.","RECREATIONAL WHOLESALER","No","2026-01-25","2027-01-24",,,"Exempt from Public Disclosure","Lane",,,
"050-10081041764","Cannabis Nation Oregon City","CBN OC, INC","RECREATIONAL RETAILER","No","2026-05-11","2027-05-10",,,"1128 MAIN ST OREGON CITY OR  97045-1081","Clackamas",,,"Marijuana Home Delivery, Medical Marijuana Retailer"
"060-1015842709C","Pankees","PDX FACTOR W.D. LLC","RECREATIONAL WHOLESALER","No","2025-12-11","2026-12-10",,,"Exempt from Public Disclosure","Washington",,,"Medical Marijuana Wholesaler"
"050-1008736780D","Salem Organics, LLC","SALEM ORGANICS, LLC","RECREATIONAL RETAILER","No","2026-07-13","2026-09-25",,,"4980 COMMERCIAL ST SE SALEM OR  97302-1908","Marion",,,"Marijuana Home Delivery, Medical Marijuana Retailer"
"060-1016366A013","Wykanush Cannabis","WYKANUSH VENTURES, LLC","RECREATIONAL WHOLESALER","Yes","2025-09-29","2026-08-25","2025-09-29",,"Exempt from Public Disclosure","Multnomah",,,
"050-10088018221","Mother Earth Medicines","ROSS AGRO, LLC","RECREATIONAL RETAILER","Yes","2024-10-10","2025-04-03",,,"36 S RIVERSIDE AVE MEDFORD OR  97501-7233","Jackson",,,"Marijuana Home Delivery, Medical Marijuana Retailer"
"060-1016507F3C1","PCM-BEND","PCM HOLDINGS LLC","RECREATIONAL WHOLESALER","Yes","2026-05-07","2026-09-19","2026-05-07",,"Exempt from Public Disclosure","Deschutes",,,"Medical Marijuana Wholesaler"
"050-100883848C4","Mr. Nice Guy Bond St.","MNG HOLDINGS, LLC","RECREATIONAL RETAILER","No",,"2025-11-13",,"0173815 93","730 BOND ST STE B ASTORIA OR  97103-4234","Clatsop",,,"Marijuana Home Delivery, Medical Marijuana Retailer"
"060-1016689907F","Disco Distro","SITKA NORTHWEST CORPORATION","RECREATIONAL WHOLESALER","Yes","2025-06-23","2026-02-03","2025-06-23",,"Exempt from Public Disclosure","Marion",,,"Medical Marijuana Wholesaler"
"060-1016747022A","The Higher Calling","WILD FLOWER WHOLESALE DISTRIBUTION, LLC","RECREATIONAL WHOLESALER","Yes","2025-12-17","2026-06-21","2025-12-17",,"Exempt from Public Disclosure","Josephine",,,"Medical Marijuana Wholesaler"
"050-100912345DE","Phresh Start","PHRESH START LLC","RECREATIONAL RETAILER","No","2026-05-11","2027-05-10",,,"4925 BARGER DR STE A, EUGENE OR  97402-1174","Lane",,,"Marijuana Home Delivery, Medical Marijuana Retailer"
"060-10174190796","Ice Cream Cannabis","FAMILY EXOTICS 2 LLC","RECREATIONAL WHOLESALER","No","2026-04-07","2027-04-06",,,"Exempt from Public Disclosure","Jackson",,,
"050-1009286BD03","Nectar Markets","NECTAR MARKETS, LLC","RECREATIONAL RETAILER","No","2026-03-13","2027-04-18",,,"3650 MAIN ST SPRINGFIELD OR  97478-6448","Lane",,,"Marijuana Home Delivery, Medical Marijuana Retailer"
"060-1017430C9B0","Reefer Distribution (IND)","JV EXTRACTION LLC/JV WHOLESALE LLC","RECREATIONAL WHOLESALER","Yes","2024-11-15","2025-09-16","2024-11-15",,"Exempt from Public Disclosure","Lane",,,
"050-100968483EA","Shaman Cannabis - Columbia","LTV HOLDINGS LLC","RECREATIONAL RETAILER","Yes","2023-09-13","2024-09-12",,,"3829 NE COLUMBIA BLVD PORTLAND OR  97211-2043","Multnomah",,,"Medical Marijuana Retailer"
"060-10178309303","Entourage Cannabis","CBDISCOVERY LLC","RECREATIONAL WHOLESALER","No","2025-12-02","2026-12-01",,,"Exempt from Public Disclosure","Lane",,,
"050-101068041F4","La Mota Roseburg 2 LLC","LA MOTA ROSEBURG 2 LLC","RECREATIONAL RETAILER","No","2026-07-08","2027-02-18",,,"573 NE STEPHENS ST ROSEBURG OR  97470-3150","Douglas",,,"Marijuana Home Delivery, Medical Marijuana Retailer"
"060-10191254931","JTWIII LLC","J.T.W. III LLC","RECREATIONAL WHOLESALER","No","2026-04-25","2027-04-24",,,"Exempt from Public Disclosure","Multnomah",,,"Medical Marijuana Wholesaler"
"050-10107001EDC","Canna Bros. Stayton","RIVERGLASS SHOP LLC","RECREATIONAL RETAILER","No","2025-12-22","2026-12-21",,,"2420 MARTIN DR STAYTON OR  97383-1648","Marion",,,"Medical Marijuana Retailer"
"060-10206444312","Killa Bees Distribution","KILLA BEES DISTRIBUTION LLC","RECREATIONAL WHOLESALER","No","2026-07-14","2027-07-13",,,"Exempt from Public Disclosure","Multnomah",,,"Medical Marijuana Wholesaler"
"050-1010879025E","Pioneer Cannabis Co.","PIONEER HERBS LLC","RECREATIONAL RETAILER","No","2026-08-20","2026-11-27",,,"141 S 5TH ST MADRAS OR  97741-1601","Jefferson",,,"Marijuana Home Delivery, Medical Marijuana Retailer"
"060-1023091296E","White Label Distribution ","WL DISTRIBUTION, LLC","RECREATIONAL WHOLESALER","No","2026-03-21","2027-03-20",,,"Exempt from Public Disclosure","Lane",,,"Medical Marijuana Wholesaler"
"050-10112361D93","GREEN KNOTTZ CHILOQUIN","GREEN KNOTTZ 2, LLC","RECREATIONAL RETAILER","No","2026-02-04","2027-02-03",,,"108 W CHOCKTOOT ST STE 3, CHILOQUIN OR  97624","Klamath",,,"Medical Marijuana Retailer"
"060-1024376CEDA","Lightship","LIGHTSHIP LLC","RECREATIONAL WHOLESALER","No","2026-07-24","2027-07-23",,,"Exempt from Public Disclosure","Jackson",,,
"050-1011298F0B2","Nectar Markets","NECTAR MARKETS, LLC","RECREATIONAL RETAILER","No","2026-03-13","2026-12-13",,,"1019 NE 122ND AVE PORTLAND OR  97230-2006","Multnomah",,,"Marijuana Home Delivery, Medical Marijuana Retailer"
"060-1025011CFE2","Columbia Wholesale","COLUMBIA WHOLESALE, LLC","RECREATIONAL WHOLESALER","No","2025-10-25","2026-10-24",,,"Exempt from Public Disclosure","Lane",,,
"050-1011388D21A","Redbarn Dispensary","RB ROSEBURG 1 LLC","RECREATIONAL RETAILER","No","2026-07-24","2027-07-23",,,"634 W UMPQUA ST ROSEBURG OR  97471-2954","Douglas",,,"Marijuana Home Delivery, Medical Marijuana Retailer"
"060-10251244C8B","Cuellar Farms ","CUELLAR FARMS LLC","RECREATIONAL WHOLESALER","No","2025-10-09","2026-10-08",,,"Exempt from Public Disclosure","Washington",,,
"050-10116382457","Mr. Nice Guy Retail","MNG HOLDINGS, LLC","RECREATIONAL RETAILER","No",,"2025-12-13",,"0173815 93","609 E JACKSON ST MEDFORD OR  97504-6709","Jackson",,,"Marijuana Home Delivery, Medical Marijuana Retailer"
"060-1025486CB44","Chaoco Farms LLC","CHAOCO FARMS LLC","RECREATIONAL WHOLESALER","No","2026-02-08","2027-02-07",,,"Exempt from Public Disclosure","Multnomah",,,
"060-10257662592","Northman Trading Co. ","NEW FRONTIER LLC","RECREATIONAL WHOLESALER","No","2026-02-08","2027-02-07",,,"Exempt from Public Disclosure","Multnomah",,,
"050-101185442C9","OG Collective","OG COLLECTIVE, LLC || OG LEASING, LLC","RECREATIONAL RETAILER","No","2026-07-02","2026-09-23",,,"1617 LIBERTY ST NE SALEM OR  97301-6461","Marion",,,"Marijuana Home Delivery, Medical Marijuana Retailer"
"060-18976","W.O.D Distro","WESTERN OREGON DISPENSARY, INC.","RECREATIONAL WHOLESALER","No","2026-09-16","2027-09-15",,,"Exempt from Public Disclosure","Washington",,,"Medical Marijuana Wholesaler"
"050-101197860FD","VidaVerde","VIDAVERDE LICENSES, INC.","RECREATIONAL RETAILER","Yes","2026-07-02","2026-12-09","2026-07-02",,"407 SE 162ND AVE Gresham OR  97233-3809","Multnomah",,,"Marijuana Home Delivery, Medical Marijuana Retailer"
"060-22515","Suite C","STANDARD MFG INC","RECREATIONAL WHOLESALER","No","2026-01-09","2027-01-08",,,"Exempt from Public Disclosure","Multnomah",,,
"050-101205209E9","Love Buzz","THE SESSION LLC","RECREATIONAL RETAILER","No","2026-03-03","2027-03-02",,,"5425 NE GLISAN ST PORTLAND OR  97213-3062","Multnomah",,,"Marijuana Home Delivery, Medical Marijuana Retailer"
"060-24238","Hotbox Farms, LLC","HOTBOX FARMS LLC","RECREATIONAL WHOLESALER","No",,"2027-03-04",,,"Exempt from Public Disclosure","Malheur",,,
"050-10121913172","Ocean Grown Cannabis Company","OCEAN GROWN CANNABIS COMPANY LLC","RECREATIONAL RETAILER","Yes","2025-12-16","2026-10-23","2025-12-16",,"1597 E VILAS RD MEDFORD OR  97502-9471","Jackson",,,"Marijuana Home Delivery, Medical Marijuana Retailer"
"060-6964","Rooster Greens LLC","ROOSTER GREENS LLC","RECREATIONAL WHOLESALER","No","2026-06-10","2026-10-31",,,"Exempt from Public Disclosure","Jackson",,,
"050-1012479EF11","Red Barn Dispensary","RB COQUILLE 1, LLC.","RECREATIONAL RETAILER","No","2025-10-26","2026-10-25",,,"15 N BIRCH ST COQUILLE OR  97423-1287","Coos",,,"Marijuana Home Delivery, Medical Marijuana Retailer"
"060-7438","OCC Wholesale Eugene","OCC WHOLESALE EUGENE, LLC/OCC PROCESSING EUGENE, LLC","RECREATIONAL WHOLESALER","No","2025-11-15","2026-11-14",,,"Exempt from Public Disclosure","Lane",,,
"050-10124861F1E","Redbarn Dispensary","RB MYRTLE POINT 1 LLC","RECREATIONAL RETAILER","No","2026-05-26","2027-05-25",,,"1107 MARYLAND AVE MYRTLE POINT OR  97458-1374","Coos",,,"Marijuana Home Delivery, Medical Marijuana Retailer"
"330-1067965IHH","Verdant Leaf Brands LLC","VERDANT LEAF BRANDS LLC","HEMP HANDLER CERTIFICATE","No","2026-01-11","2027-01-10",,,"Exempt from Public Disclosure","Clackamas",,,
"050-1012806512F","The Green Planet","THE GREEN PLANET, INC.","RECREATIONAL RETAILER","No","2026-05-15","2027-01-25",,,"25496 S HIGHWAY 99E AURORA OR  97002-9320","Marion",,,"Marijuana Home Delivery, Medical Marijuana Retailer"
"330-1073399IHH","High Desert Pure LLC","HIGH DESERT PURE, LLC.","HEMP HANDLER CERTIFICATE","No","2026-04-21","2027-04-20",,,"Exempt from Public Disclosure","Clackamas",,,
"050-10131","Bigfoot Bud Co.","G5 INDUSTRIES, LLC","RECREATIONAL RETAILER","No","2026-02-12","2027-02-11",,"01886087-7","109 W MAIN ST MOLALLA OR  97038","Clackamas",,,"Marijuana Home Delivery, Medical Marijuana Retailer"
"330-1081661IHH","Canna Sooth LLC","CANNA SOOTH LLC","HEMP HANDLER CERTIFICATE","No","2026-08-09","2027-08-08",,,"Exempt from Public Disclosure","Clackamas",,,
"050-1013202F7FC","Top Crop Cannabis","CHADCOR HOLDINGS, LLC","RECREATIONAL RETAILER","Yes","2023-09-13","2024-05-10","2024-05-10",,"3170 W 11TH AVE EUGENE OR  97402-3104","Lane",,,"Marijuana Home Delivery, Medical Marijuana Retailer"
"330-22426","Lava Lab","CAC VENTURES, LLC","HEMP HANDLER CERTIFICATE","No","2026-06-03","2027-06-02",,"01889041-6","Exempt from Public Disclosure","Jackson",,,
"050-1014111B782","High Lakes Cannabis Co","HIGH LAKES CANNABIS COMPANY LLC","RECREATIONAL RETAILER","No","2026-06-25","2027-06-24",,,"2820 MAYWOOD DR KLAMATH FALLS OR  97603-4550","Klamath",,,"Medical Marijuana Retailer"
"330-25986","CASCADE SPIRITS","NORTHWEST NATURAL SPIRITS LLC","HEMP HANDLER CERTIFICATE","No","2026-04-21","2027-04-20",,,"Exempt from Public Disclosure","Deschutes",,,
"050-1014181B573","Treasure Valley Cannabis Company","TREASURE VALLEY CANNABIS COMPANY, LLC","RECREATIONAL RETAILER","No","2026-03-19","2026-08-31",,,"560 SE 12TH AVE ONTARIO OR  97914-4412","Malheur",,,"Medical Marijuana Retailer"
"050-1014534AF69","Buzz Box","BTHCR PDX LLC","RECREATIONAL RETAILER","No","2026-06-16","2027-06-15",,,"6611 SE POWELL BLVD PORTLAND OR  97206-2635","Multnomah",,,"Marijuana Home Delivery, Medical Marijuana Retailer"
"330-27847","The Lab","CASCADE RANGE BOTANICALS LLC","HEMP HANDLER CERTIFICATE","No","2026-08-18","2027-05-28",,,"Exempt from Public Disclosure","Crook",,,
"050-10146522DCF","TJ's on Powell","OPCO RETAIL 1 LLC","RECREATIONAL RETAILER","No","2025-09-04","2026-09-03",,,"7827 SE POWELL BLVD PORTLAND OR  97206-2350","Multnomah",,,"Marijuana Home Delivery, Medical Marijuana Retailer"
"330-3912","Delta Hemp Farm","DELTA HEMP LLC","HEMP HANDLER CERTIFICATE","Yes","2024-07-30","2025-07-29",,,"Exempt from Public Disclosure","Curry",,,
"050-1014769D853","Elev8 Cannabis ","ELEV8 CANNABIS INC.","RECREATIONAL RETAILER","Yes","2023-05-19","2024-05-18",,,"1409 OAK ST EUGENE OR  97401-4007","Lane",,,"Marijuana Home Delivery, Medical Marijuana Retailer"
"050-10243221743","Modern Forrest","MODERN PARTNERS LLC","RECREATIONAL RETAILER","No","2025-11-22","2026-11-21",,,"634 S MAIN ST LEBANON OR  97355-3337","Linn",,,"Marijuana Home Delivery, Medical Marijuana Retailer"
"050-10151012B93","La Mota","LA MOTA BEAVERTON 2 LLC","RECREATIONAL RETAILER","No","2026-07-27","2027-07-26",,,"18918 SW SHAW ST BEAVERTON OR  97078-1284","Washington",,,"Marijuana Home Delivery, Medical Marijuana Retailer"
"050-10151557699","Zion","LEFT COAST CANOPY II, LLC","RECREATIONAL RETAILER","No","2025-04-20","2026-04-19",,,"340 SE 13TH ST ONTARIO OR  97914-3019","Malheur",,,"Marijuana Home Delivery, Medical Marijuana Retailer"
"060-1018825F60D","Konnex Wholesale","NYNO LLC","RECREATIONAL WHOLESALER","No","2026-05-10","2027-05-09",,,"Exempt from Public Disclosure","Multnomah",,,"Medical Marijuana Wholesaler"
"050-1024521338D","THX","THX LLC","RECREATIONAL RETAILER","No","2024-09-06","2025-09-05",,,"4931 NE 33RD AVE PORTLAND OR  97211-7059","Multnomah",,,"Marijuana Home Delivery, Medical Marijuana Retailer"
"050-1024657936A","Ishen Tree","GCE ENTERPRISES, INC. | ALL SYSTEMS AS PROMISED, INC.","RECREATIONAL RETAILER","No","2026-08-11","2027-08-10",,,"11821 NE GLISAN ST PORTLAND OR  97220-2142","Multnomah",,,"Marijuana Home Delivery, Medical Marijuana Retailer"
"050-1025325E94C","Chalice Farms","CBR, INC.","RECREATIONAL RETAILER","No","2025-12-27","2026-12-26",,,"2600 MAIN ST STE E, SPRINGFIELD OR  97477-5140","Lane",,,"Marijuana Home Delivery, Medical Marijuana Retailer"
"050-101564175EC","Cannabis Curb","OREGON YAK, LLC","RECREATIONAL RETAILER","Yes","2025-05-21","2026-02-07","2025-05-21",,"4069 NE M L KING BLVD STE A PORTLAND OR  97212-1115","Multnomah",,,"Marijuana Home Delivery, Medical Marijuana Retailer"
"060-10221497DB1","WJ","WJ ENTERPRISES LLC","RECREATIONAL WHOLESALER","Yes","2026-04-08","2026-08-31","2026-04-08",,"Exempt from Public Disclosure","Washington",,,"Medical Marijuana Wholesaler"
"050-10157025C26","LUCKY LION","2L RETAIL INCORPORATED","RECREATIONAL RETAILER","No","2026-07-21","2027-07-20",,,"14800 SE POWELL BLVD # 1 PORTLAND OR  97236-2494","Multnomah",,,"Marijuana Home Delivery, Medical Marijuana Retailer"
"060-1022629BF4A","Emerald Gardens Group LLC","EMERALD GARDENS GROUP LLC","RECREATIONAL WHOLESALER","Yes","2023-11-30","2024-11-29",,,"Exempt from Public Disclosure","Multnomah",,,"Medical Marijuana Wholesaler"
"050-1015716BDCC","Nectar","NECTAR MARKETS, LLC","RECREATIONAL RETAILER","No","2026-03-13","2026-09-27",,,"9735 SE WASHINGTON ST PORTLAND OR  97216-2417","Multnomah",,,"Marijuana Home Delivery, Medical Marijuana Retailer"
"060-10250307E78","Columbia Wholesale","COLUMBIA WHOLESALE, LLC","RECREATIONAL WHOLESALER","No","2026-03-11","2026-11-12",,,"Exempt from Public Disclosure","Josephine",,,
"050-10157958B19","LUCKY LION","3L RETAIL INCORPORATED","RECREATIONAL RETAILER","Yes","2025-12-30","2026-09-28","2025-12-30",,"2164 W 7TH AVE EUGENE OR  97402-7601","Lane",,,"Marijuana Home Delivery, Medical Marijuana Retailer"
"060-10253664BA0","Golden Grail","APCO, LLC","RECREATIONAL WHOLESALER","No","2026-08-26","2026-12-25",,,"Exempt from Public Disclosure","Clackamas",,,"Medical Marijuana Wholesaler"
"050-101590083E5","La Mota Merlin LLC","LA MOTA MERLIN LLC","RECREATIONAL RETAILER","No","2026-07-08","2026-11-04",,,"309 17TH ST OREGON CITY OR  97045-1032","Clackamas",,,"Marijuana Home Delivery, Medical Marijuana Retailer"
"050-1016124DFA1","Broadway Cannabis Market","BROADWAY PROJECT, INC.","RECREATIONAL RETAILER","No","2026-03-19","2027-03-18",,,"9952 SW BEAVERTON HILLSDALE HWY BEAVERTON OR  97005-3207","Washington",,,"Marijuana Home Delivery, Medical Marijuana Retailer"
"060-12661","NWC Manufacturing Inc","NWC MANUFACTURING INC","RECREATIONAL WHOLESALER","No","2026-04-21","2027-04-20",,,"Exempt from Public Disclosure","Clackamas",,,"Medical Marijuana Wholesaler"
"050-1025346633F","Chalice Farms","CBR, INC.","RECREATIONAL RETAILER","No","2026-08-26","2026-12-25",,,"823 SW NAITO PKWY PORTLAND OR  97204-3309","Multnomah",,,"Marijuana Home Delivery, Medical Marijuana Retailer"
"050-1016133E0F5","Shango Premium Cannabis","BON VIVANT LLC","RECREATIONAL RETAILER","No","2025-12-18","2026-12-17",,,"8056 SE HAROLD ST PORTLAND OR  97206-5148","Multnomah",,,"Marijuana Home Delivery, Medical Marijuana Retailer"
"060-15245","Dead Weight Distributing ","GEORGE FRANKLIN CONSULTING LLC","RECREATIONAL WHOLESALER","No","2026-06-12","2027-06-11",,,"Exempt from Public Disclosure","Multnomah",,,"Medical Marijuana Wholesaler"
"050-10167404EEB","Canna Bros. Amity","RIVERGLASS SHOP LLC","RECREATIONAL RETAILER","No","2026-06-23","2027-06-22",,,"108 S TRADE ST AMITY OR  97101-2808","Yamhill",,,"Medical Marijuana Retailer"
"060-17565","Garden of Eden Farm, LLC","GARDEN OF EDEN FARM LLC","RECREATIONAL WHOLESALER","No","2026-08-07","2027-08-06",,,"Exempt from Public Disclosure","Jackson",,,
"050-101677217E8","Nectar","NECTAR MARKETS, LLC","RECREATIONAL RETAILER","No","2026-03-13","2027-04-03",,,"3514 COMMERCIAL ST SE SALEM OR  97302-3830","Marion",,,"Marijuana Home Delivery, Medical Marijuana Retailer"
"060-17976","Frank's LLC","FRANK'S LLC","RECREATIONAL WHOLESALER","Yes","2025-08-19","2026-08-18",,,"Exempt from Public Disclosure","Multnomah",,,
"050-10167774072","GREENFRONT","J.T.W. II LLC","RECREATIONAL RETAILER","No","2026-05-05","2027-05-04",,,"8138 NE SANDY BLVD PORTLAND OR  97213-7155","Multnomah",,,"Marijuana Home Delivery, Medical Marijuana Retailer"
"050-10168033385","Main Street Cannabis","AGRICOLA INDEPENDENCE INC.","RECREATIONAL RETAILER","Yes","2025-02-25","2026-02-24",,,"905 N MAIN ST STE A, INDEPENDENCE OR  97351-2505","Polk",,,"Marijuana Home Delivery, Medical Marijuana Retailer"
"050-1025540764D","Lucky Lion","LL RETAIL INCORPORATED","RECREATIONAL RETAILER","No","2026-06-10","2027-01-17",,,"2147 MAIN ST SPRINGFIELD OR  97477-5071","Lane",,,"Medical Marijuana Retailer"
"060-18338","178th NE Investment","178TH NE INVESTMENT LLC","RECREATIONAL WHOLESALER","No","2026-08-28","2027-08-27",,,"Exempt from Public Disclosure","Multnomah",,,
"050-10170233BF0","The Spot Cannabis Collective","ATLAS V, LLC.","RECREATIONAL RETAILER","No","2026-02-18","2027-02-17",,,"1345 CENTER DR UNIT D, MEDFORD OR  97501-7945","Jackson",,,"Marijuana Home Delivery, Medical Marijuana Retailer"
"060-22076","Soybodhi, LLC ","SOYBODHI, LLC","RECREATIONAL WHOLESALER","No","2025-12-17","2026-12-16",,,"Exempt from Public Disclosure","Josephine",,,
"050-10255942CAD","Brothers Cannabis Club","PEOU SEA, LLC","RECREATIONAL RETAILER","No","2026-01-23","2027-01-22",,,"1328 SE MORRISON ST PORTLAND OR  97214-2423","Multnomah",,,"Marijuana Home Delivery, Medical Marijuana Retailer"
"060-3777","Treasure Valley Cannabis Company","TREASURE VALLEY CANNABIS COMPANY, LLC","RECREATIONAL WHOLESALER","No","2026-06-21","2027-06-20",,,"Exempt from Public Disclosure","Jackson",,,"Medical Marijuana Wholesaler"
"050-1025720D7CC","Smooth Roots Lincoln City","SR OREGON LLC","RECREATIONAL RETAILER","No","2026-01-19","2027-01-18",,,"325 SW HIGHWAY 101 LINCOLN CITY OR  97367-2759","Lincoln",,,"Marijuana Home Delivery, Medical Marijuana Retailer"
"060-3917","Cotton Mouth Distribution LLC","COTTON MOUTH DISTRIBUTION LLC","RECREATIONAL WHOLESALER","No","2026-07-31","2027-07-30",,,"Exempt from Public Disclosure","Washington",,,
"050-10257368B11","Truth Dispensary","TRUTH 3 INC","RECREATIONAL RETAILER","No","2026-02-06","2027-02-05",,,"1026 COMMERCIAL ST SE SALEM OR  97302","Marion",,,"Marijuana Home Delivery, Medical Marijuana Retailer"
"060-4371","GOLDEN STALLION ENTERPRISE PDX LLC","GOLDEN STALLION ENTERPRISE PDX LLC","RECREATIONAL WHOLESALER","No","2026-08-26","2027-08-25",,,"Exempt from Public Disclosure","Multnomah",,,
"050-10257546056","Gnome Grown Oregon","GNOME GROWN RETAIL LLC","RECREATIONAL RETAILER","No","2026-02-27","2027-02-26",,,"2005 BEAVERCREEK RD OREGON CITY OR  97045-4125","Clackamas",,,
"060-5602","Alvadore Farms","ALVADORE FARMS, LLC","RECREATIONAL WHOLESALER","No","2025-09-26","2026-09-25",,,"Exempt from Public Disclosure","Lane",,,"Medical Marijuana Wholesaler"
"050-11644","Oregon's Best Buds","HIGH DESERT FLOWER, INC.","RECREATIONAL RETAILER","No","2026-03-26","2027-03-25",,,"10128 E BURNSIDE ST STE A PORTLAND OR  97216-2335","Multnomah",,,
"060-7894","Green Acers Farm, LLC","GREEN ACERS FARM LLC","RECREATIONAL WHOLESALER","No","2025-11-27","2026-11-26",,,"Exempt from Public Disclosure","Lane",,,
"050-12696","Truth Dispensary","HERBAL REMEDIES 2 INC","RECREATIONAL RETAILER","No","2026-04-21","2027-04-20",,,"1025 LANCASTER DR SE SALEM OR  97317-5836","Marion",,,"Marijuana Home Delivery, Medical Marijuana Retailer"
"060-9263","FreeBird Distributes","SUNTAN LLC","RECREATIONAL WHOLESALER","No","2026-05-20","2027-01-15",,,"Exempt from Public Disclosure","Lane",,,
"050-13003","Green Cross Cannabis Emporium","TLC MEDICAL, INC","RECREATIONAL RETAILER","No","2026-04-27","2027-04-26",,"1721081-1","341 SW CENTURY DR BEND OR  97702-1054","Deschutes",,,"Marijuana Home Delivery, Medical Marijuana Retailer"
"320-1056346IHG","Moon Farm LLC","MOON FARM LLC","HEMP GROWER CERTIFICATE","No","2026-04-27","2027-04-26",,,"Exempt from Public Disclosure","Clackamas",,,
"050-1017432812F","TJ's on Broadway","JV RETAIL 4 LLC","RECREATIONAL RETAILER","Yes","2025-01-16","2025-09-16","2025-01-16",,"1487 BROADWAY ST NE SALEM OR  97301-1427","Marion",,,"Marijuana Home Delivery, Medical Marijuana Retailer"
"330-1063159IHH","RiverLeaf Biotech Industries LLC","RIVERLEAF BIOTECH INDUSTRIES LLC","HEMP HANDLER CERTIFICATE","No","2025-11-03","2026-11-02",,,"Exempt from Public Disclosure","Clackamas",,,
"050-15195","Emerald Triangle Dispensary","ETD ENTERPRISES, INC","RECREATIONAL RETAILER","No","2026-06-12","2027-06-11",,,"235 UNION AVE GRANTS PASS OR  97527-5581","Josephine",,,"Marijuana Home Delivery, Medical Marijuana Retailer"
"050-1017795BA15","Astral Markets","ASTRAL MARKETS INC.","RECREATIONAL RETAILER","Yes","2025-09-04","2026-05-09","2025-09-04",,"140 DETROIT AVE DETROIT OR  97342","Marion",,,"Marijuana Home Delivery, Medical Marijuana Retailer"
"330-1066193IHH","RDSP LLC","RDSP LLC","HEMP HANDLER CERTIFICATE","Yes","2023-10-30","2024-10-29",,,"Exempt from Public Disclosure","Clackamas",,,
"050-1017832BF9E","Xclusives Taste","XCLUSIVES TASTE RETAIL, LLC","RECREATIONAL RETAILER","No","2026-04-15","2026-12-20",,,"4855 SE TUALATIN VALLEY HWY STE A, HILLSBORO OR  97123-8482","Washington",,,"Marijuana Home Delivery, Medical Marijuana Retailer"
"050-18689","CBR, Inc.","CBR, INC.","RECREATIONAL RETAILER","No","2026-08-26","2026-09-07",,,"2205 NE DIVISION ST STE 150 BEND OR  97703-3548","Deschutes",,,"Marijuana Home Delivery, Medical Marijuana Retailer"
"050-1017934966E","Nectar","NECTAR MARKETS, LLC","RECREATIONAL RETAILER","No","2026-03-13","2026-12-20",,,"488 N MAIN ST ASHLAND OR  97520-1706","Jackson",,,"Marijuana Home Delivery, Medical Marijuana Retailer"
"050-20611","Newport Cannabis","PARKER W. HOLDINGS LLC","RECREATIONAL RETAILER","No","2026-04-01","2026-11-02",,,"157 NW 15TH ST NEWPORT OR  97365-2369","Lincoln",,,"Medical Marijuana Retailer"
"050-1021698ED82","The Flower Room - Bend Downtown","THE FLOWER ROOM LLC","RECREATIONAL RETAILER","No","2026-08-22","2027-08-21",,,"817 NW HILL ST BEND OR  97703-2924","Deschutes",,,"Marijuana Home Delivery, Medical Marijuana Retailer"
"050-22406","Red Barn Dispensary ","RB DISPENSARY 8 LLC ","RECREATIONAL RETAILER","No","2026-01-07","2027-01-06",,,"1024 COURT ST STE D, MEDFORD OR  97501-5700","Jackson",,,"Marijuana Home Delivery, Medical Marijuana Retailer"
"050-10217737A2D","Mr. Nice Guy Portland","MNG HOLDINGS, LLC","RECREATIONAL RETAILER","Yes","2025-07-31","2025-08-29","2025-07-31","0173815 93","1853 2ND ST SPRINGFIELD OR  97477-2121","Multnomah",,,"Marijuana Home Delivery, Medical Marijuana Retailer"
"050-1021798FA70","Lemonnade St. Johns Inc.","LEMONNADE ST. JOHNS INC.","RECREATIONAL RETAILER","No","2025-11-04","2026-11-03",,,"8105 N FESSENDEN ST PORTLAND OR  97203-1622","Multnomah",,,"Marijuana Home Delivery, Medical Marijuana Retailer"
"050-10220347D48","Pur Roots (Powell)","PORTLAND HEALTH CENTER INCORPORATED","RECREATIONAL RETAILER","No","2025-09-14","2026-09-13",,,"8701 SE POWELL BLVD PORTLAND OR  97266-1934","Multnomah",,,"Marijuana Home Delivery, Medical Marijuana Retailer"
"050-22734","Smooth Trich Inc.","SMOOTH TRICH INC.","RECREATIONAL RETAILER","No","2026-07-28","2027-01-15",,,"34970 BROOTEN RD PACIFIC CITY OR  97135","Tillamook",,,"Marijuana Home Delivery, Medical Marijuana Retailer"
"050-1022846D477","Couch Street LLC","COUCH STREET LLC","RECREATIONAL RETAILER","Yes","2024-10-30","2024-10-30","2024-10-30",,"105 NE 8TH AVE PORTLAND OR  97232-2910","Multnomah",,,"Marijuana Home Delivery, Medical Marijuana Retailer"
"050-1022876E6E4","WeedAgain","TRI CONSULTING & PROPERTIES LLC","RECREATIONAL RETAILER","No","2025-11-30","2026-11-29",,,"86784 FRANKLIN BLVD UNIT A, EUGENE OR  97405-9607","Lane",,,"Marijuana Home Delivery, Medical Marijuana Retailer"
"050-1023045DDCD","ADNA RETAIL OREGON LLC","ADNA RETAIL OREGON, LLC","RECREATIONAL RETAILER","Yes","2024-10-09","2024-10-11","2024-10-09",,"12550 SE DIVISION ST PORTLAND OR  97236-3130","Multnomah",,,
"050-1023557271F","Ripped City Greenz","S&K INC","RECREATIONAL RETAILER","No","2026-03-20","2027-03-19",,,"15591 SE MCLOUGHLIN BLVD MILWAUKIE OR  97267-3853","Clackamas",,,"Marijuana Home Delivery, Medical Marijuana Retailer"
"050-10237169ACB","Sweet Chron","NW HOLDING GROUP LLC","RECREATIONAL RETAILER","No","2026-05-19","2027-05-18",,,"18438 REDWOOD HWY SELMA OR  97538-9763","Josephine",,,"Marijuana Home Delivery, Medical Marijuana Retailer"
"050-10242705456","Rogue Valley Cannabis","RVCETD WEST LLC","RECREATIONAL RETAILER","No","2026-08-29","2027-08-28",,,"2060 W MAIN ST MEDFORD OR  97501-2206","Jackson",,,"Marijuana Home Delivery, Medical Marijuana Retailer"
"050-10246757EF5","Happy Haze","1409 OAK STREET LLC","RECREATIONAL RETAILER","No","2026-08-18","2026-11-08",,,"1409 OAK ST EUGENE OR  97401-4007","Lane",,,"Marijuana Home Delivery, Medical Marijuana Retailer"
"050-1025340C56C","Chalice Farms","CBR, INC.","RECREATIONAL RETAILER","No","2026-08-26","2026-12-25",,,"1178 N HIGHWAY 99W DUNDEE OR  97115-9718","Yamhill",,,"Marijuana Home Delivery, Medical Marijuana Retailer"
"050-10258531C39","FYRE","CALYX RETAIL LLC","RECREATIONAL RETAILER","Yes","2025-01-12","2026-01-06",,,"2650 NE DIVISION ST BEND OR  97703-3569","Deschutes",,,"Marijuana Home Delivery, Medical Marijuana Retailer"
"050-23224","GREEN FRONT","J.T.W. II LLC","RECREATIONAL RETAILER","No","2026-01-31","2027-01-30",,,"2046 NE HIGHWAY 99W STE A MCMINNVILLE OR  97128-6290","Yamhill",,,"Medical Marijuana Retailer"
"050-10258782ABE","Brothers Cannabis","PEOU SEA, LLC","RECREATIONAL RETAILER","No","2026-01-11","2027-01-10",,,"1639 SE FLAVEL ST PORTLAND OR  97202-6033","Multnomah",,,
"050-23458","US High Standards Dispensary #1, LLC","US HIGH STANDARDS DISPENSARY #1, LLC","RECREATIONAL RETAILER","No","2026-02-09","2027-02-08",,"TX","72217 HIGHWAY 101 LAKESIDE OR  97449-8659","Coos",,,"Medical Marijuana Retailer"
"050-23750","Emerald Triangle Dispensary","EMERALD VALLEY WELLNESS, LLC","RECREATIONAL RETAILER","No","2026-02-17","2027-02-16",,"01868681-5","103 N PACIFIC HWY UNITS A, B, C, TALENT OR  97540-9625","Jackson",,,"Marijuana Home Delivery, Medical Marijuana Retailer"
"050-24312","Nectar","NECTAR MARKETS, LLC","RECREATIONAL RETAILER","No","2026-03-13","2027-03-05",,,"18066 NE AIRPORT WAY GRESHAM OR  97230-4988","Multnomah",,,"Marijuana Home Delivery, Medical Marijuana Retailer"
"050-27301","Hawthorne Cannabis","WEST TIMBER RIDGE, LLC","RECREATIONAL RETAILER","No","2026-05-18","2027-05-17",,"2491319-96","4300 SE HAWTHORNE BLVD PORTLAND OR  97215-3163","Multnomah",,,"Medical Marijuana Retailer"
"050-10743","Green Flamingo","AGRICOLA RETAIL, INC","RECREATIONAL RETAILER","Yes","2025-03-01","2026-02-28",,,"309 SHIPPING ST NE SALEM OR  97301-6427","Marion",,,"Marijuana Home Delivery, Medical Marijuana Retailer"
"050-11274","Preserve Oregon","PRESERVE OREGON LIBERTY, CORP","RECREATIONAL RETAILER","No","2026-03-18","2027-03-17",,"01888349-7","2820 LIBERTY ST NE SALEM OR  97301-6540","Marion",,,"Marijuana Home Delivery, Medical Marijuana Retailer"
"050-11681","Moss Crossing","MOSS CROSS LLC","RECREATIONAL RETAILER","No","2026-03-27","2027-03-26",,"01867640-7","2751 FRIENDLY ST EUGENE OR  97405-2254","Lane",,,"Marijuana Home Delivery, Medical Marijuana Retailer"
"050-30474","Eugene 6th, 1","NECTAR MARKETS, LLC","RECREATIONAL RETAILER","No","2026-08-17","2027-07-30",,,"698 W 6TH AVE APT 1, EUGENE OR  97402-5119","Lane",,,"Marijuana Home Delivery, Medical Marijuana Retailer"
"050-3049","Nectar","NECTAR MARKETS, LLC","RECREATIONAL RETAILER","No","2026-03-13","2027-04-03",,,"8201 SE POWELL BLVD STE F, PORTLAND OR  97266-2059","Multnomah",,,"Marijuana Home Delivery, Medical Marijuana Retailer"
"050-11726","Broadway Cannabis Market","BROADWAY PROJECT, INC.","RECREATIONAL RETAILER","No","2026-03-27","2027-03-26",,,"1016 SW CLAY ST PORTLAND OR  97201-3419","Multnomah",,,"Marijuana Home Delivery, Medical Marijuana Retailer"
"050-3054","Smooth Roots Multnomah","SR OREGON MULTNOMAH LLC","RECREATIONAL RETAILER","No","2026-04-04","2027-04-03",,,"3005 SW MULTNOMAH BLVD PORTLAND OR  97219-3701","Multnomah",,,"Marijuana Home Delivery, Medical Marijuana Retailer"
"050-3686","Green Cross Cannabis Emporium ","TLC MEDICAL, INC.","RECREATIONAL RETAILER","Yes","2025-04-27","2025-06-06","2025-04-27","1721081-1","1234 SW BASELINE ST STE A, HILLSBORO OR  97123-3845","Marion",,,"Marijuana Home Delivery, Medical Marijuana Retailer"
"050-12602","TJ's Downtown Eugene","TJ'S DOWNTOWN EUGENE LLC","RECREATIONAL RETAILER","No","2026-04-18","2027-04-17",,,"1027 WILLAMETTE ST EUGENE OR  97401-3113","Lane",,,"Marijuana Home Delivery, Medical Marijuana Retailer"
"050-17192","Emerald Triangle Dispensary","TRIANGLE HILL, LLC","RECREATIONAL RETAILER","No","2026-07-29","2027-07-28",,"01868467-5","1818 E MCANDREWS RD MEDFORD OR  97504-5578","Jackson",,,
"050-18351","CBR, Inc.","CBR, INC.","RECREATIONAL RETAILER","No","2026-08-26","2026-08-27",,,"7625 SW OLESON RD PORTLAND OR  97223-7442","Washington",,,"Marijuana Home Delivery, Medical Marijuana Retailer"
"050-18963","Jayne","HERBAN LLC","RECREATIONAL RETAILER","No","2025-09-15","2026-09-14",,,"2145 NE MARTIN LUTHER KING JR BLVD PORTLAND OR  97212-3725","Multnomah",,,"Marijuana Home Delivery, Medical Marijuana Retailer"
"050-20408","TJ's By the Bridge","TJ'S BY THE BRIDGE LLC ","RECREATIONAL RETAILER","No","2025-10-29","2026-10-27",,,"729 SE POWELL BLVD PORTLAND OR  97202","Multnomah",,,"Marijuana Home Delivery, Medical Marijuana Retailer"
"050-20502","Chadcor Holdings 3,  Co.","CHADCOR HOLDINGS 3 CO.","RECREATIONAL RETAILER","No","2025-11-03","2026-10-29",,,"1675 FRANKLIN BLVD EUGENE OR  97403-1982","Lane",,,"Marijuana Home Delivery, Medical Marijuana Retailer"
"050-20722","La Cannaisseur","HIGH DESERT FLOWER, INC.","RECREATIONAL RETAILER","No","2025-11-06","2026-11-05",,,"11324 NW SAINT HELENS RD PORTLAND OR  97231-1037","Multnomah",,,"Medical Marijuana Retailer"
"050-22084","Canna Bros. McMinnville","RIVERGLASS SHOP LLC","RECREATIONAL RETAILER","No","2025-12-18","2026-12-17",,,"2215 NE EVANS ST MCMINNVILLE OR  97128-2703","Yamhill",,,"Medical Marijuana Retailer"
"050-22201","Portal 541","PORTAL 541 LLC","RECREATIONAL RETAILER","No","2025-12-24","2026-12-23",,,"1936 MAIN ST SPRINGFIELD OR  97477-5054","Lane",,,"Marijuana Home Delivery, Medical Marijuana Retailer"
"050-23245","Dreams Dispensary","DREAMS DISPENSARY LLC","RECREATIONAL RETAILER","No","2026-07-08","2027-02-01",,"01902811-5","1000 OBIE ST SITE A, EUGENE OR  97402-3054","Lane",,,"Marijuana Home Delivery, Medical Marijuana Retailer"
"050-3748","Angel Store","MARKET STREET, LLC","RECREATIONAL RETAILER","No","2026-08-25","2026-06-16",,,"633 MARKET ST STE 100, MEDFORD OR  97504-6162","Jackson",,,"Marijuana Home Delivery, Medical Marijuana Retailer"
"050-24055","Elevated Wellness","ELEVATED WELLNESS LLC","RECREATIONAL RETAILER","No","2026-03-19","2027-02-26",,,"4450 NE SANDY BLVD & 4460 NE SANDY BLVD, PORTLAND OR  97213-1436","Multnomah",,,"Marijuana Home Delivery, Medical Marijuana Retailer"
"050-3915","Stinkin Budz","SWEET ANGEL LLC","RECREATIONAL RETAILER","No","2025-07-31","2026-07-30",,,"1040 COMMERCIAL ST SE SALEM OR  97302-4112","Marion",,,"Medical Marijuana Retailer"
"050-6674","Thur's Smoke Shop","THUR'S SMOKE SHOP LLC","RECREATIONAL RETAILER","No","2025-10-25","2026-10-24",,,"2380 N VERDE DR ONTARIO OR  97914-1102","Malheur",,,"Marijuana Home Delivery, Medical Marijuana Retailer"
"050-8714","Mystic Moss","MYSTIC MOSS LLC","RECREATIONAL RETAILER","No","2026-04-08","2026-12-25",,,"119 SW 4TH ST CORVALLIS OR  97333-4711","Benton",,,"Marijuana Home Delivery, Medical Marijuana Retailer"
"050-8953","Better Daze","SMOKEY TH3 BEARS, LLC","RECREATIONAL RETAILER","No","2026-01-08","2027-01-07",,,"1910 EMPIRE PARK DR EUGENE OR  97402-1690","Lane",,,
"050-25994","RJ's Leaf","HIGH DESERT FLOWER, INC.","RECREATIONAL RETAILER","No","2026-04-21","2027-04-20",,,"5501 NW SAINT HELENS RD PORTLAND OR  97210-1139","Multnomah",,,"Medical Marijuana Retailer"
"050-26293","The Vault","DAB FACTORY LLC","RECREATIONAL RETAILER","No","2026-04-27","2027-04-26",,,"10215 SE FOSTER RD Portland, OR 97266-5115","Multnomah",,,
"050-26699","TBS Oregon, LLC","TBS OREGON, LLC","RECREATIONAL RETAILER","No","2026-05-05","2027-05-04",,"01904400-8","382 LONE PINE BLVD THE DALLES OR  97058-9407","Wasco",,,
"060-10013572A70","Black Market Distribution","BLACK MARKET DISTRIBUTION LLC","RECREATIONAL WHOLESALER","No","2026-08-03","2026-12-15",,,"Exempt from Public Disclosure","Jackson",,,
"060-10029559A03","Self Made Farms, LLC","SELF MADE FARMS, LLC","RECREATIONAL WHOLESALER","No","2025-09-28","2026-09-27",,,"Exempt from Public Disclosure","Multnomah",,,"Medical Marijuana Wholesaler"
"060-100375652F3","Sky High Farms","TIM AND TOBIN'S FARM COMPANY","RECREATIONAL WHOLESALER","No","2025-11-02","2026-11-01",,,"Exempt from Public Disclosure","Multnomah",,,"Medical Marijuana Wholesaler"
"060-1004108D098","High Habits","CO2 COMPANY AUCTION HOUSE LLC","RECREATIONAL WHOLESALER","Yes","2023-02-03","2024-02-02",,,"Exempt from Public Disclosure","Multnomah",,,
"050-30274","Beach Kine LLC","BEACH KINE LLC","RECREATIONAL RETAILER","No","2026-07-27","2027-07-26",,,"1803 S ROOSEVELT DR STE C, SEASIDE OR  97138-6544","Clatsop",,,"Marijuana Home Delivery, Medical Marijuana Retailer"
"060-10048798ABC","Cosmic Treehouse","COSMIC, LLC","RECREATIONAL WHOLESALER","No","2026-01-13","2027-01-12",,,"Exempt from Public Disclosure","Multnomah",,,"Medical Marijuana Wholesaler"
"050-31109","Dreams Dispensary","DREAMS DISPENSARY LLC","RECREATIONAL RETAILER","No","2026-08-19","2027-08-18",,"01902811-5","1681 W 7TH AVE EUGENE OR  97402-4309","Lane",,,"Marijuana Home Delivery, Medical Marijuana Retailer"
"060-10059502378","Queen B Labs","QUEEN B LABS LLC","RECREATIONAL WHOLESALER","No","2026-08-10","2027-07-06",,,"Exempt from Public Disclosure","Multnomah",,,"Medical Marijuana Wholesaler"
"050-3134","High Lakes Cannabis Company","HIGH LAKES CANNABIS COMPANY LLC","RECREATIONAL RETAILER","No","2026-04-30","2027-04-29",,,"593 JACKSON ST E 597 JACKSON ST E MONMOUTH OR  97361-1513","Polk",,,"Marijuana Home Delivery, Medical Marijuana Retailer"
"060-10071252572","Cannabis Corner","CANNABIS CORNER, LLC.","RECREATIONAL WHOLESALER","No","2025-12-22","2026-10-31",,,"Exempt from Public Disclosure","Multnomah",,,
"050-3480","The Farmers Daughters","THE FARMERS DAUGHTERS DISPENSARY LLC","RECREATIONAL RETAILER","No","2026-05-21","2027-05-20",,,"1025 CHETCO AVE # 4, BROOKINGS OR  97415-7152","Curry",,,"Marijuana Home Delivery, Medical Marijuana Retailer"
"050-3716","Emerald Triangle Dispensary","ZACHARY KOHLER","RECREATIONAL RETAILER","No","2026-06-11","2027-06-10",,,"3388 MERLIN RD GRANTS PASS OR  97526-8421","Josephine",,,"Marijuana Home Delivery, Medical Marijuana Retailer"
"050-3779","GM Dispensary","ARBON ENTERPRISES, INC","RECREATIONAL RETAILER","No","2026-06-21","2027-06-20",,,"12745 SW WALKER RD STE 100A BEAVERTON OR  97005-1318","Washington",,,"Medical Marijuana Retailer"
"050-3904","Minions","MINIONS LLC","RECREATIONAL RETAILER","No","2026-07-28","2027-07-27",,,"3700 RIVER RD N STE 9, KEIZER OR  97303-5657","Marion",,,"Marijuana Home Delivery, Medical Marijuana Retailer"
"050-4560","ADNA","NEW FRONTIER LLC","RECREATIONAL RETAILER","Yes","2026-08-19","2026-08-29","2026-08-19",,"1681 W 7TH AVE EUGENE OR  97402-4309","Benton",,,"Marijuana Home Delivery, Medical Marijuana Retailer"
"050-4747","Twenty After Four Wellness","420 BLAIR BLVD.CORP","RECREATIONAL RETAILER","No","2026-09-05","2027-09-04",,,"420 BLAIR BLVD UNIT A, EUGENE OR  97402-4393","Lane",,,
"060-1007408B732","Cloud Cover","QUALITY PRODUCT SOLUTIONS LLC","RECREATIONAL WHOLESALER","Yes","2024-10-25","2025-07-28","2024-10-28",,"Exempt from Public Disclosure","Multnomah",,,"Medical Marijuana Wholesaler"
"060-10093306233","Sugar Tree Wholesale","SUGAR TREE WHOLESALE CO. LLC","RECREATIONAL WHOLESALER","No","2025-12-06","2026-12-05",,,"Exempt from Public Disclosure","Washington",,,
"060-10115220FA8","The Spot Cannabis Collective","ATLAS V, LLC.","RECREATIONAL WHOLESALER","No","2026-02-04","2027-02-03",,,"Exempt from Public Disclosure","Jackson",,,"Medical Marijuana Wholesaler"
"060-10118421284","OBSESHN","SECRET GARDEN FARMS LLC","RECREATIONAL WHOLESALER","No","2026-03-09","2027-03-08",,,"Exempt from Public Disclosure","Lane",,,
"050-5503","Sensible Cannabis Company","PAC NW VENTURES LLC","RECREATIONAL RETAILER","No","2025-09-24","2026-09-23",,,"1917 SE 7TH AVE PORTLAND OR  97214-4601","Multnomah",,,"Marijuana Home Delivery, Medical Marijuana Retailer"
"060-1012041EA5F","Oregon Cannabis Clones","PUSH SUPPLY COMPANY LLC","RECREATIONAL WHOLESALER","Yes","2024-07-09","2024-12-13",,,"Exempt from Public Disclosure","Josephine",,,
"050-5608","Home Grown Apothecary","CELESTIAL LION LLC.","RECREATIONAL RETAILER","No","2025-12-16","2026-09-25",,,"1937 NE PACIFIC ST PORTLAND OR  97232-2211","Multnomah",,,"Marijuana Home Delivery, Medical Marijuana Retailer"
"060-1012251E8C0","Columbia Garden Wholesale","COLUMBIA BIOSCIENCES, LLC","RECREATIONAL WHOLESALER","Yes","2024-10-07","2024-11-14","2024-10-08",,"Exempt from Public Disclosure","Jackson",,,
"050-6783","Today's Herbal Choice Forest Grove, LLC","TODAY'S HERBAL CHOICE FOREST GROVE, LLC","RECREATIONAL RETAILER","No","2025-10-29","2026-10-28",,"01856862-1","3130 PACIFIC AVE FOREST GROVE OR  97116-1803","Washington",,,"Medical Marijuana Retailer"
"060-1012509278A","Pot of Gold","POT OF GOLD DISTRIBUTING, LLC","RECREATIONAL WHOLESALER","Yes","2023-08-05","2024-08-04",,,"Exempt from Public Disclosure","Multnomah",,,
"060-10129017522","Golden Hydro","IMPACT DIRECT, LLC","RECREATIONAL WHOLESALER","Yes","2026-01-11","2026-02-17","2026-01-11",,"Exempt from Public Disclosure","Washington",,,
"060-1013395D829","Halo Labs; Hush; Hushcanna","ANM, INC.","RECREATIONAL WHOLESALER","Yes","2025-05-15","2026-01-29","2025-05-15",,"Exempt from Public Disclosure","Jackson",,,
"060-10146442175","Green Canopy Wholesale LLC","GREEN CANOPY WHOLESALE LLC","RECREATIONAL WHOLESALER","Yes","2026-01-09","2026-01-11","2026-01-09",,"Exempt from Public Disclosure","Multnomah",,,"Medical Marijuana Wholesaler"
"050-6822","ASAP Buds Collective","HABIBI HOLDINGS LLC","RECREATIONAL RETAILER","No","2025-10-30","2026-10-29",,,"105 NE 8TH AVE STE B, PORTLAND OR  97232-2910","Multnomah",,,"Marijuana Home Delivery, Medical Marijuana Retailer"
"060-10154183DAE","White Label Distribution","WL DISTRIBUTION, LLC","RECREATIONAL WHOLESALER","No","2025-10-06","2026-10-05",,,"Exempt from Public Disclosure","Lane",,,"Medical Marijuana Wholesaler"
"060-1015806F509","TBH Wholesale","SEGRETO LLC","RECREATIONAL WHOLESALER","No","2026-01-27","2027-01-26",,,"Exempt from Public Disclosure","Malheur",,,
"060-10158565BC1","Apis Hyve LLC","APIS HYVE LLC","RECREATIONAL WHOLESALER","No","2026-02-16","2027-02-15",,,"Exempt from Public Disclosure","Lane",,,"Medical Marijuana Wholesaler"
"060-10162649727","14941 SW 72ND AVE TIGARD OR 97224","MCTSA MANAGEMENT CORP","RECREATIONAL WHOLESALER","Yes","2026-08-12","2026-10-28","2026-08-12",,"Exempt from Public Disclosure","Clackamas",,,
"060-10162751995","Lifted Northwest","BENJAMINSBUDZ LLC","RECREATIONAL WHOLESALER","No","2026-08-20","2026-11-22",,,"Exempt from Public Disclosure","Multnomah",,,"Medical Marijuana Wholesaler"
"050-7275","Herbal Choices","NP RETAIL INC","RECREATIONAL RETAILER","No","2025-11-11","2026-11-10",,,"1110 13TH ST SE SALEM OR  97302-2598","Marion",,,"Medical Marijuana Retailer"
"060-101642295A9","REUP Wholesale ","REUP WHOLESALE LLC","RECREATIONAL WHOLESALER","Yes","2024-11-12","2025-08-04","2024-11-12",,"Exempt from Public Disclosure","Multnomah",,,
"060-10168145D52","Benson Arbor","ARBOR FARMS LLC","RECREATIONAL WHOLESALER","No","2026-07-02","2026-11-30",,,"Exempt from Public Disclosure","Jackson",,,
"060-1017313AD83","Pharmer's Market","ARBOR ASSETS, INCORPORATED","RECREATIONAL WHOLESALER","Yes","2025-08-07","2026-02-23","2025-08-07",,"Exempt from Public Disclosure","Marion",,,
"060-101744462B2","Grown Rogue - Airport","GROWN ROGUE GARDENS LLC","RECREATIONAL WHOLESALER","No","2026-06-18","2026-11-11",,,"Exempt from Public Disclosure","Jackson",,,
"060-10039397D78","Dreamfield Transfer Services","DREAMFIELD TRANSFER SERVICES INC","RECREATIONAL WHOLESALER","No","2026-03-09","2027-03-08",,,"Exempt from Public Disclosure","Multnomah",,,
"060-10082532B00","oreKron Distribution","CAREY NIKLAS DARNELL LLC","RECREATIONAL WHOLESALER","Yes","2025-06-02","2026-02-21","2025-06-02",,"Exempt from Public Disclosure","Marion",,,
"060-1018016E47A","Dark Horse Distribution","OREGON AG AND DISTRIBUTION, LLC","RECREATIONAL WHOLESALER","No","2025-12-23","2026-12-22",,,"Exempt from Public Disclosure","Baker",,,
"060-102186094F2","Dr. Jolly's","DR. JOLLY'S LLC","RECREATIONAL WHOLESALER","Yes","2025-06-17","2025-09-01","2025-06-17",,"Exempt from Public Disclosure","Clackamas",,,"Medical Marijuana Wholesaler"
"060-1009092E8CB","Willamette Valley Alchemy Wholesale","WILLAMETTE VALLEY ALCHEMY LLC","RECREATIONAL WHOLESALER","Yes","2025-12-28","2026-03-14","2025-12-28",,"Exempt from Public Disclosure","Lane",,,"Medical Marijuana Wholesaler"
"060-10108658A1C","Virgin Cannabis, Wolf Creek Cannabis","NEW FRONTIER LLC","RECREATIONAL WHOLESALER","No","2026-06-15","2026-10-10",,,"Exempt from Public Disclosure","Deschutes",,,
"060-10112905CD0","La Mota SW Portland LLC","LA MOTA SW PORTLAND LLC","RECREATIONAL WHOLESALER","No","2026-07-08","2027-07-07",,,"Exempt from Public Disclosure","Multnomah",,,"Medical Marijuana Wholesaler"
"060-1021899FA94","Calyx Wholesale","CALYX WHOLESALE LLC","RECREATIONAL WHOLESALER","Yes","2025-05-28","2025-07-04","2025-05-28",,"Exempt from Public Disclosure","Marion",,,"Medical Marijuana Wholesaler"
"060-1011651C510","Bahama Buds","CROWDED HOUSE, LLC","RECREATIONAL WHOLESALER","Yes","2024-02-10","2025-02-09",,,"Exempt from Public Disclosure","Coos",,,"Medical Marijuana Wholesaler"
"060-101226678DA","Mary Jans","SIMPLEE GREEN, LLC","RECREATIONAL WHOLESALER","No","2026-07-24","2027-07-23",,,"Exempt from Public Disclosure","Lane",,,"Medical Marijuana Wholesaler"
"060-1013021C254","PDX Distribution LLC","PDX DISTRIBUTION LLC","RECREATIONAL WHOLESALER","No","2026-02-24","2027-02-23",,,"Exempt from Public Disclosure","Washington",,,
"060-10146555C41","Reefer Distribution","JV WHOLESALE LLC","RECREATIONAL WHOLESALER","Yes","2024-09-04","2025-09-03",,,"Exempt from Public Disclosure","Lane",,,
"060-1015655A550","Oregon Cannabis Wholesale","MCLANAHAN INVESTMENTS LLC","RECREATIONAL WHOLESALER","Yes","2025-05-24","2026-05-23","2025-06-25",,"Exempt from Public Disclosure","Jackson",,,"Wholesaler For Hire Trimming"
"060-10219688229","Blue Star Distributions","BLUE STAR DISTRIBUTIONS LLC","RECREATIONAL WHOLESALER","No","2025-11-04","2026-11-03",,,"Exempt from Public Disclosure","Washington",,,"Medical Marijuana Wholesaler"
"060-10159780F69","CTW","43CC, LLC","RECREATIONAL WHOLESALER","No","2026-05-12","2027-05-11",,,"Exempt from Public Disclosure","Multnomah",,,"Medical Marijuana Wholesaler"
"060-101640942DE","HOTBOX FARMS LLC","HOTBOX FARMS LLC","RECREATIONAL WHOLESALER","No","2026-06-29","2027-06-28",,,"Exempt from Public Disclosure","Malheur",,,"Medical Marijuana Wholesaler"
"060-1022951F0AC","Williams Wonder Farms","WJ HOLDINGS LLC","RECREATIONAL WHOLESALER","No","2026-08-03","2027-03-13",,,"Exempt from Public Disclosure","Josephine",,,
"060-10164750CC2","MCCM Scientific LLC ","MCCM SCIENTIFIC LLC","RECREATIONAL WHOLESALER","Yes","2025-05-19","2026-05-18",,,"Exempt from Public Disclosure","Multnomah",,,
"060-1023743F071","Uku Oregon, LLC","UKU OREGON, LLC","RECREATIONAL WHOLESALER","Yes","2023-04-05","2024-04-04",,,"Exempt from Public Disclosure","Wasco",,,
"060-10166702BF7","Cream","CREAM MANAGEMENT LLC","RECREATIONAL WHOLESALER","No","2026-04-05","2027-04-04",,,"Exempt from Public Disclosure","Clackamas",,,"Medical Marijuana Wholesaler"
"060-10245279135","Protege Wholesale","PROTEGE WHOLESALE LLC","RECREATIONAL WHOLESALER","No","2025-09-06","2026-09-05",,,"Exempt from Public Disclosure","Multnomah",,,
"060-1016699A883","Fire Dept Cannabis ","BROADWAY PROJECT, INC.","RECREATIONAL WHOLESALER","Yes","2026-03-25","2026-12-05","2026-03-25",,"Exempt from Public Disclosure","Multnomah",,,"Medical Marijuana Wholesaler"
"060-10253625A87","Golden Grail","APCO, LLC","RECREATIONAL WHOLESALER","No","2026-05-07","2026-12-25",,,"Exempt from Public Disclosure","Multnomah",,,
"060-10171701C1F","Farmer Ken's","LITTLE OAK, INC","RECREATIONAL WHOLESALER","Yes","2025-06-12","2025-06-20","2025-06-12",,"Exempt from Public Disclosure","Lincoln",,,
"060-1017369D6D3","ANM Wholesaler 2","ANM WHOLESALE 2 LLC","RECREATIONAL WHOLESALER","Yes","2024-11-07","2024-08-05","2024-11-07",,"Exempt from Public Disclosure","Lane",,,
"060-10255682893","Piff Stixs","MONYA VENTURES LLC","RECREATIONAL WHOLESALER","No","2026-08-17","2026-12-19",,,"Exempt from Public Disclosure","Linn",,,
"060-101799964E4","Third Time Is A Charm LLC","THIRD TIME IS A CHARM LLC","RECREATIONAL WHOLESALER","Yes","2025-01-02","2025-11-15","2025-01-02",,"Exempt from Public Disclosure","Jackson",,,
"060-13895","State of Mind","STATE OF MIND LLC","RECREATIONAL WHOLESALER","Yes","2026-03-18","2026-05-14",,,"Exempt from Public Disclosure","Jackson",,,"Medical Marijuana Wholesaler"
"060-1018581A34C","ANM PDX Wholesale 1","ANM, INC.","RECREATIONAL WHOLESALER","Yes","2024-04-08","2025-04-07",,,"Exempt from Public Disclosure","Multnomah",,,"Medical Marijuana Wholesaler"
"060-18976","W.O.D Distro","WESTERN OREGON DISPENSARY, INC.","RECREATIONAL WHOLESALER","No","2026-04-24","2026-09-15",,,"Exempt from Public Disclosure","Washington",,,"Medical Marijuana Wholesaler"
"060-21134","Reup Wholesale","MINT SOLUTIONS LLC","RECREATIONAL WHOLESALER","No","2025-11-15","2026-11-14",,,"Exempt from Public Disclosure","Washington",,,
"060-21316","Hoodview 2","HOODVIEW CANNABIS, INC.","RECREATIONAL WHOLESALER","No","2026-06-26","2026-11-18",,,"Exempt from Public Disclosure","Multnomah",,,
"060-21951","NEW INNOVATION INC","NEW INNOVATION INC","RECREATIONAL WHOLESALER","No","2025-12-11","2026-12-10",,,"Exempt from Public Disclosure","Washington",,,
"060-6029","Real Oregon","REAL OREGON INC","RECREATIONAL WHOLESALER","No","2026-10-07","2027-10-06",,,"Exempt from Public Disclosure","Jackson",,,
"060-10188880C02","Drops","DROPS, LLC","RECREATIONAL WHOLESALER","No","2026-05-20","2027-05-19",,,"Exempt from Public Disclosure","Clackamas",,,"Medical Marijuana Wholesaler"
"060-10190688A5B","PotLand","POTLAND OREGON, LLC","RECREATIONAL WHOLESALER","Yes","2024-11-21","2025-05-15","2024-11-21",,"Exempt from Public Disclosure","Multnomah",,,"Medical Marijuana Wholesaler"
"060-1021338187D","Avitas","AVITAS OREGON HOLDINGS LLC","RECREATIONAL WHOLESALER","No","2026-08-25","2027-08-14",,,"Exempt from Public Disclosure","Marion",,,
"060-102239267CE","Brophy Ranch","BROPHY RANCH LLC","RECREATIONAL WHOLESALER","No","2026-04-27","2026-10-04",,,"Exempt from Public Disclosure","Jackson",,,"Medical Marijuana Wholesaler"
"060-6387","Consolidated Holdings, LLC","CONSOLIDATED HOLDINGS, LLC","RECREATIONAL WHOLESALER","No","2026-05-27","2026-10-16",,,"Exempt from Public Disclosure","Jackson",,,"Medical Marijuana Wholesaler"
"060-7309","Disco","DSCO LLC","RECREATIONAL WHOLESALER","No","2025-11-12","2026-11-11",,,"Exempt from Public Disclosure","Multnomah",,,
"060-7654","Harmony Processing","HARMONY PROCESSING COMPANY LLC","RECREATIONAL WHOLESALER","No","2026-02-11","2026-11-20",,,"Exempt from Public Disclosure","Multnomah",,,"Medical Marijuana Wholesaler"
"060-1024733D309","Koru Cannabis Wholesale","ANDERSON TECHNOLOGY AND SUPPLY LLC","RECREATIONAL WHOLESALER","No","2026-08-02","2027-08-01",,,"Exempt from Public Disclosure","Washington",,,
"060-8651","NMW, LLC","NMW, LLC","RECREATIONAL WHOLESALER","No","2025-12-20","2026-12-19",,,"Exempt from Public Disclosure","Jackson",,,
"060-1025015CF01","Columbia Wholesale","COLUMBIA WHOLESALE, LLC","RECREATIONAL WHOLESALER","No","2025-10-25","2026-10-24",,,"Exempt from Public Disclosure","Josephine",,,
"060-10254122C66","Columbia Wholesale","COLUMBIA WHOLESALE, LLC","RECREATIONAL WHOLESALER","No","2026-03-11","2027-01-23",,,"Exempt from Public Disclosure","Jackson",,,
"060-12365","Pressure PDX","PRESSURE PDX LLC","RECREATIONAL WHOLESALER","No","2026-04-14","2027-04-13",,,"Exempt from Public Disclosure","Multnomah",,,
"060-14663","Greenside Cannabis Distribution","BURDETTES LEGACY LLC","RECREATIONAL WHOLESALER","No","2026-05-27","2027-06-01",,"01889505-5","Exempt from Public Disclosure","Marion",,,
"060-15057","Full Bloom Distribution ","FULL BLOOM DISTRIBUTION LLC","RECREATIONAL WHOLESALER","No","2026-06-10","2027-06-09",,,"Exempt from Public Disclosure","Washington",,,"Medical Marijuana Wholesaler"
"060-18110","Basecamp","SELF MADE FARMS, LLC","RECREATIONAL WHOLESALER","No","2026-08-22","2027-08-21",,,"Exempt from Public Disclosure","Jackson",,,"Medical Marijuana Wholesaler"
"060-24809","Imperial Plaza","PACIFIC NORTHWEST DISTRIBUTION COLLECTIVE LLC","RECREATIONAL WHOLESALER","No","2026-03-25","2027-03-24",,,"Exempt from Public Disclosure","Clackamas",,,
"060-28553","2730 Pleasant Valley Rd","GOLDEN HOOD LLC","RECREATIONAL WHOLESALER","No","2026-06-12","2027-06-11",,,"Exempt from Public Disclosure","Josephine",,,
"060-3732","East Fork Cultivars","EAST FORK AGRICULTURE, LLC","RECREATIONAL WHOLESALER","No","2026-06-13","2027-06-12",,,"Exempt from Public Disclosure","Multnomah",,,
"060-5453","Culture Distribution, Inc.","CULTURE DISTRIBUTION INC.","RECREATIONAL WHOLESALER","No","2026-06-01","2026-09-22",,,"Exempt from Public Disclosure","Multnomah",,,"Medical Marijuana Wholesaler"
"060-9995","SOFF Holdings","SOFF HOLDINGS LLC","RECREATIONAL WHOLESALER","No","2026-04-30","2027-02-06",,,"Exempt from Public Disclosure","Clackamas",,,"Medical Marijuana Wholesaler"
"330-1057377IHH","Vital Earth Farms LLC","VITAL EARTH FARMS LLC","HEMP HANDLER CERTIFICATE","Yes","2024-02-09","2025-02-08",,,"Exempt from Public Disclosure","Clackamas",,,
"330-1064324IHH","East Fork Hemp LLC","EAST FORK HEMP LLC","HEMP HANDLER CERTIFICATE","No","2025-08-31","2026-08-30",,,"Exempt from Public Disclosure","Clackamas",,,
"330-1073218IHH","Public Hemp Co LLC","PUBLIC HEMP CO LLC","HEMP HANDLER CERTIFICATE","No","2026-06-07","2027-06-06",,,"Exempt from Public Disclosure","Deschutes",,,
"330-1085252IHH","Integrated Holdings International Corp.","INTEGRATED HOLDINGS INTERNATIONAL CORP.","HEMP HANDLER CERTIFICATE","Yes","2023-09-22","2024-09-21",,,"Exempt from Public Disclosure","Clackamas",,,
"330-27629","Solida Labs","PERFECTA HERBAL EXTRACTS INC. ","HEMP HANDLER CERTIFICATE","No","2026-05-05","2027-05-04",,,"Exempt from Public Disclosure","Lane",,,
"330-3156","Sun God Medicinals","SUN BREEZE INC","HEMP HANDLER CERTIFICATE","Yes","2024-05-03","2025-04-08",,,"Exempt from Public Disclosure","Jackson",,,
"330-1083862IHH","Missionary Chocolates LLC","MISSIONARY CHOCOLATES LLC","HEMP HANDLER CERTIFICATE","Yes","2025-01-17","2026-01-16",,,"Exempt from Public Disclosure","Clackamas",,,
"330-1086960IHH","LFG1 INC","LFG1 INC","HEMP HANDLER CERTIFICATE","Yes","2023-07-13","2024-07-12",,,"Exempt from Public Disclosure","Clackamas",,,
"330-3614","Delta Alternatives","DELTA ALTERNATIVES LLC","HEMP HANDLER CERTIFICATE","Yes","2024-05-30","2025-05-29",,,"Exempt from Public Disclosure","Jackson",,,
